14:35:48 [INFO] __main__: ============================================================
14:35:48 [INFO] __main__:   市场跟踪周报自动化系统  |  2026-05-14
14:35:48 [INFO] __main__: ============================================================
14:35:48 [INFO] storage: 数据库初始化完成: output/market_data.db
14:35:48 [INFO] __main__: 模式: 全量运行（抓取 → 存储 → 图表 → 报告）
14:35:48 [INFO] __main__: 
──────────────────────────────────────────────────
14:35:48 [INFO] __main__: [Step 1/4] 数据抓取
14:35:48 [INFO] __main__: ──────────────────────────────────────────────────
14:35:48 [INFO] fetcher: ============================================================
14:35:48 [INFO] fetcher: 开始全量数据抓取...
14:35:48 [INFO] fetcher: ============================================================
14:35:48 [INFO] fetcher: [1/11] 抓取 A股宽基指数日线...
14:35:48 [INFO] fetcher:   抓取指数: 沪深300(000300)
14:35:49 [DEBUG] urllib3.connectionpool: Starting new HTTPS connection (1): 80.push2.eastmoney.com:443
14:35:50 [DEBUG] urllib3.connectionpool: https://80.push2.eastmoney.com:443 "GET /api/qt/clist/get?pn=1&pz=100&po=1&np=1&ut=bd1d9ddb04089700cf9c27f6f7426281&fltt=2&invt=2&fid=f3&fs=b%3AMK0010%2Cm%3A1%2Bt%3A1%2Cm%3A0+t%3A5%2Cm%3A1%2Bs%3A3%2Cm%3A0%2Bt%3A5%2Cm%3A2&fields=f3%2Cf12%2Cf13 HTTP/1.1" 200 None
14:35:51 [DEBUG] urllib3.connectionpool: Starting new HTTPS connection (1): 80.push2.eastmoney.com:443
14:35:51 [DEBUG] urllib3.connectionpool: https://80.push2.eastmoney.com:443 "GET /api/qt/clist/get?pn=2&pz=100&po=1&np=1&ut=bd1d9ddb04089700cf9c27f6f7426281&fltt=2&invt=2&fid=f3&fs=b%3AMK0010%2Cm%3A1%2Bt%3A1%2Cm%3A0+t%3A5%2Cm%3A1%2Bs%3A3%2Cm%3A0%2Bt%3A5%2Cm%3A2&fields=f3%2Cf12%2Cf13 HTTP/1.1" 200 None
14:35:52 [DEBUG] urllib3.connectionpool: Starting new HTTPS connection (1): 80.push2.eastmoney.com:443
14:35:53 [DEBUG] urllib3.connectionpool: https://80.push2.eastmoney.com:443 "GET /api/qt/clist/get?pn=3&pz=100&po=1&np=1&ut=bd1d9ddb04089700cf9c27f6f7426281&fltt=2&invt=2&fid=f3&fs=b%3AMK0010%2Cm%3A1%2Bt%3A1%2Cm%3A0+t%3A5%2Cm%3A1%2Bs%3A3%2Cm%3A0%2Bt%3A5%2Cm%3A2&fields=f3%2Cf12%2Cf13 HTTP/1.1" 200 None
14:35:53 [DEBUG] urllib3.connectionpool: Starting new HTTPS connection (1): 80.push2.eastmoney.com:443
14:35:54 [DEBUG] urllib3.connectionpool: https://80.push2.eastmoney.com:443 "GET /api/qt/clist/get?pn=4&pz=100&po=1&np=1&ut=bd1d9ddb04089700cf9c27f6f7426281&fltt=2&invt=2&fid=f3&fs=b%3AMK0010%2Cm%3A1%2Bt%3A1%2Cm%3A0+t%3A5%2Cm%3A1%2Bs%3A3%2Cm%3A0%2Bt%3A5%2Cm%3A2&fields=f3%2Cf12%2Cf13 HTTP/1.1" 200 None
14:35:55 [DEBUG] urllib3.connectionpool: Starting new HTTPS connection (1): 80.push2.eastmoney.com:443
14:35:55 [DEBUG] urllib3.connectionpool: https://80.push2.eastmoney.com:443 "GET /api/qt/clist/get?pn=5&pz=100&po=1&np=1&ut=bd1d9ddb04089700cf9c27f6f7426281&fltt=2&invt=2&fid=f3&fs=b%3AMK0010%2Cm%3A1%2Bt%3A1%2Cm%3A0+t%3A5%2Cm%3A1%2Bs%3A3%2Cm%3A0%2Bt%3A5%2Cm%3A2&fields=f3%2Cf12%2Cf13 HTTP/1.1" 200 None
14:35:56 [DEBUG] urllib3.connectionpool: Starting new HTTPS connection (1): 80.push2.eastmoney.com:443
14:35:59 [DEBUG] urllib3.connectionpool: Starting new HTTPS connection (1): 80.push2.eastmoney.com:443
14:36:00 [DEBUG] urllib3.connectionpool: https://80.push2.eastmoney.com:443 "GET /api/qt/clist/get?pn=6&pz=100&po=1&np=1&ut=bd1d9ddb04089700cf9c27f6f7426281&fltt=2&invt=2&fid=f3&fs=b%3AMK0010%2Cm%3A1%2Bt%3A1%2Cm%3A0+t%3A5%2Cm%3A1%2Bs%3A3%2Cm%3A0%2Bt%3A5%2Cm%3A2&fields=f3%2Cf12%2Cf13 HTTP/1.1" 200 None
14:36:01 [DEBUG] urllib3.connectionpool: Starting new HTTPS connection (1): 80.push2.eastmoney.com:443
14:36:02 [DEBUG] urllib3.connectionpool: https://80.push2.eastmoney.com:443 "GET /api/qt/clist/get?pn=7&pz=100&po=1&np=1&ut=bd1d9ddb04089700cf9c27f6f7426281&fltt=2&invt=2&fid=f3&fs=b%3AMK0010%2Cm%3A1%2Bt%3A1%2Cm%3A0+t%3A5%2Cm%3A1%2Bs%3A3%2Cm%3A0%2Bt%3A5%2Cm%3A2&fields=f3%2Cf12%2Cf13 HTTP/1.1" 200 None
14:36:02 [DEBUG] urllib3.connectionpool: Starting new HTTPS connection (1): 80.push2.eastmoney.com:443
14:36:03 [DEBUG] urllib3.connectionpool: https://80.push2.eastmoney.com:443 "GET /api/qt/clist/get?pn=8&pz=100&po=1&np=1&ut=bd1d9ddb04089700cf9c27f6f7426281&fltt=2&invt=2&fid=f3&fs=b%3AMK0010%2Cm%3A1%2Bt%3A1%2Cm%3A0+t%3A5%2Cm%3A1%2Bs%3A3%2Cm%3A0%2Bt%3A5%2Cm%3A2&fields=f3%2Cf12%2Cf13 HTTP/1.1" 200 None
14:36:04 [DEBUG] urllib3.connectionpool: Starting new HTTPS connection (1): 80.push2.eastmoney.com:443
14:36:04 [DEBUG] urllib3.connectionpool: https://80.push2.eastmoney.com:443 "GET /api/qt/clist/get?pn=9&pz=100&po=1&np=1&ut=bd1d9ddb04089700cf9c27f6f7426281&fltt=2&invt=2&fid=f3&fs=b%3AMK0010%2Cm%3A1%2Bt%3A1%2Cm%3A0+t%3A5%2Cm%3A1%2Bs%3A3%2Cm%3A0%2Bt%3A5%2Cm%3A2&fields=f3%2Cf12%2Cf13 HTTP/1.1" 200 None
14:36:06 [DEBUG] urllib3.connectionpool: Starting new HTTPS connection (1): 80.push2.eastmoney.com:443
14:36:06 [DEBUG] urllib3.connectionpool: https://80.push2.eastmoney.com:443 "GET /api/qt/clist/get?pn=10&pz=100&po=1&np=1&ut=bd1d9ddb04089700cf9c27f6f7426281&fltt=2&invt=2&fid=f3&fs=b%3AMK0010%2Cm%3A1%2Bt%3A1%2Cm%3A0+t%3A5%2Cm%3A1%2Bs%3A3%2Cm%3A0%2Bt%3A5%2Cm%3A2&fields=f3%2Cf12%2Cf13 HTTP/1.1" 200 None
14:36:07 [DEBUG] urllib3.connectionpool: Starting new HTTPS connection (1): 80.push2.eastmoney.com:443
14:36:08 [DEBUG] urllib3.connectionpool: https://80.push2.eastmoney.com:443 "GET /api/qt/clist/get?pn=11&pz=100&po=1&np=1&ut=bd1d9ddb04089700cf9c27f6f7426281&fltt=2&invt=2&fid=f3&fs=b%3AMK0010%2Cm%3A1%2Bt%3A1%2Cm%3A0+t%3A5%2Cm%3A1%2Bs%3A3%2Cm%3A0%2Bt%3A5%2Cm%3A2&fields=f3%2Cf12%2Cf13 HTTP/1.1" 200 None
14:36:09 [DEBUG] urllib3.connectionpool: Starting new HTTPS connection (1): 80.push2.eastmoney.com:443
14:36:09 [DEBUG] urllib3.connectionpool: https://80.push2.eastmoney.com:443 "GET /api/qt/clist/get?pn=12&pz=100&po=1&np=1&ut=bd1d9ddb04089700cf9c27f6f7426281&fltt=2&invt=2&fid=f3&fs=b%3AMK0010%2Cm%3A1%2Bt%3A1%2Cm%3A0+t%3A5%2Cm%3A1%2Bs%3A3%2Cm%3A0%2Bt%3A5%2Cm%3A2&fields=f3%2Cf12%2Cf13 HTTP/1.1" 200 None
14:36:11 [DEBUG] urllib3.connectionpool: Starting new HTTPS connection (1): 80.push2.eastmoney.com:443
14:36:11 [DEBUG] urllib3.connectionpool: https://80.push2.eastmoney.com:443 "GET /api/qt/clist/get?pn=13&pz=100&po=1&np=1&ut=bd1d9ddb04089700cf9c27f6f7426281&fltt=2&invt=2&fid=f3&fs=b%3AMK0010%2Cm%3A1%2Bt%3A1%2Cm%3A0+t%3A5%2Cm%3A1%2Bs%3A3%2Cm%3A0%2Bt%3A5%2Cm%3A2&fields=f3%2Cf12%2Cf13 HTTP/1.1" 200 None
14:36:12 [DEBUG] urllib3.connectionpool: Starting new HTTPS connection (1): 80.push2.eastmoney.com:443
14:36:13 [DEBUG] urllib3.connectionpool: https://80.push2.eastmoney.com:443 "GET /api/qt/clist/get?pn=14&pz=100&po=1&np=1&ut=bd1d9ddb04089700cf9c27f6f7426281&fltt=2&invt=2&fid=f3&fs=b%3AMK0010%2Cm%3A1%2Bt%3A1%2Cm%3A0+t%3A5%2Cm%3A1%2Bs%3A3%2Cm%3A0%2Bt%3A5%2Cm%3A2&fields=f3%2Cf12%2Cf13 HTTP/1.1" 200 None
14:36:13 [DEBUG] urllib3.connectionpool: Starting new HTTPS connection (1): 80.push2.eastmoney.com:443
14:36:14 [DEBUG] urllib3.connectionpool: https://80.push2.eastmoney.com:443 "GET /api/qt/clist/get?pn=15&pz=100&po=1&np=1&ut=bd1d9ddb04089700cf9c27f6f7426281&fltt=2&invt=2&fid=f3&fs=b%3AMK0010%2Cm%3A1%2Bt%3A1%2Cm%3A0+t%3A5%2Cm%3A1%2Bs%3A3%2Cm%3A0%2Bt%3A5%2Cm%3A2&fields=f3%2Cf12%2Cf13 HTTP/1.1" 200 None
14:36:15 [DEBUG] urllib3.connectionpool: Starting new HTTPS connection (1): 80.push2.eastmoney.com:443
14:36:15 [DEBUG] urllib3.connectionpool: https://80.push2.eastmoney.com:443 "GET /api/qt/clist/get?pn=16&pz=100&po=1&np=1&ut=bd1d9ddb04089700cf9c27f6f7426281&fltt=2&invt=2&fid=f3&fs=b%3AMK0010%2Cm%3A1%2Bt%3A1%2Cm%3A0+t%3A5%2Cm%3A1%2Bs%3A3%2Cm%3A0%2Bt%3A5%2Cm%3A2&fields=f3%2Cf12%2Cf13 HTTP/1.1" 200 None
14:36:16 [DEBUG] urllib3.connectionpool: Starting new HTTPS connection (1): 80.push2.eastmoney.com:443
14:36:16 [DEBUG] urllib3.connectionpool: https://80.push2.eastmoney.com:443 "GET /api/qt/clist/get?pn=17&pz=100&po=1&np=1&ut=bd1d9ddb04089700cf9c27f6f7426281&fltt=2&invt=2&fid=f3&fs=b%3AMK0010%2Cm%3A1%2Bt%3A1%2Cm%3A0+t%3A5%2Cm%3A1%2Bs%3A3%2Cm%3A0%2Bt%3A5%2Cm%3A2&fields=f3%2Cf12%2Cf13 HTTP/1.1" 200 None
14:36:17 [DEBUG] urllib3.connectionpool: Starting new HTTPS connection (1): 80.push2.eastmoney.com:443
14:36:17 [DEBUG] urllib3.connectionpool: https://80.push2.eastmoney.com:443 "GET /api/qt/clist/get?pn=18&pz=100&po=1&np=1&ut=bd1d9ddb04089700cf9c27f6f7426281&fltt=2&invt=2&fid=f3&fs=b%3AMK0010%2Cm%3A1%2Bt%3A1%2Cm%3A0+t%3A5%2Cm%3A1%2Bs%3A3%2Cm%3A0%2Bt%3A5%2Cm%3A2&fields=f3%2Cf12%2Cf13 HTTP/1.1" 200 None
14:36:17 [DEBUG] urllib3.connectionpool: Starting new HTTPS connection (1): push2his.eastmoney.com:443
14:36:18 [DEBUG] urllib3.connectionpool: https://push2his.eastmoney.com:443 "GET /api/qt/stock/kline/get?secid=1.000300&ut=7eea3edcaed734bea9cbfc24409ed989&fields1=f1%2Cf2%2Cf3%2Cf4%2Cf5%2Cf6&fields2=f51%2Cf52%2Cf53%2Cf54%2Cf55%2Cf56%2Cf57%2Cf58%2Cf59%2Cf60%2Cf61&klt=101&fqt=0&beg=0&end=20500000 HTTP/1.1" 200 191139
14:36:18 [INFO] fetcher:   抓取指数: 上证50(000016)
14:36:20 [DEBUG] urllib3.connectionpool: Starting new HTTPS connection (1): push2his.eastmoney.com:443
14:36:20 [DEBUG] urllib3.connectionpool: https://push2his.eastmoney.com:443 "GET /api/qt/stock/kline/get?secid=1.000016&ut=7eea3edcaed734bea9cbfc24409ed989&fields1=f1%2Cf2%2Cf3%2Cf4%2Cf5%2Cf6&fields2=f51%2Cf52%2Cf53%2Cf54%2Cf55%2Cf56%2Cf57%2Cf58%2Cf59%2Cf60%2Cf61&klt=101&fqt=0&beg=0&end=20500000 HTTP/1.1" 200 191241
14:36:20 [INFO] fetcher:   抓取指数: 中证500(000905)
14:36:22 [DEBUG] urllib3.connectionpool: Starting new HTTPS connection (1): push2his.eastmoney.com:443
14:36:22 [DEBUG] urllib3.connectionpool: https://push2his.eastmoney.com:443 "GET /api/qt/stock/kline/get?secid=1.000905&ut=7eea3edcaed734bea9cbfc24409ed989&fields1=f1%2Cf2%2Cf3%2Cf4%2Cf5%2Cf6&fields2=f51%2Cf52%2Cf53%2Cf54%2Cf55%2Cf56%2Cf57%2Cf58%2Cf59%2Cf60%2Cf61&klt=101&fqt=0&beg=0&end=20500000 HTTP/1.1" 200 192224
14:36:22 [INFO] fetcher:   抓取指数: 中证1000(000852)
14:36:25 [DEBUG] urllib3.connectionpool: Starting new HTTPS connection (1): push2his.eastmoney.com:443
14:36:25 [DEBUG] urllib3.connectionpool: https://push2his.eastmoney.com:443 "GET /api/qt/stock/kline/get?secid=1.000852&ut=7eea3edcaed734bea9cbfc24409ed989&fields1=f1%2Cf2%2Cf3%2Cf4%2Cf5%2Cf6&fields2=f51%2Cf52%2Cf53%2Cf54%2Cf55%2Cf56%2Cf57%2Cf58%2Cf59%2Cf60%2Cf61&klt=101&fqt=0&beg=0&end=20500000 HTTP/1.1" 200 193033
14:36:26 [INFO] fetcher:   抓取指数: 中证2000(932000)
14:36:27 [DEBUG] urllib3.connectionpool: Starting new HTTPS connection (1): push2his.eastmoney.com:443
14:36:27 [DEBUG] urllib3.connectionpool: https://push2his.eastmoney.com:443 "GET /api/qt/stock/kline/get?secid=2.932000&ut=7eea3edcaed734bea9cbfc24409ed989&fields1=f1%2Cf2%2Cf3%2Cf4%2Cf5%2Cf6&fields2=f51%2Cf52%2Cf53%2Cf54%2Cf55%2Cf56%2Cf57%2Cf58%2Cf59%2Cf60%2Cf61&klt=101&fqt=0&beg=0&end=20500000 HTTP/1.1" 200 98991
14:36:28 [INFO] fetcher:   抓取指数: 创业板50(399673)
14:36:29 [DEBUG] urllib3.connectionpool: Starting new HTTPS connection (1): push2his.eastmoney.com:443
14:36:30 [DEBUG] urllib3.connectionpool: https://push2his.eastmoney.com:443 "GET /api/qt/stock/kline/get?secid=0.399673&ut=7eea3edcaed734bea9cbfc24409ed989&fields1=f1%2Cf2%2Cf3%2Cf4%2Cf5%2Cf6&fields2=f51%2Cf52%2Cf53%2Cf54%2Cf55%2Cf56%2Cf57%2Cf58%2Cf59%2Cf60%2Cf61&klt=101&fqt=0&beg=0&end=20500000 HTTP/1.1" 200 106034
14:36:30 [INFO] fetcher:   抓取指数: 科创50(000688)
14:36:33 [DEBUG] urllib3.connectionpool: Starting new HTTPS connection (1): push2his.eastmoney.com:443
14:36:33 [DEBUG] urllib3.connectionpool: https://push2his.eastmoney.com:443 "GET /api/qt/stock/kline/get?secid=1.000688&ut=7eea3edcaed734bea9cbfc24409ed989&fields1=f1%2Cf2%2Cf3%2Cf4%2Cf5%2Cf6&fields2=f51%2Cf52%2Cf53%2Cf54%2Cf55%2Cf56%2Cf57%2Cf58%2Cf59%2Cf60%2Cf61&klt=101&fqt=0&beg=0&end=20500000 HTTP/1.1" 200 54355
14:36:33 [INFO] fetcher:   抓取指数: 北证50(899050)
14:36:35 [DEBUG] urllib3.connectionpool: Starting new HTTPS connection (1): push2his.eastmoney.com:443
14:36:35 [ERROR] fetcher: fetch_index_daily 899050 失败: HTTPSConnectionPool(host='push2his.eastmoney.com', port=443): Max retries exceeded with url: /api/qt/stock/kline/get?secid=0.899050&ut=7eea3edcaed734bea9cbfc24409ed989&fields1=f1%2Cf2%2Cf3%2Cf4%2Cf5%2Cf6&fields2=f51%2Cf52%2Cf53%2Cf54%2Cf55%2Cf56%2Cf57%2Cf58%2Cf59%2Cf60%2Cf61&klt=101&fqt=0&beg=0&end=20500000 (Caused by ProxyError('Unable to connect to proxy', RemoteDisconnected('Remote end closed connection without response')))
14:36:35 [INFO] fetcher:   抓取指数: 万得全A(000985)
14:36:36 [DEBUG] urllib3.connectionpool: Starting new HTTPS connection (1): push2his.eastmoney.com:443
14:36:37 [DEBUG] urllib3.connectionpool: https://push2his.eastmoney.com:443 "GET /api/qt/stock/kline/get?secid=1.000985&ut=7eea3edcaed734bea9cbfc24409ed989&fields1=f1%2Cf2%2Cf3%2Cf4%2Cf5%2Cf6&fields2=f51%2Cf52%2Cf53%2Cf54%2Cf55%2Cf56%2Cf57%2Cf58%2Cf59%2Cf60%2Cf61&klt=101&fqt=0&beg=0&end=20500000 HTTP/1.1" 200 134591
14:36:37 [INFO] fetcher:   抓取指数: 中证红利(000922)
14:36:39 [DEBUG] urllib3.connectionpool: Starting new HTTPS connection (1): push2his.eastmoney.com:443
14:36:40 [DEBUG] urllib3.connectionpool: https://push2his.eastmoney.com:443 "GET /api/qt/stock/kline/get?secid=1.000922&ut=7eea3edcaed734bea9cbfc24409ed989&fields1=f1%2Cf2%2Cf3%2Cf4%2Cf5%2Cf6&fields2=f51%2Cf52%2Cf53%2Cf54%2Cf55%2Cf56%2Cf57%2Cf58%2Cf59%2Cf60%2Cf61&klt=101&fqt=0&beg=0&end=20500000 HTTP/1.1" 200 154086
14:36:40 [INFO] fetcher:   抓取指数: 科创100(000698)
14:36:41 [DEBUG] urllib3.connectionpool: Starting new HTTPS connection (1): push2his.eastmoney.com:443
14:36:42 [DEBUG] urllib3.connectionpool: https://push2his.eastmoney.com:443 "GET /api/qt/stock/kline/get?secid=1.000698&ut=7eea3edcaed734bea9cbfc24409ed989&fields1=f1%2Cf2%2Cf3%2Cf4%2Cf5%2Cf6&fields2=f51%2Cf52%2Cf53%2Cf54%2Cf55%2Cf56%2Cf57%2Cf58%2Cf59%2Cf60%2Cf61&klt=101&fqt=0&beg=0&end=20500000 HTTP/1.1" 200 53630
14:36:42 [INFO] fetcher: [2/11] 抓取 指数PE/PB估值...
14:36:45 [ERROR] fetcher: fetch_index_valuation 失败: module 'akshare' has no attribute 'index_value_name_funddb'
14:36:45 [INFO] fetcher: [3/11] 抓取 宽基ETF净流入...
14:36:45 [INFO] fetcher:   抓取ETF: 上证50ETF(510050)
14:36:47 [DEBUG] urllib3.connectionpool: Starting new HTTPS connection (1): push2his.eastmoney.com:443
14:36:47 [DEBUG] urllib3.connectionpool: https://push2his.eastmoney.com:443 "GET /api/qt/stock/kline/get?fields1=f1%2Cf2%2Cf3%2Cf4%2Cf5%2Cf6&fields2=f51%2Cf52%2Cf53%2Cf54%2Cf55%2Cf56%2Cf57%2Cf58%2Cf59%2Cf60%2Cf61%2Cf116&ut=7eea3edcaed734bea9cbfc24409ed989&klt=101&fqt=0&beg=20260315&end=20260514&secid=1.510050 HTTP/1.1" 200 None
14:36:47 [INFO] fetcher:   抓取ETF: 沪深300ETF(510300)
14:36:50 [DEBUG] urllib3.connectionpool: Starting new HTTPS connection (1): push2his.eastmoney.com:443
14:36:50 [DEBUG] urllib3.connectionpool: https://push2his.eastmoney.com:443 "GET /api/qt/stock/kline/get?fields1=f1%2Cf2%2Cf3%2Cf4%2Cf5%2Cf6&fields2=f51%2Cf52%2Cf53%2Cf54%2Cf55%2Cf56%2Cf57%2Cf58%2Cf59%2Cf60%2Cf61%2Cf116&ut=7eea3edcaed734bea9cbfc24409ed989&klt=101&fqt=0&beg=20260315&end=20260514&secid=1.510300 HTTP/1.1" 200 None
14:36:50 [INFO] fetcher:   抓取ETF: 中证500ETF(510500)
14:36:53 [DEBUG] urllib3.connectionpool: Starting new HTTPS connection (1): push2his.eastmoney.com:443
14:36:53 [ERROR] fetcher: _fetch_etf_flow_fallback 510500 失败: HTTPSConnectionPool(host='push2his.eastmoney.com', port=443): Max retries exceeded with url: /api/qt/stock/kline/get?fields1=f1%2Cf2%2Cf3%2Cf4%2Cf5%2Cf6&fields2=f51%2Cf52%2Cf53%2Cf54%2Cf55%2Cf56%2Cf57%2Cf58%2Cf59%2Cf60%2Cf61%2Cf116&ut=7eea3edcaed734bea9cbfc24409ed989&klt=101&fqt=0&beg=20260315&end=20260514&secid=1.510500 (Caused by ProxyError('Unable to connect to proxy', RemoteDisconnected('Remote end closed connection without response')))
14:36:53 [INFO] fetcher:   抓取ETF: 中证1000ETF(512100)
14:36:54 [DEBUG] urllib3.connectionpool: Starting new HTTPS connection (1): push2his.eastmoney.com:443
14:36:55 [DEBUG] urllib3.connectionpool: https://push2his.eastmoney.com:443 "GET /api/qt/stock/kline/get?fields1=f1%2Cf2%2Cf3%2Cf4%2Cf5%2Cf6&fields2=f51%2Cf52%2Cf53%2Cf54%2Cf55%2Cf56%2Cf57%2Cf58%2Cf59%2Cf60%2Cf61%2Cf116&ut=7eea3edcaed734bea9cbfc24409ed989&klt=101&fqt=0&beg=20260315&end=20260514&secid=1.512100 HTTP/1.1" 200 None
14:36:55 [INFO] fetcher:   抓取ETF: 中证2000ETF(563300)
14:36:57 [DEBUG] urllib3.connectionpool: Starting new HTTPS connection (1): push2his.eastmoney.com:443
14:36:57 [ERROR] fetcher: _fetch_etf_flow_fallback 563300 失败: HTTPSConnectionPool(host='push2his.eastmoney.com', port=443): Max retries exceeded with url: /api/qt/stock/kline/get?fields1=f1%2Cf2%2Cf3%2Cf4%2Cf5%2Cf6&fields2=f51%2Cf52%2Cf53%2Cf54%2Cf55%2Cf56%2Cf57%2Cf58%2Cf59%2Cf60%2Cf61%2Cf116&ut=7eea3edcaed734bea9cbfc24409ed989&klt=101&fqt=0&beg=20260315&end=20260514&secid=1.563300 (Caused by ProxyError('Unable to connect to proxy', RemoteDisconnected('Remote end closed connection without response')))
14:36:57 [INFO] fetcher:   抓取ETF: 创业板ETF(159915)
14:37:00 [DEBUG] urllib3.connectionpool: Starting new HTTPS connection (1): push2his.eastmoney.com:443
14:37:00 [ERROR] fetcher: _fetch_etf_flow_fallback 159915 失败: HTTPSConnectionPool(host='push2his.eastmoney.com', port=443): Max retries exceeded with url: /api/qt/stock/kline/get?fields1=f1%2Cf2%2Cf3%2Cf4%2Cf5%2Cf6&fields2=f51%2Cf52%2Cf53%2Cf54%2Cf55%2Cf56%2Cf57%2Cf58%2Cf59%2Cf60%2Cf61%2Cf116&ut=7eea3edcaed734bea9cbfc24409ed989&klt=101&fqt=0&beg=20260315&end=20260514&secid=0.159915 (Caused by ProxyError('Unable to connect to proxy', RemoteDisconnected('Remote end closed connection without response')))
14:37:00 [INFO] fetcher:   抓取ETF: 科创50ETF(588000)
14:37:02 [DEBUG] urllib3.connectionpool: Starting new HTTPS connection (1): push2his.eastmoney.com:443
14:37:03 [ERROR] fetcher: _fetch_etf_flow_fallback 588000 失败: HTTPSConnectionPool(host='push2his.eastmoney.com', port=443): Max retries exceeded with url: /api/qt/stock/kline/get?fields1=f1%2Cf2%2Cf3%2Cf4%2Cf5%2Cf6&fields2=f51%2Cf52%2Cf53%2Cf54%2Cf55%2Cf56%2Cf57%2Cf58%2Cf59%2Cf60%2Cf61%2Cf116&ut=7eea3edcaed734bea9cbfc24409ed989&klt=101&fqt=0&beg=20260315&end=20260514&secid=1.588000 (Caused by ProxyError('Unable to connect to proxy', RemoteDisconnected('Remote end closed connection without response')))
14:37:03 [INFO] fetcher: [4/11] 抓取 申万行业板块...
14:37:05 [DEBUG] urllib3.connectionpool: Starting new HTTPS connection (1): 17.push2.eastmoney.com:443
14:37:10 [DEBUG] urllib3.connectionpool: Starting new HTTPS connection (1): 17.push2.eastmoney.com:443
14:37:15 [DEBUG] urllib3.connectionpool: Starting new HTTPS connection (1): 17.push2.eastmoney.com:443
14:37:17 [ERROR] fetcher: fetch_industry_performance 失败: HTTPSConnectionPool(host='17.push2.eastmoney.com', port=443): Max retries exceeded with url: /api/qt/clist/get?pn=1&pz=100&po=1&np=1&ut=bd1d9ddb04089700cf9c27f6f7426281&fltt=2&invt=2&fid=f3&fs=m%3A90+t%3A2+f%3A%2150&fields=f1%2Cf2%2Cf3%2Cf4%2Cf5%2Cf6%2Cf7%2Cf8%2Cf9%2Cf10%2Cf12%2Cf13%2Cf14%2Cf15%2Cf16%2Cf17%2Cf18%2Cf20%2Cf21%2Cf23%2Cf24%2Cf25%2Cf26%2Cf22%2Cf33%2Cf11%2Cf62%2Cf128%2Cf136%2Cf115%2Cf152%2Cf124%2Cf107%2Cf104%2Cf105%2Cf140%2Cf141%2Cf207%2Cf208%2Cf209%2Cf222 (Caused by ProxyError('Unable to connect to proxy', RemoteDisconnected('Remote end closed connection without response')))
14:37:17 [INFO] fetcher: [5/11] 抓取 可转债市场...
14:37:19 [DEBUG] urllib3.connectionpool: Starting new HTTPS connection (1): push2his.eastmoney.com:443
14:37:20 [DEBUG] urllib3.connectionpool: https://push2his.eastmoney.com:443 "GET /api/qt/stock/kline/get?secid=1.000832&ut=7eea3edcaed734bea9cbfc24409ed989&fields1=f1%2Cf2%2Cf3%2Cf4%2Cf5%2Cf6&fields2=f51%2Cf52%2Cf53%2Cf54%2Cf55%2Cf56%2Cf57%2Cf58%2Cf59%2Cf60%2Cf61&klt=101&fqt=0&beg=0&end=20500000 HTTP/1.1" 200 98421
14:37:23 [DEBUG] urllib3.connectionpool: Starting new HTTPS connection (1): datacenter-web.eastmoney.com:443
14:37:23 [DEBUG] urllib3.connectionpool: https://datacenter-web.eastmoney.com:443 "GET /api/data/get?sty=ALL&token=894050c76af8597a853f5b408b759f5d&st=date&sr=1&source=WEB&type=RPTA_WEB_KZZ_LS&filter=%28zcode%3D%22113527%22%29&p=1&ps=8000 HTTP/1.1" 200 None
14:37:23 [INFO] fetcher: [6/11] 抓取 海外市场...
14:37:25 [DEBUG] urllib3.connectionpool: Starting new HTTPS connection (1): 15.push2.eastmoney.com:443
14:37:29 [DEBUG] urllib3.connectionpool: Starting new HTTPS connection (1): 15.push2.eastmoney.com:443
14:37:33 [DEBUG] urllib3.connectionpool: Starting new HTTPS connection (1): 15.push2.eastmoney.com:443
14:37:35 [WARNING] fetcher:   HK指数 恒生指数 失败: HTTPSConnectionPool(host='15.push2.eastmoney.com', port=443): Max retries exceeded with url: /api/qt/clist/get?pn=1&pz=100&po=1&np=1&ut=bd1d9ddb04089700cf9c27f6f7426281&fltt=2&invt=2&wbp2u=%7C0%7C0%7C0%7Cweb&fid=f3&fs=m%3A124%2Cm%3A125%2Cm%3A305&fields=f1%2Cf2%2Cf3%2Cf4%2Cf5%2Cf6%2Cf7%2Cf8%2Cf9%2Cf10%2Cf12%2Cf13%2Cf14%2Cf15%2Cf16%2Cf17%2Cf18%2Cf20%2Cf21%2Cf23%2Cf24%2Cf25%2Cf26%2Cf22%2Cf33%2Cf11%2Cf62%2Cf128%2Cf136%2Cf115%2Cf152 (Caused by ProxyError('Unable to connect to proxy', RemoteDisconnected('Remote end closed connection without response')))
14:37:37 [DEBUG] urllib3.connectionpool: Starting new HTTPS connection (1): 15.push2.eastmoney.com:443
14:37:40 [DEBUG] urllib3.connectionpool: Starting new HTTPS connection (1): 15.push2.eastmoney.com:443
14:37:45 [DEBUG] urllib3.connectionpool: Starting new HTTPS connection (1): 15.push2.eastmoney.com:443
14:37:47 [WARNING] fetcher:   HK指数 恒生国企 失败: HTTPSConnectionPool(host='15.push2.eastmoney.com', port=443): Max retries exceeded with url: /api/qt/clist/get?pn=1&pz=100&po=1&np=1&ut=bd1d9ddb04089700cf9c27f6f7426281&fltt=2&invt=2&wbp2u=%7C0%7C0%7C0%7Cweb&fid=f3&fs=m%3A124%2Cm%3A125%2Cm%3A305&fields=f1%2Cf2%2Cf3%2Cf4%2Cf5%2Cf6%2Cf7%2Cf8%2Cf9%2Cf10%2Cf12%2Cf13%2Cf14%2Cf15%2Cf16%2Cf17%2Cf18%2Cf20%2Cf21%2Cf23%2Cf24%2Cf25%2Cf26%2Cf22%2Cf33%2Cf11%2Cf62%2Cf128%2Cf136%2Cf115%2Cf152 (Caused by ProxyError('Unable to connect to proxy', RemoteDisconnected('Remote end closed connection without response')))
14:37:49 [DEBUG] urllib3.connectionpool: Starting new HTTPS connection (1): 15.push2.eastmoney.com:443
14:37:52 [DEBUG] urllib3.connectionpool: Starting new HTTPS connection (1): 15.push2.eastmoney.com:443
14:37:57 [DEBUG] urllib3.connectionpool: Starting new HTTPS connection (1): 15.push2.eastmoney.com:443
14:37:59 [DEBUG] urllib3.connectionpool: https://15.push2.eastmoney.com:443 "GET /api/qt/clist/get?pn=1&pz=100&po=1&np=1&ut=bd1d9ddb04089700cf9c27f6f7426281&fltt=2&invt=2&wbp2u=%7C0%7C0%7C0%7Cweb&fid=f3&fs=m%3A124%2Cm%3A125%2Cm%3A305&fields=f1%2Cf2%2Cf3%2Cf4%2Cf5%2Cf6%2Cf7%2Cf8%2Cf9%2Cf10%2Cf12%2Cf13%2Cf14%2Cf15%2Cf16%2Cf17%2Cf18%2Cf20%2Cf21%2Cf23%2Cf24%2Cf25%2Cf26%2Cf22%2Cf33%2Cf11%2Cf62%2Cf128%2Cf136%2Cf115%2Cf152 HTTP/1.1" 302 0
14:37:59 [DEBUG] urllib3.connectionpool: Starting new HTTPS connection (1): 15.push2delay.eastmoney.com:443
14:38:00 [DEBUG] urllib3.connectionpool: https://15.push2delay.eastmoney.com:443 "GET /api/qt/clist/get?pn=1&pz=100&po=1&np=1&ut=bd1d9ddb04089700cf9c27f6f7426281&fltt=2&invt=2&wbp2u=%7C0%7C0%7C0%7Cweb&fid=f3&fs=m%3A124%2Cm%3A125%2Cm%3A305&fields=f1%2Cf2%2Cf3%2Cf4%2Cf5%2Cf6%2Cf7%2Cf8%2Cf9%2Cf10%2Cf12%2Cf13%2Cf14%2Cf15%2Cf16%2Cf17%2Cf18%2Cf20%2Cf21%2Cf23%2Cf24%2Cf25%2Cf26%2Cf22%2Cf33%2Cf11%2Cf62%2Cf128%2Cf136%2Cf115%2Cf152 HTTP/1.1" 200 7008
14:38:00 [DEBUG] urllib3.connectionpool: Starting new HTTPS connection (1): 15.push2.eastmoney.com:443
14:38:04 [DEBUG] urllib3.connectionpool: Starting new HTTPS connection (1): 15.push2.eastmoney.com:443
14:38:09 [DEBUG] urllib3.connectionpool: Starting new HTTPS connection (1): 15.push2.eastmoney.com:443
14:38:11 [WARNING] fetcher:   HK指数 恒生科技 失败: HTTPSConnectionPool(host='15.push2.eastmoney.com', port=443): Max retries exceeded with url: /api/qt/clist/get?pn=2&pz=100&po=1&np=1&ut=bd1d9ddb04089700cf9c27f6f7426281&fltt=2&invt=2&wbp2u=%7C0%7C0%7C0%7Cweb&fid=f3&fs=m%3A124%2Cm%3A125%2Cm%3A305&fields=f1%2Cf2%2Cf3%2Cf4%2Cf5%2Cf6%2Cf7%2Cf8%2Cf9%2Cf10%2Cf12%2Cf13%2Cf14%2Cf15%2Cf16%2Cf17%2Cf18%2Cf20%2Cf21%2Cf23%2Cf24%2Cf25%2Cf26%2Cf22%2Cf33%2Cf11%2Cf62%2Cf128%2Cf136%2Cf115%2Cf152 (Caused by ProxyError('Unable to connect to proxy', RemoteDisconnected('Remote end closed connection without response')))
14:38:14 [WARNING] fetcher:   US指数 道琼斯工业 失败: module 'akshare' has no attribute 'index_investing_global_hist'
14:38:15 [WARNING] fetcher:   US指数 纳斯达克 失败: module 'akshare' has no attribute 'index_investing_global_hist'
14:38:16 [WARNING] fetcher:   US指数 标普500 失败: module 'akshare' has no attribute 'index_investing_global_hist'
14:38:16 [INFO] fetcher: [7/11] 抓取 南华商品指数...
14:38:19 [WARNING] fetcher:   南华指数 南华贵金属指数 失败，尝试备用接口: '南华贵金属指数'
14:38:22 [ERROR] fetcher:   南华指数 南华贵金属指数 全部接口失败: module 'akshare' has no attribute 'index_value_hist_funddb'
14:38:23 [WARNING] fetcher:   南华指数 南华有色金属指数 失败，尝试备用接口: '南华有色金属指数'
14:38:25 [ERROR] fetcher:   南华指数 南华有色金属指数 全部接口失败: module 'akshare' has no attribute 'index_value_hist_funddb'
14:38:28 [WARNING] fetcher:   南华指数 南华黑色指数 失败，尝试备用接口: '南华黑色指数'
14:38:30 [ERROR] fetcher:   南华指数 南华黑色指数 全部接口失败: module 'akshare' has no attribute 'index_value_hist_funddb'
14:38:33 [WARNING] fetcher:   南华指数 南华工业品指数 失败，尝试备用接口: '南华工业品指数'
14:38:36 [ERROR] fetcher:   南华指数 南华工业品指数 全部接口失败: module 'akshare' has no attribute 'index_value_hist_funddb'
14:38:38 [WARNING] fetcher:   南华指数 南华农产品指数 失败，尝试备用接口: '南华农产品指数'
14:38:40 [ERROR] fetcher:   南华指数 南华农产品指数 全部接口失败: module 'akshare' has no attribute 'index_value_hist_funddb'
14:38:41 [WARNING] fetcher:   南华指数 南华能化指数 失败，尝试备用接口: '南华能化指数'
14:38:44 [ERROR] fetcher:   南华指数 南华能化指数 全部接口失败: module 'akshare' has no attribute 'index_value_hist_funddb'
14:38:44 [INFO] fetcher: [8/11] 抓取 市场情绪数据...
14:38:46 [DEBUG] urllib3.connectionpool: Starting new HTTPS connection (1): push2his.eastmoney.com:443
14:38:47 [ERROR] fetcher: fetch A股成交额失败: HTTPSConnectionPool(host='push2his.eastmoney.com', port=443): Max retries exceeded with url: /api/qt/stock/kline/get?secid=1.000985&ut=7eea3edcaed734bea9cbfc24409ed989&fields1=f1%2Cf2%2Cf3%2Cf4%2Cf5%2Cf6&fields2=f51%2Cf52%2Cf53%2Cf54%2Cf55%2Cf56%2Cf57%2Cf58%2Cf59%2Cf60%2Cf61&klt=101&fqt=0&beg=0&end=20500000 (Caused by ProxyError('Unable to connect to proxy', RemoteDisconnected('Remote end closed connection without response')))
14:38:49 [DEBUG] urllib3.connectionpool: Starting new HTTPS connection (1): datacenter-web.eastmoney.com:443
14:38:49 [DEBUG] urllib3.connectionpool: https://datacenter-web.eastmoney.com:443 "GET /api/data/v1/get?reportName=RPTA_WEB_MARGIN_DAILYTRADE&columns=ALL&pageNumber=1&pageSize=500&sortColumns=STATISTICS_DATE&sortTypes=-1&p=1&pageNo=1&pageNum=1 HTTP/1.1" 200 None
14:38:49 [DEBUG] urllib3.connectionpool: Starting new HTTPS connection (1): datacenter-web.eastmoney.com:443
14:38:49 [DEBUG] urllib3.connectionpool: https://datacenter-web.eastmoney.com:443 "GET /api/data/v1/get?reportName=RPTA_WEB_MARGIN_DAILYTRADE&columns=ALL&pageNumber=1&pageSize=500&sortColumns=STATISTICS_DATE&sortTypes=-1&p=1&pageNo=1&pageNum=1 HTTP/1.1" 200 None
14:38:50 [DEBUG] urllib3.connectionpool: Starting new HTTPS connection (1): datacenter-web.eastmoney.com:443
14:38:50 [DEBUG] urllib3.connectionpool: https://datacenter-web.eastmoney.com:443 "GET /api/data/v1/get?reportName=RPTA_WEB_MARGIN_DAILYTRADE&columns=ALL&pageNumber=2&pageSize=500&sortColumns=STATISTICS_DATE&sortTypes=-1&p=2&pageNo=2&pageNum=2 HTTP/1.1" 200 None
14:38:50 [DEBUG] urllib3.connectionpool: Starting new HTTPS connection (1): datacenter-web.eastmoney.com:443
14:38:50 [DEBUG] urllib3.connectionpool: https://datacenter-web.eastmoney.com:443 "GET /api/data/v1/get?reportName=RPTA_WEB_MARGIN_DAILYTRADE&columns=ALL&pageNumber=3&pageSize=500&sortColumns=STATISTICS_DATE&sortTypes=-1&p=3&pageNo=3&pageNum=3 HTTP/1.1" 200 None
14:38:50 [DEBUG] urllib3.connectionpool: Starting new HTTPS connection (1): datacenter-web.eastmoney.com:443
14:38:50 [DEBUG] urllib3.connectionpool: https://datacenter-web.eastmoney.com:443 "GET /api/data/v1/get?reportName=RPTA_WEB_MARGIN_DAILYTRADE&columns=ALL&pageNumber=4&pageSize=500&sortColumns=STATISTICS_DATE&sortTypes=-1&p=4&pageNo=4&pageNum=4 HTTP/1.1" 200 None
14:38:51 [DEBUG] urllib3.connectionpool: Starting new HTTPS connection (1): datacenter-web.eastmoney.com:443
14:38:51 [DEBUG] urllib3.connectionpool: https://datacenter-web.eastmoney.com:443 "GET /api/data/v1/get?reportName=RPTA_WEB_MARGIN_DAILYTRADE&columns=ALL&pageNumber=5&pageSize=500&sortColumns=STATISTICS_DATE&sortTypes=-1&p=5&pageNo=5&pageNum=5 HTTP/1.1" 200 None
14:38:51 [DEBUG] urllib3.connectionpool: Starting new HTTPS connection (1): datacenter-web.eastmoney.com:443
14:38:51 [DEBUG] urllib3.connectionpool: https://datacenter-web.eastmoney.com:443 "GET /api/data/v1/get?reportName=RPTA_WEB_MARGIN_DAILYTRADE&columns=ALL&pageNumber=6&pageSize=500&sortColumns=STATISTICS_DATE&sortTypes=-1&p=6&pageNo=6&pageNum=6 HTTP/1.1" 200 None
14:38:52 [DEBUG] urllib3.connectionpool: Starting new HTTPS connection (1): datacenter-web.eastmoney.com:443
14:38:52 [DEBUG] urllib3.connectionpool: https://datacenter-web.eastmoney.com:443 "GET /api/data/v1/get?reportName=RPTA_WEB_MARGIN_DAILYTRADE&columns=ALL&pageNumber=7&pageSize=500&sortColumns=STATISTICS_DATE&sortTypes=-1&p=7&pageNo=7&pageNum=7 HTTP/1.1" 200 None
14:38:52 [INFO] fetcher:   融资余额获取成功
14:38:55 [DEBUG] urllib3.connectionpool: Starting new HTTPS connection (1): legulegu.com:443
14:38:55 [DEBUG] urllib3.connectionpool: https://legulegu.com:443 "GET /stockdata/market-activity HTTP/1.1" 200 None
14:38:55 [INFO] fetcher:   市场活跃度获取成功
14:38:55 [INFO] fetcher: [9/11] 抓取 宏观高频数据...
14:38:57 [DEBUG] urllib3.connectionpool: Starting new HTTPS connection (1): stock2.finance.sina.com.cn:443
14:38:57 [DEBUG] urllib3.connectionpool: https://stock2.finance.sina.com.cn:443 "GET /futures/api/jsonp.php/var%20_V21052021_4_12=/InnerFuturesNewService.getDailyKLine?symbol=AU0&type=2021_04_12 HTTP/1.1" 200 None
14:38:57 [INFO] fetcher:   黄金期货获取成功
14:38:59 [DEBUG] urllib3.connectionpool: Starting new HTTPS connection (1): stock2.finance.sina.com.cn:443
14:38:59 [DEBUG] urllib3.connectionpool: https://stock2.finance.sina.com.cn:443 "GET /futures/api/jsonp.php/var%20_V21052021_4_12=/InnerFuturesNewService.getDailyKLine?symbol=SC0&type=2021_04_12 HTTP/1.1" 200 None
14:38:59 [INFO] fetcher:   原油期货获取成功
14:39:01 [WARNING] fetcher: 商品房成交失败: module 'akshare' has no attribute 'macro_china_real_estate_sales'
14:39:04 [WARNING] fetcher: 二手房指数失败: module 'akshare' has no attribute 'macro_china_second_hand_house_index'
14:39:06 [WARNING] fetcher: 乘用车销量失败: module 'akshare' has no attribute 'car_market_meco'
14:39:08 [WARNING] fetcher: 猪肉价格失败: module 'akshare' has no attribute 'macro_china_pork_price'
14:39:11 [WARNING] fetcher: 集装箱运价失败: module 'akshare' has no attribute 'index_investing_global'
14:39:11 [INFO] fetcher: [10/11] 抓取 AH溢价...
14:39:12 [DEBUG] urllib3.connectionpool: Starting new HTTPS connection (1): push2his.eastmoney.com:443
14:39:13 [DEBUG] urllib3.connectionpool: https://push2his.eastmoney.com:443 "GET /api/qt/stock/kline/get?secid=1.900905&ut=7eea3edcaed734bea9cbfc24409ed989&fields1=f1%2Cf2%2Cf3%2Cf4%2Cf5%2Cf6&fields2=f51%2Cf52%2Cf53%2Cf54%2Cf55%2Cf56%2Cf57%2Cf58%2Cf59%2Cf60%2Cf61&klt=101&fqt=0&beg=0&end=20500000 HTTP/1.1" 200 182342
14:39:13 [DEBUG] urllib3.connectionpool: Starting new HTTPS connection (1): push2his.eastmoney.com:443
14:39:14 [DEBUG] urllib3.connectionpool: https://push2his.eastmoney.com:443 "GET /api/qt/stock/kline/get?secid=1.900905&ut=7eea3edcaed734bea9cbfc24409ed989&fields1=f1%2Cf2%2Cf3%2Cf4%2Cf5%2Cf6&fields2=f51%2Cf52%2Cf53%2Cf54%2Cf55%2Cf56%2Cf57%2Cf58%2Cf59%2Cf60%2Cf61&klt=101&fqt=0&beg=0&end=20500000 HTTP/1.1" 200 182343
14:39:14 [INFO] fetcher: [11/11] 抓取 南向资金...
14:39:15 [WARNING] fetcher: 南向资金失败: module 'akshare' has no attribute 'stock_hsgt_south_money_sina'
14:39:15 [INFO] fetcher: ============================================================
14:39:15 [INFO] fetcher: 数据抓取完成！
14:39:15 [INFO] __main__: 
──────────────────────────────────────────────────
14:39:15 [INFO] __main__: [Step 2/4] 数据存储（SQLite）
14:39:15 [INFO] __main__: ──────────────────────────────────────────────────
14:39:15 [INFO] storage: 开始写入数据库...
14:39:15 [INFO] storage:   保存 index_daily: 2510 行
14:39:15 [INFO] storage:   保存 etf_daily: 120 行
14:39:15 [INFO] storage: 数据库写入完成。
14:39:15 [INFO] __main__: 
──────────────────────────────────────────────────
14:39:15 [INFO] __main__: [Step 3/4] 图表生成（matplotlib）
14:39:15 [INFO] __main__: ──────────────────────────────────────────────────
14:39:15 [INFO] charts: [图表1] 指数总览...
14:39:16 [DEBUG] matplotlib.pyplot: Loaded backend tkagg version 8.6.
14:39:16 [DEBUG] PIL.PngImagePlugin: STREAM b'IHDR' 16 13
14:39:16 [DEBUG] PIL.PngImagePlugin: STREAM b'sBIT' 41 4
14:39:16 [DEBUG] PIL.PngImagePlugin: b'sBIT' 41 4 (unknown)
14:39:16 [DEBUG] PIL.PngImagePlugin: STREAM b'pHYs' 57 9
14:39:16 [DEBUG] PIL.PngImagePlugin: STREAM b'IDAT' 78 1189
14:39:16 [DEBUG] PIL.PngImagePlugin: STREAM b'IHDR' 16 13
14:39:16 [DEBUG] PIL.PngImagePlugin: STREAM b'sBIT' 41 4
14:39:16 [DEBUG] PIL.PngImagePlugin: b'sBIT' 41 4 (unknown)
14:39:16 [DEBUG] PIL.PngImagePlugin: STREAM b'pHYs' 57 9
14:39:16 [DEBUG] PIL.PngImagePlugin: STREAM b'IDAT' 78 2994
14:39:16 [DEBUG] PIL.PngImagePlugin: STREAM b'IHDR' 16 13
14:39:16 [DEBUG] PIL.PngImagePlugin: STREAM b'sBIT' 41 4
14:39:16 [DEBUG] PIL.PngImagePlugin: b'sBIT' 41 4 (unknown)
14:39:16 [DEBUG] PIL.PngImagePlugin: STREAM b'pHYs' 57 9
14:39:16 [DEBUG] PIL.PngImagePlugin: STREAM b'IDAT' 78 696
14:39:16 [DEBUG] PIL.PngImagePlugin: STREAM b'IHDR' 16 13
14:39:16 [DEBUG] PIL.PngImagePlugin: STREAM b'sBIT' 41 4
14:39:16 [DEBUG] PIL.PngImagePlugin: b'sBIT' 41 4 (unknown)
14:39:16 [DEBUG] PIL.PngImagePlugin: STREAM b'pHYs' 57 9
14:39:16 [DEBUG] PIL.PngImagePlugin: STREAM b'IDAT' 78 526
14:39:16 [DEBUG] PIL.PngImagePlugin: STREAM b'IHDR' 16 13
14:39:16 [DEBUG] PIL.PngImagePlugin: STREAM b'sBIT' 41 4
14:39:16 [DEBUG] PIL.PngImagePlugin: b'sBIT' 41 4 (unknown)
14:39:16 [DEBUG] PIL.PngImagePlugin: STREAM b'pHYs' 57 9
14:39:16 [DEBUG] PIL.PngImagePlugin: STREAM b'IDAT' 78 499
14:39:16 [DEBUG] PIL.PngImagePlugin: STREAM b'IHDR' 16 13
14:39:16 [DEBUG] PIL.PngImagePlugin: STREAM b'sBIT' 41 4
14:39:16 [DEBUG] PIL.PngImagePlugin: b'sBIT' 41 4 (unknown)
14:39:16 [DEBUG] PIL.PngImagePlugin: STREAM b'pHYs' 57 9
14:39:16 [DEBUG] PIL.PngImagePlugin: STREAM b'IDAT' 78 673
14:39:16 [DEBUG] PIL.PngImagePlugin: STREAM b'IHDR' 16 13
14:39:16 [DEBUG] PIL.PngImagePlugin: STREAM b'sBIT' 41 4
14:39:16 [DEBUG] PIL.PngImagePlugin: b'sBIT' 41 4 (unknown)
14:39:16 [DEBUG] PIL.PngImagePlugin: STREAM b'pHYs' 57 9
14:39:16 [DEBUG] PIL.PngImagePlugin: STREAM b'IDAT' 78 922
14:39:16 [DEBUG] PIL.PngImagePlugin: STREAM b'IHDR' 16 13
14:39:16 [DEBUG] PIL.PngImagePlugin: STREAM b'sBIT' 41 4
14:39:16 [DEBUG] PIL.PngImagePlugin: b'sBIT' 41 4 (unknown)
14:39:16 [DEBUG] PIL.PngImagePlugin: STREAM b'pHYs' 57 9
14:39:16 [DEBUG] PIL.PngImagePlugin: STREAM b'IDAT' 78 568
14:39:16 [DEBUG] PIL.PngImagePlugin: STREAM b'IHDR' 16 13
14:39:16 [DEBUG] PIL.PngImagePlugin: STREAM b'sBIT' 41 4
14:39:16 [DEBUG] PIL.PngImagePlugin: b'sBIT' 41 4 (unknown)
14:39:16 [DEBUG] PIL.PngImagePlugin: STREAM b'pHYs' 57 9
14:39:16 [DEBUG] PIL.PngImagePlugin: STREAM b'IDAT' 78 626
14:39:16 [DEBUG] matplotlib.font_manager: findfont: Matching sans\-serif:style=normal:variant=normal:weight=normal:stretch=normal:size=10.0.
14:39:16 [DEBUG] matplotlib.font_manager: findfont: score(FontEntry(fname='C:\\Users\\Administrator\\AppData\\Local\\Programs\\Python\\Python313\\Lib\\site-packages\\matplotlib\\mpl-data\\fonts\\ttf\\STIXSizFourSymReg.ttf', name='STIXSizeFourSym', style='normal', variant='normal', weight=400, stretch='normal', size='scalable')) = 10.05
14:39:16 [DEBUG] matplotlib.font_manager: findfont: score(FontEntry(fname='C:\\Users\\Administrator\\AppData\\Local\\Programs\\Python\\Python313\\Lib\\site-packages\\matplotlib\\mpl-data\\fonts\\ttf\\DejaVuSans-Oblique.ttf', name='DejaVu Sans', style='oblique', variant='normal', weight=400, stretch='normal', size='scalable')) = 9.05
14:39:16 [DEBUG] matplotlib.font_manager: findfont: score(FontEntry(fname='C:\\Users\\Administrator\\AppData\\Local\\Programs\\Python\\Python313\\Lib\\site-packages\\matplotlib\\mpl-data\\fonts\\ttf\\STIXGeneral.ttf', name='STIXGeneral', style='normal', variant='normal', weight=400, stretch='normal', size='scalable')) = 10.05
14:39:16 [DEBUG] matplotlib.font_manager: findfont: score(FontEntry(fname='C:\\Users\\Administrator\\AppData\\Local\\Programs\\Python\\Python313\\Lib\\site-packages\\matplotlib\\mpl-data\\fonts\\ttf\\STIXSizTwoSymBol.ttf', name='STIXSizeTwoSym', style='normal', variant='normal', weight=700, stretch='normal', size='scalable')) = 10.335
14:39:16 [DEBUG] matplotlib.font_manager: findfont: score(FontEntry(fname='C:\\Users\\Administrator\\AppData\\Local\\Programs\\Python\\Python313\\Lib\\site-packages\\matplotlib\\mpl-data\\fonts\\ttf\\STIXSizTwoSymReg.ttf', name='STIXSizeTwoSym', style='normal', variant='normal', weight=400, stretch='normal', size='scalable')) = 10.05
14:39:16 [DEBUG] matplotlib.font_manager: findfont: score(FontEntry(fname='C:\\Users\\Administrator\\AppData\\Local\\Programs\\Python\\Python313\\Lib\\site-packages\\matplotlib\\mpl-data\\fonts\\ttf\\DejaVuSansDisplay.ttf', name='DejaVu Sans Display', style='normal', variant='normal', weight=400, stretch='normal', size='scalable')) = 10.05
14:39:16 [DEBUG] matplotlib.font_manager: findfont: score(FontEntry(fname='C:\\Users\\Administrator\\AppData\\Local\\Programs\\Python\\Python313\\Lib\\site-packages\\matplotlib\\mpl-data\\fonts\\ttf\\cmsy10.ttf', name='cmsy10', style='normal', variant='normal', weight=400, stretch='normal', size='scalable')) = 10.05
14:39:16 [DEBUG] matplotlib.font_manager: findfont: score(FontEntry(fname='C:\\Users\\Administrator\\AppData\\Local\\Programs\\Python\\Python313\\Lib\\site-packages\\matplotlib\\mpl-data\\fonts\\ttf\\cmss10.ttf', name='cmss10', style='normal', variant='normal', weight=400, stretch='normal', size='scalable')) = 10.05
14:39:16 [DEBUG] matplotlib.font_manager: findfont: score(FontEntry(fname='C:\\Users\\Administrator\\AppData\\Local\\Programs\\Python\\Python313\\Lib\\site-packages\\matplotlib\\mpl-data\\fonts\\ttf\\cmtt10.ttf', name='cmtt10', style='normal', variant='normal', weight=400, stretch='normal', size='scalable')) = 10.05
14:39:16 [DEBUG] matplotlib.font_manager: findfont: score(FontEntry(fname='C:\\Users\\Administrator\\AppData\\Local\\Programs\\Python\\Python313\\Lib\\site-packages\\matplotlib\\mpl-data\\fonts\\ttf\\STIXNonUniIta.ttf', name='STIXNonUnicode', style='italic', variant='normal', weight=400, stretch='normal', size='scalable')) = 11.05
14:39:16 [DEBUG] matplotlib.font_manager: findfont: score(FontEntry(fname='C:\\Users\\Administrator\\AppData\\Local\\Programs\\Python\\Python313\\Lib\\site-packages\\matplotlib\\mpl-data\\fonts\\ttf\\DejaVuSansMono.ttf', name='DejaVu Sans Mono', style='normal', variant='normal', weight=400, stretch='normal', size='scalable')) = 10.05
14:39:16 [DEBUG] matplotlib.font_manager: findfont: score(FontEntry(fname='C:\\Users\\Administrator\\AppData\\Local\\Programs\\Python\\Python313\\Lib\\site-packages\\matplotlib\\mpl-data\\fonts\\ttf\\STIXSizOneSymBol.ttf', name='STIXSizeOneSym', style='normal', variant='normal', weight=700, stretch='normal', size='scalable')) = 10.335
14:39:16 [DEBUG] matplotlib.font_manager: findfont: score(FontEntry(fname='C:\\Users\\Administrator\\AppData\\Local\\Programs\\Python\\Python313\\Lib\\site-packages\\matplotlib\\mpl-data\\fonts\\ttf\\STIXGeneralItalic.ttf', name='STIXGeneral', style='italic', variant='normal', weight=400, stretch='normal', size='scalable')) = 11.05
14:39:16 [DEBUG] matplotlib.font_manager: findfont: score(FontEntry(fname='C:\\Users\\Administrator\\AppData\\Local\\Programs\\Python\\Python313\\Lib\\site-packages\\matplotlib\\mpl-data\\fonts\\ttf\\STIXSizThreeSymReg.ttf', name='STIXSizeThreeSym', style='normal', variant='normal', weight=400, stretch='normal', size='scalable')) = 10.05
14:39:16 [DEBUG] matplotlib.font_manager: findfont: score(FontEntry(fname='C:\\Users\\Administrator\\AppData\\Local\\Programs\\Python\\Python313\\Lib\\site-packages\\matplotlib\\mpl-data\\fonts\\ttf\\STIXSizThreeSymBol.ttf', name='STIXSizeThreeSym', style='normal', variant='normal', weight=700, stretch='normal', size='scalable')) = 10.335
14:39:16 [DEBUG] matplotlib.font_manager: findfont: score(FontEntry(fname='C:\\Users\\Administrator\\AppData\\Local\\Programs\\Python\\Python313\\Lib\\site-packages\\matplotlib\\mpl-data\\fonts\\ttf\\DejaVuSerif-Bold.ttf', name='DejaVu Serif', style='normal', variant='normal', weight=700, stretch='normal', size='scalable')) = 10.335
14:39:16 [DEBUG] matplotlib.font_manager: findfont: score(FontEntry(fname='C:\\Users\\Administrator\\AppData\\Local\\Programs\\Python\\Python313\\Lib\\site-packages\\matplotlib\\mpl-data\\fonts\\ttf\\DejaVuSansMono-Oblique.ttf', name='DejaVu Sans Mono', style='oblique', variant='normal', weight=400, stretch='normal', size='scalable')) = 11.05
14:39:16 [DEBUG] matplotlib.font_manager: findfont: score(FontEntry(fname='C:\\Users\\Administrator\\AppData\\Local\\Programs\\Python\\Python313\\Lib\\site-packages\\matplotlib\\mpl-data\\fonts\\ttf\\DejaVuSansMono-BoldOblique.ttf', name='DejaVu Sans Mono', style='oblique', variant='normal', weight=700, stretch='normal', size='scalable')) = 11.335
14:39:16 [DEBUG] matplotlib.font_manager: findfont: score(FontEntry(fname='C:\\Users\\Administrator\\AppData\\Local\\Programs\\Python\\Python313\\Lib\\site-packages\\matplotlib\\mpl-data\\fonts\\ttf\\DejaVuSerif.ttf', name='DejaVu Serif', style='normal', variant='normal', weight=400, stretch='normal', size='scalable')) = 10.05
14:39:16 [DEBUG] matplotlib.font_manager: findfont: score(FontEntry(fname='C:\\Users\\Administrator\\AppData\\Local\\Programs\\Python\\Python313\\Lib\\site-packages\\matplotlib\\mpl-data\\fonts\\ttf\\DejaVuSansMono-Bold.ttf', name='DejaVu Sans Mono', style='normal', variant='normal', weight=700, stretch='normal', size='scalable')) = 10.335
14:39:16 [DEBUG] matplotlib.font_manager: findfont: score(FontEntry(fname='C:\\Users\\Administrator\\AppData\\Local\\Programs\\Python\\Python313\\Lib\\site-packages\\matplotlib\\mpl-data\\fonts\\ttf\\cmex10.ttf', name='cmex10', style='normal', variant='normal', weight=400, stretch='normal', size='scalable')) = 10.05
14:39:16 [DEBUG] matplotlib.font_manager: findfont: score(FontEntry(fname='C:\\Users\\Administrator\\AppData\\Local\\Programs\\Python\\Python313\\Lib\\site-packages\\matplotlib\\mpl-data\\fonts\\ttf\\cmr10.ttf', name='cmr10', style='normal', variant='normal', weight=400, stretch='normal', size='scalable')) = 10.05
14:39:16 [DEBUG] matplotlib.font_manager: findfont: score(FontEntry(fname='C:\\Users\\Administrator\\AppData\\Local\\Programs\\Python\\Python313\\Lib\\site-packages\\matplotlib\\mpl-data\\fonts\\ttf\\STIXNonUniBolIta.ttf', name='STIXNonUnicode', style='italic', variant='normal', weight=700, stretch='normal', size='scalable')) = 11.335
14:39:16 [DEBUG] matplotlib.font_manager: findfont: score(FontEntry(fname='C:\\Users\\Administrator\\AppData\\Local\\Programs\\Python\\Python313\\Lib\\site-packages\\matplotlib\\mpl-data\\fonts\\ttf\\DejaVuSerif-Italic.ttf', name='DejaVu Serif', style='italic', variant='normal', weight=400, stretch='normal', size='scalable')) = 11.05
14:39:16 [DEBUG] matplotlib.font_manager: findfont: score(FontEntry(fname='C:\\Users\\Administrator\\AppData\\Local\\Programs\\Python\\Python313\\Lib\\site-packages\\matplotlib\\mpl-data\\fonts\\ttf\\DejaVuSans-Bold.ttf', name='DejaVu Sans', style='normal', variant='normal', weight=700, stretch='normal', size='scalable')) = 8.335
14:39:16 [DEBUG] matplotlib.font_manager: findfont: score(FontEntry(fname='C:\\Users\\Administrator\\AppData\\Local\\Programs\\Python\\Python313\\Lib\\site-packages\\matplotlib\\mpl-data\\fonts\\ttf\\STIXSizOneSymReg.ttf', name='STIXSizeOneSym', style='normal', variant='normal', weight=400, stretch='normal', size='scalable')) = 10.05
14:39:16 [DEBUG] matplotlib.font_manager: findfont: score(FontEntry(fname='C:\\Users\\Administrator\\AppData\\Local\\Programs\\Python\\Python313\\Lib\\site-packages\\matplotlib\\mpl-data\\fonts\\ttf\\cmb10.ttf', name='cmb10', style='normal', variant='normal', weight=400, stretch='normal', size='scalable')) = 10.05
14:39:16 [DEBUG] matplotlib.font_manager: findfont: score(FontEntry(fname='C:\\Users\\Administrator\\AppData\\Local\\Programs\\Python\\Python313\\Lib\\site-packages\\matplotlib\\mpl-data\\fonts\\ttf\\STIXSizFourSymBol.ttf', name='STIXSizeFourSym', style='normal', variant='normal', weight=700, stretch='normal', size='scalable')) = 10.335
14:39:16 [DEBUG] matplotlib.font_manager: findfont: score(FontEntry(fname='C:\\Users\\Administrator\\AppData\\Local\\Programs\\Python\\Python313\\Lib\\site-packages\\matplotlib\\mpl-data\\fonts\\ttf\\DejaVuSerif-BoldItalic.ttf', name='DejaVu Serif', style='italic', variant='normal', weight=700, stretch='normal', size='scalable')) = 11.335
14:39:16 [DEBUG] matplotlib.font_manager: findfont: score(FontEntry(fname='C:\\Users\\Administrator\\AppData\\Local\\Programs\\Python\\Python313\\Lib\\site-packages\\matplotlib\\mpl-data\\fonts\\ttf\\DejaVuSans.ttf', name='DejaVu Sans', style='normal', variant='normal', weight=400, stretch='normal', size='scalable')) = 8.05
14:39:16 [DEBUG] matplotlib.font_manager: findfont: score(FontEntry(fname='C:\\Users\\Administrator\\AppData\\Local\\Programs\\Python\\Python313\\Lib\\site-packages\\matplotlib\\mpl-data\\fonts\\ttf\\STIXGeneralBol.ttf', name='STIXGeneral', style='normal', variant='normal', weight=700, stretch='normal', size='scalable')) = 10.335
14:39:16 [DEBUG] matplotlib.font_manager: findfont: score(FontEntry(fname='C:\\Users\\Administrator\\AppData\\Local\\Programs\\Python\\Python313\\Lib\\site-packages\\matplotlib\\mpl-data\\fonts\\ttf\\STIXGeneralBolIta.ttf', name='STIXGeneral', style='italic', variant='normal', weight=700, stretch='normal', size='scalable')) = 11.335
14:39:16 [DEBUG] matplotlib.font_manager: findfont: score(FontEntry(fname='C:\\Users\\Administrator\\AppData\\Local\\Programs\\Python\\Python313\\Lib\\site-packages\\matplotlib\\mpl-data\\fonts\\ttf\\STIXNonUniBol.ttf', name='STIXNonUnicode', style='normal', variant='normal', weight=700, stretch='normal', size='scalable')) = 10.335
14:39:16 [DEBUG] matplotlib.font_manager: findfont: score(FontEntry(fname='C:\\Users\\Administrator\\AppData\\Local\\Programs\\Python\\Python313\\Lib\\site-packages\\matplotlib\\mpl-data\\fonts\\ttf\\DejaVuSerifDisplay.ttf', name='DejaVu Serif Display', style='normal', variant='normal', weight=400, stretch='normal', size='scalable')) = 10.05
14:39:16 [DEBUG] matplotlib.font_manager: findfont: score(FontEntry(fname='C:\\Users\\Administrator\\AppData\\Local\\Programs\\Python\\Python313\\Lib\\site-packages\\matplotlib\\mpl-data\\fonts\\ttf\\DejaVuSans-BoldOblique.ttf', name='DejaVu Sans', style='oblique', variant='normal', weight=700, stretch='normal', size='scalable')) = 9.335
14:39:16 [DEBUG] matplotlib.font_manager: findfont: score(FontEntry(fname='C:\\Users\\Administrator\\AppData\\Local\\Programs\\Python\\Python313\\Lib\\site-packages\\matplotlib\\mpl-data\\fonts\\ttf\\STIXNonUni.ttf', name='STIXNonUnicode', style='normal', variant='normal', weight=400, stretch='normal', size='scalable')) = 10.05
14:39:16 [DEBUG] matplotlib.font_manager: findfont: score(FontEntry(fname='C:\\Users\\Administrator\\AppData\\Local\\Programs\\Python\\Python313\\Lib\\site-packages\\matplotlib\\mpl-data\\fonts\\ttf\\STIXSizFiveSymReg.ttf', name='STIXSizeFiveSym', style='normal', variant='normal', weight=400, stretch='normal', size='scalable')) = 10.05
14:39:16 [DEBUG] matplotlib.font_manager: findfont: score(FontEntry(fname='C:\\Users\\Administrator\\AppData\\Local\\Programs\\Python\\Python313\\Lib\\site-packages\\matplotlib\\mpl-data\\fonts\\ttf\\cmmi10.ttf', name='cmmi10', style='normal', variant='normal', weight=400, stretch='normal', size='scalable')) = 10.05
14:39:16 [DEBUG] matplotlib.font_manager: findfont: score(FontEntry(fname='C:\\Windows\\Fonts\\SitkaVF.ttf', name='Sitka', style='normal', variant='normal', weight=400, stretch='normal', size='scalable')) = 10.05
14:39:16 [DEBUG] matplotlib.font_manager: findfont: score(FontEntry(fname='C:\\Windows\\Fonts\\msyi.ttf', name='Microsoft Yi Baiti', style='normal', variant='normal', weight=400, stretch='normal', size='scalable')) = 10.05
14:39:16 [DEBUG] matplotlib.font_manager: findfont: score(FontEntry(fname='C:\\Windows\\Fonts\\simfang.ttf', name='FangSong', style='normal', variant='normal', weight=400, stretch='normal', size='scalable')) = 10.05
14:39:16 [DEBUG] matplotlib.font_manager: findfont: score(FontEntry(fname='C:\\Windows\\Fonts\\calibril.ttf', name='Calibri', style='normal', variant='normal', weight=300, stretch='normal', size='scalable')) = 10.145
14:39:16 [DEBUG] matplotlib.font_manager: findfont: score(FontEntry(fname='C:\\Windows\\Fonts\\malgunsl.ttf', name='Malgun Gothic', style='normal', variant='normal', weight=300, stretch='normal', size='scalable')) = 10.145
14:39:16 [DEBUG] matplotlib.font_manager: findfont: score(FontEntry(fname='C:\\Windows\\Fonts\\times.ttf', name='Times New Roman', style='normal', variant='normal', weight=400, stretch='normal', size='scalable')) = 10.05
14:39:16 [DEBUG] matplotlib.font_manager: findfont: score(FontEntry(fname='C:\\Windows\\Fonts\\corbell.ttf', name='Corbel', style='normal', variant='normal', weight=300, stretch='normal', size='scalable')) = 10.145
14:39:16 [DEBUG] matplotlib.font_manager: findfont: score(FontEntry(fname='C:\\Windows\\Fonts\\Dengb.ttf', name='DengXian', style='normal', variant='normal', weight=700, stretch='normal', size='scalable')) = 10.335
14:39:16 [DEBUG] matplotlib.font_manager: findfont: score(FontEntry(fname='C:\\Windows\\Fonts\\Candarab.ttf', name='Candara', style='normal', variant='normal', weight=700, stretch='normal', size='scalable')) = 10.335
14:39:16 [DEBUG] matplotlib.font_manager: findfont: score(FontEntry(fname='C:\\Windows\\Fonts\\STXIHEI.TTF', name='STXihei', style='normal', variant='normal', weight=400, stretch='normal', size='scalable')) = 10.05
14:39:16 [DEBUG] matplotlib.font_manager: findfont: score(FontEntry(fname='C:\\Windows\\Fonts\\FZYTK.TTF', name='FZYaoTi', style='normal', variant='normal', weight=400, stretch='normal', size='scalable')) = 10.05
14:39:16 [DEBUG] matplotlib.font_manager: findfont: score(FontEntry(fname='C:\\Windows\\Fonts\\palab.ttf', name='Palatino Linotype', style='normal', variant='normal', weight=700, stretch='normal', size='scalable')) = 10.335
14:39:16 [DEBUG] matplotlib.font_manager: findfont: score(FontEntry(fname='C:\\Windows\\Fonts\\BOOKOS.TTF', name='Bookman Old Style', style='normal', variant='normal', weight=300, stretch='normal', size='scalable')) = 10.145
14:39:16 [DEBUG] matplotlib.font_manager: findfont: score(FontEntry(fname='C:\\Windows\\Fonts\\GOTHIC.TTF', name='Century Gothic', style='normal', variant='normal', weight=400, stretch='normal', size='scalable')) = 10.05
14:39:16 [DEBUG] matplotlib.font_manager: findfont: score(FontEntry(fname='C:\\Windows\\Fonts\\comicbd.ttf', name='Comic Sans MS', style='normal', variant='normal', weight=700, stretch='normal', size='scalable')) = 10.335
14:39:16 [DEBUG] matplotlib.font_manager: findfont: score(FontEntry(fname='C:\\Windows\\Fonts\\ARIALNBI.TTF', name='Arial', style='italic', variant='normal', weight=700, stretch='condensed', size='scalable')) = 11.535
14:39:16 [DEBUG] matplotlib.font_manager: findfont: score(FontEntry(fname='C:\\Windows\\Fonts\\msgothic.ttc', name='MS Gothic', style='normal', variant='normal', weight=400, stretch='normal', size='scalable')) = 10.05
14:39:16 [DEBUG] matplotlib.font_manager: findfont: score(FontEntry(fname='C:\\Windows\\Fonts\\malgun.ttf', name='Malgun Gothic', style='normal', variant='normal', weight=400, stretch='normal', size='scalable')) = 10.05
14:39:16 [DEBUG] matplotlib.font_manager: findfont: score(FontEntry(fname='C:\\Windows\\Fonts\\consola.ttf', name='Consolas', style='normal', variant='normal', weight=400, stretch='normal', size='scalable')) = 10.05
14:39:16 [DEBUG] matplotlib.font_manager: findfont: score(FontEntry(fname='C:\\Windows\\Fonts\\seguibli.ttf', name='Segoe UI', style='italic', variant='normal', weight=900, stretch='normal', size='scalable')) = 11.525
14:39:16 [DEBUG] matplotlib.font_manager: findfont: score(FontEntry(fname='C:\\Windows\\Fonts\\LeelaUIb.ttf', name='Leelawadee UI', style='normal', variant='normal', weight=700, stretch='normal', size='scalable')) = 10.335
14:39:16 [DEBUG] matplotlib.font_manager: findfont: score(FontEntry(fname='C:\\Windows\\Fonts\\simsunb.ttf', name='SimSun-ExtB', style='normal', variant='normal', weight=400, stretch='normal', size='scalable')) = 10.05
14:39:16 [DEBUG] matplotlib.font_manager: findfont: score(FontEntry(fname='C:\\Windows\\Fonts\\verdanai.ttf', name='Verdana', style='italic', variant='normal', weight=400, stretch='normal', size='scalable')) = 11.05
14:39:16 [DEBUG] matplotlib.font_manager: findfont: score(FontEntry(fname='C:\\Windows\\Fonts\\consolaz.ttf', name='Consolas', style='italic', variant='normal', weight=700, stretch='normal', size='scalable')) = 11.335
14:39:16 [DEBUG] matplotlib.font_manager: findfont: score(FontEntry(fname='C:\\Windows\\Fonts\\SIMYOU.TTF', name='YouYuan', style='normal', variant='normal', weight=400, stretch='normal', size='scalable')) = 10.05
14:39:16 [DEBUG] matplotlib.font_manager: findfont: score(FontEntry(fname='C:\\Windows\\Fonts\\lucon.ttf', name='Lucida Console', style='normal', variant='normal', weight=400, stretch='normal', size='scalable')) = 10.05
14:39:16 [DEBUG] matplotlib.font_manager: findfont: score(FontEntry(fname='C:\\Windows\\Fonts\\ANTQUABI.TTF', name='Book Antiqua', style='italic', variant='normal', weight=700, stretch='normal', size='scalable')) = 11.335
14:39:16 [DEBUG] matplotlib.font_manager: findfont: score(FontEntry(fname='C:\\Windows\\Fonts\\seguisym.ttf', name='Segoe UI Symbol', style='normal', variant='normal', weight=400, stretch='normal', size='scalable')) = 10.05
14:39:16 [DEBUG] matplotlib.font_manager: findfont: score(FontEntry(fname='C:\\Windows\\Fonts\\STSONG.TTF', name='STSong', style='normal', variant='normal', weight=400, stretch='normal', size='scalable')) = 10.05
14:39:16 [DEBUG] matplotlib.font_manager: findfont: score(FontEntry(fname='C:\\Windows\\Fonts\\cambriaz.ttf', name='Cambria', style='italic', variant='normal', weight=700, stretch='normal', size='scalable')) = 11.335
14:39:16 [DEBUG] matplotlib.font_manager: findfont: score(FontEntry(fname='C:\\Windows\\Fonts\\segoeui.ttf', name='Segoe UI', style='normal', variant='normal', weight=400, stretch='normal', size='scalable')) = 10.05
14:39:16 [DEBUG] matplotlib.font_manager: findfont: score(FontEntry(fname='C:\\Windows\\Fonts\\malgunbd.ttf', name='Malgun Gothic', style='normal', variant='normal', weight=700, stretch='normal', size='scalable')) = 10.335
14:39:16 [DEBUG] matplotlib.font_manager: findfont: score(FontEntry(fname='C:\\Windows\\Fonts\\FZSTK.TTF', name='FZShuTi', style='normal', variant='normal', weight=400, stretch='normal', size='scalable')) = 10.05
14:39:16 [DEBUG] matplotlib.font_manager: findfont: score(FontEntry(fname='C:\\Windows\\Fonts\\DUBAI-LIGHT.TTF', name='Dubai', style='normal', variant='normal', weight=300, stretch='normal', size='scalable')) = 10.145
14:39:16 [DEBUG] matplotlib.font_manager: findfont: score(FontEntry(fname='C:\\Windows\\Fonts\\STFANGSO.TTF', name='STFangsong', style='normal', variant='normal', weight=400, stretch='normal', size='scalable')) = 10.05
14:39:16 [DEBUG] matplotlib.font_manager: findfont: score(FontEntry(fname='C:\\Windows\\Fonts\\LEELAWAD.TTF', name='Leelawadee', style='normal', variant='normal', weight=400, stretch='normal', size='scalable')) = 10.05
14:39:16 [DEBUG] matplotlib.font_manager: findfont: score(FontEntry(fname='C:\\Windows\\Fonts\\BOOKOSB.TTF', name='Bookman Old Style', style='normal', variant='normal', weight=600, stretch='normal', size='scalable')) = 10.24
14:39:16 [DEBUG] matplotlib.font_manager: findfont: score(FontEntry(fname='C:\\Windows\\Fonts\\cambria.ttc', name='Cambria', style='normal', variant='normal', weight=400, stretch='normal', size='scalable')) = 10.05
14:39:16 [DEBUG] matplotlib.font_manager: findfont: score(FontEntry(fname='C:\\Windows\\Fonts\\Candaraz.ttf', name='Candara', style='italic', variant='normal', weight=700, stretch='normal', size='scalable')) = 11.335
14:39:16 [DEBUG] matplotlib.font_manager: findfont: score(FontEntry(fname='C:\\Windows\\Fonts\\segoepr.ttf', name='Segoe Print', style='normal', variant='normal', weight=400, stretch='normal', size='scalable')) = 10.05
14:39:16 [DEBUG] matplotlib.font_manager: findfont: score(FontEntry(fname='C:\\Windows\\Fonts\\comic.ttf', name='Comic Sans MS', style='normal', variant='normal', weight=400, stretch='normal', size='scalable')) = 10.05
14:39:16 [DEBUG] matplotlib.font_manager: findfont: score(FontEntry(fname='C:\\Windows\\Fonts\\phagspab.ttf', name='Microsoft PhagsPa', style='normal', variant='normal', weight=700, stretch='normal', size='scalable')) = 10.335
14:39:16 [DEBUG] matplotlib.font_manager: findfont: score(FontEntry(fname='C:\\Windows\\Fonts\\timesbi.ttf', name='Times New Roman', style='italic', variant='normal', weight=700, stretch='normal', size='scalable')) = 11.335
14:39:16 [DEBUG] matplotlib.font_manager: findfont: score(FontEntry(fname='C:\\Windows\\Fonts\\SansSerifCollection.ttf', name='Sans Serif Collection', style='normal', variant='normal', weight=400, stretch='normal', size='scalable')) = 10.05
14:39:16 [DEBUG] matplotlib.font_manager: findfont: score(FontEntry(fname='C:\\Windows\\Fonts\\ariali.ttf', name='Arial', style='italic', variant='normal', weight=400, stretch='normal', size='scalable')) = 11.05
14:39:16 [DEBUG] matplotlib.font_manager: findfont: score(FontEntry(fname='C:\\Windows\\Fonts\\LHANDW.TTF', name='Lucida Handwriting', style='italic', variant='normal', weight=400, stretch='normal', size='scalable')) = 11.05
14:39:16 [DEBUG] matplotlib.font_manager: findfont: score(FontEntry(fname='C:\\Windows\\Fonts\\Gabriola.ttf', name='Gabriola', style='normal', variant='normal', weight=400, stretch='normal', size='scalable')) = 10.05
14:39:16 [DEBUG] matplotlib.font_manager: findfont: score(FontEntry(fname='C:\\Windows\\Fonts\\mvboli.ttf', name='MV Boli', style='normal', variant='normal', weight=400, stretch='normal', size='scalable')) = 10.05
14:39:16 [DEBUG] matplotlib.font_manager: findfont: score(FontEntry(fname='C:\\Windows\\Fonts\\WINGDNG3.TTF', name='Wingdings 3', style='normal', variant='normal', weight=400, stretch='normal', size='scalable')) = 10.05
14:39:16 [DEBUG] matplotlib.font_manager: findfont: score(FontEntry(fname='C:\\Windows\\Fonts\\seguili.ttf', name='Segoe UI', style='italic', variant='normal', weight=300, stretch='normal', size='scalable')) = 11.145
14:39:16 [DEBUG] matplotlib.font_manager: findfont: score(FontEntry(fname='C:\\Windows\\Fonts\\micross.ttf', name='Microsoft Sans Serif', style='normal', variant='normal', weight=400, stretch='normal', size='scalable')) = 10.05
14:39:16 [DEBUG] matplotlib.font_manager: findfont: score(FontEntry(fname='C:\\Windows\\Fonts\\tahomabd.ttf', name='Tahoma', style='normal', variant='normal', weight=700, stretch='normal', size='scalable')) = 10.335
14:39:16 [DEBUG] matplotlib.font_manager: findfont: score(FontEntry(fname='C:\\Windows\\Fonts\\calibrili.ttf', name='Calibri', style='italic', variant='normal', weight=300, stretch='normal', size='scalable')) = 11.145
14:39:16 [DEBUG] matplotlib.font_manager: findfont: score(FontEntry(fname='C:\\Windows\\Fonts\\msyhl.ttc', name='Microsoft YaHei', style='normal', variant='normal', weight=290, stretch='normal', size='scalable')) = 2.1545
14:39:16 [DEBUG] matplotlib.font_manager: findfont: score(FontEntry(fname='C:\\Windows\\Fonts\\MSUIGHUR.TTF', name='Microsoft Uighur', style='normal', variant='normal', weight=400, stretch='normal', size='scalable')) = 10.05
14:39:16 [DEBUG] matplotlib.font_manager: findfont: score(FontEntry(fname='C:\\Windows\\Fonts\\segoeuii.ttf', name='Segoe UI', style='italic', variant='normal', weight=400, stretch='normal', size='scalable')) = 11.05
14:39:16 [DEBUG] matplotlib.font_manager: findfont: score(FontEntry(fname='C:\\Windows\\Fonts\\STXINWEI.TTF', name='STXinwei', style='normal', variant='normal', weight=400, stretch='normal', size='scalable')) = 10.05
14:39:16 [DEBUG] matplotlib.font_manager: findfont: score(FontEntry(fname='C:\\Windows\\Fonts\\seguisb.ttf', name='Segoe UI', style='normal', variant='normal', weight=600, stretch='normal', size='scalable')) = 10.24
14:39:16 [DEBUG] matplotlib.font_manager: findfont: score(FontEntry(fname='C:\\Windows\\Fonts\\seguihis.ttf', name='Segoe UI Historic', style='normal', variant='normal', weight=400, stretch='normal', size='scalable')) = 10.05
14:39:16 [DEBUG] matplotlib.font_manager: findfont: score(FontEntry(fname='C:\\Windows\\Fonts\\comici.ttf', name='Comic Sans MS', style='italic', variant='normal', weight=400, stretch='normal', size='scalable')) = 11.05
14:39:16 [DEBUG] matplotlib.font_manager: findfont: score(FontEntry(fname='C:\\Windows\\Fonts\\holomdl2.ttf', name='HoloLens MDL2 Assets', style='normal', variant='normal', weight=400, stretch='normal', size='scalable')) = 10.05
14:39:16 [DEBUG] matplotlib.font_manager: findfont: score(FontEntry(fname='C:\\Windows\\Fonts\\segoeuisl.ttf', name='Segoe UI', style='normal', variant='normal', weight=350, stretch='normal', size='scalable')) = 10.0975
14:39:16 [DEBUG] matplotlib.font_manager: findfont: score(FontEntry(fname='C:\\Windows\\Fonts\\constanb.ttf', name='Constantia', style='normal', variant='normal', weight=700, stretch='normal', size='scalable')) = 10.335
14:39:16 [DEBUG] matplotlib.font_manager: findfont: score(FontEntry(fname='C:\\Windows\\Fonts\\SegUIVar.ttf', name='Segoe UI Variable', style='normal', variant='normal', weight=400, stretch='normal', size='scalable')) = 10.05
14:39:16 [DEBUG] matplotlib.font_manager: findfont: score(FontEntry(fname='C:\\Windows\\Fonts\\couri.ttf', name='Courier New', style='italic', variant='normal', weight=400, stretch='normal', size='scalable')) = 11.05
14:39:16 [DEBUG] matplotlib.font_manager: findfont: score(FontEntry(fname='C:\\Windows\\Fonts\\JUICE___.TTF', name='Juice ITC', style='normal', variant='normal', weight=400, stretch='normal', size='scalable')) = 10.05
14:39:16 [DEBUG] matplotlib.font_manager: findfont: score(FontEntry(fname='C:\\Windows\\Fonts\\taileb.ttf', name='Microsoft Tai Le', style='normal', variant='normal', weight=700, stretch='normal', size='scalable')) = 10.335
14:39:16 [DEBUG] matplotlib.font_manager: findfont: score(FontEntry(fname='C:\\Windows\\Fonts\\wingding.ttf', name='Wingdings', style='normal', variant='normal', weight=400, stretch='normal', size='scalable')) = 10.05
14:39:16 [DEBUG] matplotlib.font_manager: findfont: score(FontEntry(fname='C:\\Windows\\Fonts\\trebuc.ttf', name='Trebuchet MS', style='normal', variant='normal', weight=400, stretch='normal', size='scalable')) = 10.05
14:39:16 [DEBUG] matplotlib.font_manager: findfont: score(FontEntry(fname='C:\\Windows\\Fonts\\Candarali.ttf', name='Candara', style='italic', variant='normal', weight=400, stretch='normal', size='scalable')) = 11.05
14:39:16 [DEBUG] matplotlib.font_manager: findfont: score(FontEntry(fname='C:\\Windows\\Fonts\\Dengl.ttf', name='DengXian', style='normal', variant='normal', weight=300, stretch='normal', size='scalable')) = 10.145
14:39:16 [DEBUG] matplotlib.font_manager: findfont: score(FontEntry(fname='C:\\Windows\\Fonts\\constan.ttf', name='Constantia', style='normal', variant='normal', weight=400, stretch='normal', size='scalable')) = 10.05
14:39:16 [DEBUG] matplotlib.font_manager: findfont: score(FontEntry(fname='C:\\Users\\Administrator\\AppData\\Local\\Microsoft\\Windows\\Fonts\\UbuntuMono[wght].ttf', name='Ubuntu Mono', style='normal', variant='normal', weight=400, stretch='normal', size='scalable')) = 10.05
14:39:16 [DEBUG] matplotlib.font_manager: findfont: score(FontEntry(fname='C:\\Windows\\Fonts\\taile.ttf', name='Microsoft Tai Le', style='normal', variant='normal', weight=400, stretch='normal', size='scalable')) = 10.05
14:39:16 [DEBUG] matplotlib.font_manager: findfont: score(FontEntry(fname='C:\\Windows\\Fonts\\corbel.ttf', name='Corbel', style='normal', variant='normal', weight=400, stretch='normal', size='scalable')) = 10.05
14:39:16 [DEBUG] matplotlib.font_manager: findfont: score(FontEntry(fname='C:\\Windows\\Fonts\\MSUIGHUB.TTF', name='Microsoft Uighur', style='normal', variant='normal', weight=700, stretch='normal', size='scalable')) = 10.335
14:39:16 [DEBUG] matplotlib.font_manager: findfont: score(FontEntry(fname='C:\\Windows\\Fonts\\msjhl.ttc', name='Microsoft JhengHei', style='normal', variant='normal', weight=290, stretch='normal', size='scalable')) = 10.1545
14:39:16 [DEBUG] matplotlib.font_manager: findfont: score(FontEntry(fname='C:\\Windows\\Fonts\\gadugi.ttf', name='Gadugi', style='normal', variant='normal', weight=400, stretch='normal', size='scalable')) = 10.05
14:39:16 [DEBUG] matplotlib.font_manager: findfont: score(FontEntry(fname='C:\\Windows\\Fonts\\LeelawUI.ttf', name='Leelawadee UI', style='normal', variant='normal', weight=400, stretch='normal', size='scalable')) = 10.05
14:39:16 [DEBUG] matplotlib.font_manager: findfont: score(FontEntry(fname='C:\\Windows\\Fonts\\framd.ttf', name='Franklin Gothic Medium', style='normal', variant='normal', weight=400, stretch='normal', size='scalable')) = 10.05
14:39:16 [DEBUG] matplotlib.font_manager: findfont: score(FontEntry(fname='C:\\Windows\\Fonts\\javatext.ttf', name='Javanese Text', style='normal', variant='normal', weight=400, stretch='normal', size='scalable')) = 10.05
14:39:16 [DEBUG] matplotlib.font_manager: findfont: score(FontEntry(fname='C:\\Windows\\Fonts\\NirmalaB.ttf', name='Nirmala UI', style='normal', variant='normal', weight=700, stretch='normal', size='scalable')) = 10.335
14:39:16 [DEBUG] matplotlib.font_manager: findfont: score(FontEntry(fname='C:\\Windows\\Fonts\\monbaiti.ttf', name='Mongolian Baiti', style='normal', variant='normal', weight=400, stretch='normal', size='scalable')) = 10.05
14:39:16 [DEBUG] matplotlib.font_manager: findfont: score(FontEntry(fname='C:\\Windows\\Fonts\\YuGothB.ttc', name='Yu Gothic', style='normal', variant='normal', weight=700, stretch='normal', size='scalable')) = 10.335
14:39:16 [DEBUG] matplotlib.font_manager: findfont: score(FontEntry(fname='C:\\Windows\\Fonts\\timesi.ttf', name='Times New Roman', style='italic', variant='normal', weight=400, stretch='normal', size='scalable')) = 11.05
14:39:16 [DEBUG] matplotlib.font_manager: findfont: score(FontEntry(fname='C:\\Windows\\Fonts\\YuGothL.ttc', name='Yu Gothic', style='normal', variant='normal', weight=300, stretch='normal', size='scalable')) = 10.145
14:39:16 [DEBUG] matplotlib.font_manager: findfont: score(FontEntry(fname='C:\\Windows\\Fonts\\framdit.ttf', name='Franklin Gothic Medium', style='italic', variant='normal', weight=400, stretch='normal', size='scalable')) = 11.05
14:39:16 [DEBUG] matplotlib.font_manager: findfont: score(FontEntry(fname='C:\\Windows\\Fonts\\SitkaVF-Italic.ttf', name='Sitka', style='italic', variant='normal', weight=400, stretch='normal', size='scalable')) = 11.05
14:39:16 [DEBUG] matplotlib.font_manager: findfont: score(FontEntry(fname='C:\\Windows\\Fonts\\BKANT.TTF', name='Book Antiqua', style='normal', variant='normal', weight=400, stretch='normal', size='scalable')) = 10.05
14:39:16 [DEBUG] matplotlib.font_manager: findfont: score(FontEntry(fname='C:\\Windows\\Fonts\\ntailu.ttf', name='Microsoft New Tai Lue', style='normal', variant='normal', weight=400, stretch='normal', size='scalable')) = 10.05
14:39:16 [DEBUG] matplotlib.font_manager: findfont: score(FontEntry(fname='C:\\Windows\\Fonts\\ebrima.ttf', name='Ebrima', style='normal', variant='normal', weight=400, stretch='normal', size='scalable')) = 10.05
14:39:16 [DEBUG] matplotlib.font_manager: findfont: score(FontEntry(fname='C:\\Windows\\Fonts\\seguisbi.ttf', name='Segoe UI', style='italic', variant='normal', weight=600, stretch='normal', size='scalable')) = 11.24
14:39:16 [DEBUG] matplotlib.font_manager: findfont: score(FontEntry(fname='C:\\Windows\\Fonts\\STLITI.TTF', name='STLiti', style='normal', variant='normal', weight=400, stretch='normal', size='scalable')) = 10.05
14:39:16 [DEBUG] matplotlib.font_manager: findfont: score(FontEntry(fname='C:\\Windows\\Fonts\\seguiemj.ttf', name='Segoe UI Emoji', style='normal', variant='normal', weight=400, stretch='normal', size='scalable')) = 10.05
14:39:16 [DEBUG] matplotlib.font_manager: findfont: score(FontEntry(fname='C:\\Windows\\Fonts\\Candara.ttf', name='Candara', style='normal', variant='normal', weight=400, stretch='normal', size='scalable')) = 10.05
14:39:16 [DEBUG] matplotlib.font_manager: findfont: score(FontEntry(fname='C:\\Windows\\Fonts\\seguibl.ttf', name='Segoe UI', style='normal', variant='normal', weight=900, stretch='normal', size='scalable')) = 10.525
14:39:16 [DEBUG] matplotlib.font_manager: findfont: score(FontEntry(fname='C:\\Windows\\Fonts\\NirmalaS.ttf', name='Nirmala UI', style='normal', variant='normal', weight=350, stretch='normal', size='scalable')) = 10.0975
14:39:16 [DEBUG] matplotlib.font_manager: findfont: score(FontEntry(fname='C:\\Windows\\Fonts\\segoeprb.ttf', name='Segoe Print', style='normal', variant='normal', weight=700, stretch='normal', size='scalable')) = 10.335
14:39:16 [DEBUG] matplotlib.font_manager: findfont: score(FontEntry(fname='C:\\Windows\\Fonts\\GOTHICBI.TTF', name='Century Gothic', style='italic', variant='normal', weight=700, stretch='normal', size='scalable')) = 11.335
14:39:16 [DEBUG] matplotlib.font_manager: findfont: score(FontEntry(fname='C:\\Windows\\Fonts\\cambriai.ttf', name='Cambria', style='italic', variant='normal', weight=400, stretch='normal', size='scalable')) = 11.05
14:39:16 [DEBUG] matplotlib.font_manager: findfont: score(FontEntry(fname='C:\\Windows\\Fonts\\CENTURY.TTF', name='Century', style='normal', variant='normal', weight=400, stretch='normal', size='scalable')) = 10.05
14:39:16 [DEBUG] matplotlib.font_manager: findfont: score(FontEntry(fname='C:\\Windows\\Fonts\\symbol.ttf', name='Symbol', style='normal', variant='normal', weight=400, stretch='normal', size='scalable')) = 10.05
14:39:16 [DEBUG] matplotlib.font_manager: findfont: score(FontEntry(fname='C:\\Windows\\Fonts\\msjh.ttc', name='Microsoft JhengHei', style='normal', variant='normal', weight=400, stretch='normal', size='scalable')) = 10.05
14:39:16 [DEBUG] matplotlib.font_manager: findfont: score(FontEntry(fname='C:\\Windows\\Fonts\\FREESCPT.TTF', name='Freestyle Script', style='normal', variant='normal', weight=400, stretch='normal', size='scalable')) = 10.05
14:39:16 [DEBUG] matplotlib.font_manager: findfont: score(FontEntry(fname='C:\\Windows\\Fonts\\timesbd.ttf', name='Times New Roman', style='normal', variant='normal', weight=700, stretch='normal', size='scalable')) = 10.335
14:39:16 [DEBUG] matplotlib.font_manager: findfont: score(FontEntry(fname='C:\\Windows\\Fonts\\MISTRAL.TTF', name='Mistral', style='normal', variant='normal', weight=400, stretch='normal', size='scalable')) = 10.05
14:39:16 [DEBUG] matplotlib.font_manager: findfont: score(FontEntry(fname='C:\\Windows\\Fonts\\ITCKRIST.TTF', name='Kristen ITC', style='normal', variant='normal', weight=400, stretch='normal', size='scalable')) = 10.05
14:39:16 [DEBUG] matplotlib.font_manager: findfont: score(FontEntry(fname='C:\\Windows\\Fonts\\ARIALNI.TTF', name='Arial', style='italic', variant='normal', weight=400, stretch='condensed', size='scalable')) = 11.25
14:39:16 [DEBUG] matplotlib.font_manager: findfont: score(FontEntry(fname='C:\\Windows\\Fonts\\mmrtextb.ttf', name='Myanmar Text', style='normal', variant='normal', weight=700, stretch='normal', size='scalable')) = 10.335
14:39:16 [DEBUG] matplotlib.font_manager: findfont: score(FontEntry(fname='C:\\Windows\\Fonts\\LeelUIsl.ttf', name='Leelawadee UI', style='normal', variant='normal', weight=350, stretch='normal', size='scalable')) = 10.0975
14:39:16 [DEBUG] matplotlib.font_manager: findfont: score(FontEntry(fname='C:\\Windows\\Fonts\\BRADHITC.TTF', name='Bradley Hand ITC', style='normal', variant='normal', weight=400, stretch='normal', size='scalable')) = 10.05
14:39:16 [DEBUG] matplotlib.font_manager: findfont: score(FontEntry(fname='C:\\Windows\\Fonts\\calibri.ttf', name='Calibri', style='normal', variant='normal', weight=400, stretch='normal', size='scalable')) = 10.05
14:39:16 [DEBUG] matplotlib.font_manager: findfont: score(FontEntry(fname='C:\\Windows\\Fonts\\Deng.ttf', name='DengXian', style='normal', variant='normal', weight=400, stretch='normal', size='scalable')) = 10.05
14:39:16 [DEBUG] matplotlib.font_manager: findfont: score(FontEntry(fname='C:\\Windows\\Fonts\\STKAITI.TTF', name='STKaiti', style='normal', variant='normal', weight=400, stretch='normal', size='scalable')) = 10.05
14:39:16 [DEBUG] matplotlib.font_manager: findfont: score(FontEntry(fname='C:\\Windows\\Fonts\\Inkfree.ttf', name='Ink Free', style='normal', variant='normal', weight=400, stretch='normal', size='scalable')) = 10.05
14:39:16 [DEBUG] matplotlib.font_manager: findfont: score(FontEntry(fname='C:\\Windows\\Fonts\\msjhbd.ttc', name='Microsoft JhengHei', style='normal', variant='normal', weight=700, stretch='normal', size='scalable')) = 10.335
14:39:16 [DEBUG] matplotlib.font_manager: findfont: score(FontEntry(fname='C:\\Windows\\Fonts\\simhei.ttf', name='SimHei', style='normal', variant='normal', weight=400, stretch='normal', size='scalable')) = 0.05
14:39:16 [DEBUG] matplotlib.font_manager: findfont: score(FontEntry(fname='C:\\Windows\\Fonts\\STZHONGS.TTF', name='STZhongsong', style='normal', variant='normal', weight=400, stretch='normal', size='scalable')) = 10.05
14:39:16 [DEBUG] matplotlib.font_manager: findfont: score(FontEntry(fname='C:\\Windows\\Fonts\\georgiai.ttf', name='Georgia', style='italic', variant='normal', weight=400, stretch='normal', size='scalable')) = 11.05
14:39:16 [DEBUG] matplotlib.font_manager: findfont: score(FontEntry(fname='C:\\Windows\\Fonts\\calibriz.ttf', name='Calibri', style='italic', variant='normal', weight=700, stretch='normal', size='scalable')) = 11.335
14:39:16 [DEBUG] matplotlib.font_manager: findfont: score(FontEntry(fname='C:\\Windows\\Fonts\\comicz.ttf', name='Comic Sans MS', style='italic', variant='normal', weight=700, stretch='normal', size='scalable')) = 11.335
14:39:16 [DEBUG] matplotlib.font_manager: findfont: score(FontEntry(fname='C:\\Windows\\Fonts\\impact.ttf', name='Impact', style='normal', variant='normal', weight=400, stretch='normal', size='scalable')) = 10.05
14:39:16 [DEBUG] matplotlib.font_manager: findfont: score(FontEntry(fname='C:\\Windows\\Fonts\\pala.ttf', name='Palatino Linotype', style='normal', variant='normal', weight=400, stretch='normal', size='scalable')) = 10.05
14:39:16 [DEBUG] matplotlib.font_manager: findfont: score(FontEntry(fname='C:\\Windows\\Fonts\\Candarai.ttf', name='Candara', style='italic', variant='normal', weight=400, stretch='normal', size='scalable')) = 11.05
14:39:16 [DEBUG] matplotlib.font_manager: findfont: score(FontEntry(fname='C:\\Windows\\Fonts\\consolai.ttf', name='Consolas', style='italic', variant='normal', weight=400, stretch='normal', size='scalable')) = 11.05
14:39:16 [DEBUG] matplotlib.font_manager: findfont: score(FontEntry(fname='C:\\Windows\\Fonts\\msyh.ttc', name='Microsoft YaHei', style='normal', variant='normal', weight=400, stretch='normal', size='scalable')) = 2.05
14:39:16 [DEBUG] matplotlib.font_manager: findfont: score(FontEntry(fname='C:\\Windows\\Fonts\\STHUPO.TTF', name='STHupo', style='normal', variant='normal', weight=400, stretch='normal', size='scalable')) = 10.05
14:39:16 [DEBUG] matplotlib.font_manager: findfont: score(FontEntry(fname='C:\\Windows\\Fonts\\GARA.TTF', name='Garamond', style='normal', variant='normal', weight=400, stretch='normal', size='scalable')) = 10.05
14:39:16 [DEBUG] matplotlib.font_manager: findfont: score(FontEntry(fname='C:\\Windows\\Fonts\\arial.ttf', name='Arial', style='normal', variant='normal', weight=400, stretch='normal', size='scalable')) = 10.05
14:39:16 [DEBUG] matplotlib.font_manager: findfont: score(FontEntry(fname='C:\\Windows\\Fonts\\georgiaz.ttf', name='Georgia', style='italic', variant='normal', weight=700, stretch='normal', size='scalable')) = 11.335
14:39:16 [DEBUG] matplotlib.font_manager: findfont: score(FontEntry(fname='C:\\Windows\\Fonts\\trebucbi.ttf', name='Trebuchet MS', style='italic', variant='normal', weight=700, stretch='normal', size='scalable')) = 11.335
14:39:16 [DEBUG] matplotlib.font_manager: findfont: score(FontEntry(fname='C:\\Windows\\Fonts\\simsun.ttc', name='SimSun', style='normal', variant='normal', weight=400, stretch='normal', size='scalable')) = 10.05
14:39:16 [DEBUG] matplotlib.font_manager: findfont: score(FontEntry(fname='C:\\Windows\\Fonts\\mmrtext.ttf', name='Myanmar Text', style='normal', variant='normal', weight=400, stretch='normal', size='scalable')) = 10.05
14:39:16 [DEBUG] matplotlib.font_manager: findfont: score(FontEntry(fname='C:\\Windows\\Fonts\\palai.ttf', name='Palatino Linotype', style='italic', variant='normal', weight=400, stretch='normal', size='scalable')) = 11.05
14:39:16 [DEBUG] matplotlib.font_manager: findfont: score(FontEntry(fname='C:\\Windows\\Fonts\\trebucit.ttf', name='Trebuchet MS', style='italic', variant='normal', weight=400, stretch='normal', size='scalable')) = 11.05
14:39:16 [DEBUG] matplotlib.font_manager: findfont: score(FontEntry(fname='C:\\Windows\\Fonts\\GARABD.TTF', name='Garamond', style='normal', variant='normal', weight=700, stretch='normal', size='scalable')) = 10.335
14:39:16 [DEBUG] matplotlib.font_manager: findfont: score(FontEntry(fname='C:\\Windows\\Fonts\\ANTQUAI.TTF', name='Book Antiqua', style='italic', variant='normal', weight=400, stretch='normal', size='scalable')) = 11.05
14:39:16 [DEBUG] matplotlib.font_manager: findfont: score(FontEntry(fname='C:\\Windows\\Fonts\\corbelz.ttf', name='Corbel', style='italic', variant='normal', weight=700, stretch='normal', size='scalable')) = 11.335
14:39:16 [DEBUG] matplotlib.font_manager: findfont: score(FontEntry(fname='C:\\Windows\\Fonts\\gadugib.ttf', name='Gadugi', style='normal', variant='normal', weight=700, stretch='normal', size='scalable')) = 10.335
14:39:16 [DEBUG] matplotlib.font_manager: findfont: score(FontEntry(fname='C:\\Windows\\Fonts\\ANTQUAB.TTF', name='Book Antiqua', style='normal', variant='normal', weight=700, stretch='normal', size='scalable')) = 10.335
14:39:16 [DEBUG] matplotlib.font_manager: findfont: score(FontEntry(fname='C:\\Windows\\Fonts\\courbd.ttf', name='Courier New', style='normal', variant='normal', weight=700, stretch='normal', size='scalable')) = 10.335
14:39:16 [DEBUG] matplotlib.font_manager: findfont: score(FontEntry(fname='C:\\Windows\\Fonts\\courbi.ttf', name='Courier New', style='italic', variant='normal', weight=700, stretch='normal', size='scalable')) = 11.335
14:39:16 [DEBUG] matplotlib.font_manager: findfont: score(FontEntry(fname='C:\\Windows\\Fonts\\himalaya.ttf', name='Microsoft Himalaya', style='normal', variant='normal', weight=400, stretch='normal', size='scalable')) = 10.05
14:39:16 [DEBUG] matplotlib.font_manager: findfont: score(FontEntry(fname='C:\\Windows\\Fonts\\GOTHICB.TTF', name='Century Gothic', style='normal', variant='normal', weight=700, stretch='normal', size='scalable')) = 10.335
14:39:16 [DEBUG] matplotlib.font_manager: findfont: score(FontEntry(fname='C:\\Windows\\Fonts\\cambriab.ttf', name='Cambria', style='normal', variant='normal', weight=700, stretch='normal', size='scalable')) = 10.335
14:39:16 [DEBUG] matplotlib.font_manager: findfont: score(FontEntry(fname='C:\\Windows\\Fonts\\STCAIYUN.TTF', name='STCaiyun', style='normal', variant='normal', weight=400, stretch='normal', size='scalable')) = 10.05
14:39:16 [DEBUG] matplotlib.font_manager: findfont: score(FontEntry(fname='C:\\Windows\\Fonts\\REFSPCL.TTF', name='MS Reference Specialty', style='normal', variant='normal', weight=400, stretch='normal', size='scalable')) = 10.05
14:39:16 [DEBUG] matplotlib.font_manager: findfont: score(FontEntry(fname='C:\\Windows\\Fonts\\GARAIT.TTF', name='Garamond', style='italic', variant='normal', weight=400, stretch='normal', size='scalable')) = 11.05
14:39:16 [DEBUG] matplotlib.font_manager: findfont: score(FontEntry(fname='C:\\Windows\\Fonts\\constanz.ttf', name='Constantia', style='italic', variant='normal', weight=700, stretch='normal', size='scalable')) = 11.335
14:39:16 [DEBUG] matplotlib.font_manager: findfont: score(FontEntry(fname='C:\\Windows\\Fonts\\SIMLI.TTF', name='LiSu', style='normal', variant='normal', weight=400, stretch='normal', size='scalable')) = 10.05
14:39:16 [DEBUG] matplotlib.font_manager: findfont: score(FontEntry(fname='C:\\Windows\\Fonts\\cour.ttf', name='Courier New', style='normal', variant='normal', weight=400, stretch='normal', size='scalable')) = 10.05
14:39:16 [DEBUG] matplotlib.font_manager: findfont: score(FontEntry(fname='C:\\Windows\\Fonts\\MTCORSVA.TTF', name='Monotype Corsiva', style='normal', variant='normal', weight=400, stretch='normal', size='scalable')) = 10.05
14:39:16 [DEBUG] matplotlib.font_manager: findfont: score(FontEntry(fname='C:\\Windows\\Fonts\\simkai.ttf', name='KaiTi', style='normal', variant='normal', weight=400, stretch='normal', size='scalable')) = 10.05
14:39:16 [DEBUG] matplotlib.font_manager: findfont: score(FontEntry(fname='C:\\Windows\\Fonts\\segoeuil.ttf', name='Segoe UI', style='normal', variant='normal', weight=300, stretch='normal', size='scalable')) = 10.145
14:39:16 [DEBUG] matplotlib.font_manager: findfont: score(FontEntry(fname='C:\\Windows\\Fonts\\consolab.ttf', name='Consolas', style='normal', variant='normal', weight=700, stretch='normal', size='scalable')) = 10.335
14:39:16 [DEBUG] matplotlib.font_manager: findfont: score(FontEntry(fname='C:\\Windows\\Fonts\\segoesc.ttf', name='Segoe Script', style='normal', variant='normal', weight=400, stretch='normal', size='scalable')) = 10.05
14:39:16 [DEBUG] matplotlib.font_manager: findfont: score(FontEntry(fname='C:\\Windows\\Fonts\\ARIALN.TTF', name='Arial', style='normal', variant='normal', weight=400, stretch='condensed', size='scalable')) = 10.25
14:39:16 [DEBUG] matplotlib.font_manager: findfont: score(FontEntry(fname='C:\\Windows\\Fonts\\verdana.ttf', name='Verdana', style='normal', variant='normal', weight=400, stretch='normal', size='scalable')) = 10.05
14:39:16 [DEBUG] matplotlib.font_manager: findfont: score(FontEntry(fname='C:\\Windows\\Fonts\\DUBAI-BOLD.TTF', name='Dubai', style='normal', variant='normal', weight=700, stretch='normal', size='scalable')) = 10.335
14:39:16 [DEBUG] matplotlib.font_manager: findfont: score(FontEntry(fname='C:\\Windows\\Fonts\\BOOKOSI.TTF', name='Bookman Old Style', style='italic', variant='normal', weight=300, stretch='normal', size='scalable')) = 11.145
14:39:16 [DEBUG] matplotlib.font_manager: findfont: score(FontEntry(fname='C:\\Windows\\Fonts\\TEMPSITC.TTF', name='Tempus Sans ITC', style='normal', variant='normal', weight=400, stretch='normal', size='scalable')) = 10.05
14:39:16 [DEBUG] matplotlib.font_manager: findfont: score(FontEntry(fname='C:\\Windows\\Fonts\\palabi.ttf', name='Palatino Linotype', style='italic', variant='normal', weight=700, stretch='normal', size='scalable')) = 11.335
14:39:16 [DEBUG] matplotlib.font_manager: findfont: score(FontEntry(fname='C:\\Windows\\Fonts\\corbeli.ttf', name='Corbel', style='italic', variant='normal', weight=400, stretch='normal', size='scalable')) = 11.05
14:39:16 [DEBUG] matplotlib.font_manager: findfont: score(FontEntry(fname='C:\\Windows\\Fonts\\msyhbd.ttc', name='Microsoft YaHei', style='normal', variant='normal', weight=700, stretch='normal', size='scalable')) = 2.335
14:39:16 [DEBUG] matplotlib.font_manager: findfont: score(FontEntry(fname='C:\\Windows\\Fonts\\corbelb.ttf', name='Corbel', style='normal', variant='normal', weight=700, stretch='normal', size='scalable')) = 10.335
14:39:16 [DEBUG] matplotlib.font_manager: findfont: score(FontEntry(fname='C:\\Windows\\Fonts\\Candaral.ttf', name='Candara', style='normal', variant='normal', weight=400, stretch='normal', size='scalable')) = 10.05
14:39:16 [DEBUG] matplotlib.font_manager: findfont: score(FontEntry(fname='C:\\Windows\\Fonts\\bahnschrift.ttf', name='Bahnschrift', style='normal', variant='normal', weight=400, stretch='normal', size='scalable')) = 10.05
14:39:16 [DEBUG] matplotlib.font_manager: findfont: score(FontEntry(fname='C:\\Windows\\Fonts\\mingliub.ttc', name='MingLiU-ExtB', style='normal', variant='normal', weight=400, stretch='normal', size='scalable')) = 10.05
14:39:16 [DEBUG] matplotlib.font_manager: findfont: score(FontEntry(fname='C:\\Windows\\Fonts\\YuGothR.ttc', name='Yu Gothic', style='normal', variant='normal', weight=400, stretch='normal', size='scalable')) = 10.05
14:39:16 [DEBUG] matplotlib.font_manager: findfont: score(FontEntry(fname='C:\\Windows\\Fonts\\segoeuiz.ttf', name='Segoe UI', style='italic', variant='normal', weight=700, stretch='normal', size='scalable')) = 11.335
14:39:16 [DEBUG] matplotlib.font_manager: findfont: score(FontEntry(fname='C:\\Windows\\Fonts\\phagspa.ttf', name='Microsoft PhagsPa', style='normal', variant='normal', weight=400, stretch='normal', size='scalable')) = 10.05
14:39:16 [DEBUG] matplotlib.font_manager: findfont: score(FontEntry(fname='C:\\Windows\\Fonts\\segoeuib.ttf', name='Segoe UI', style='normal', variant='normal', weight=700, stretch='normal', size='scalable')) = 10.335
14:39:16 [DEBUG] matplotlib.font_manager: findfont: score(FontEntry(fname='C:\\Windows\\Fonts\\georgiab.ttf', name='Georgia', style='normal', variant='normal', weight=700, stretch='normal', size='scalable')) = 10.335
14:39:16 [DEBUG] matplotlib.font_manager: findfont: score(FontEntry(fname='C:\\Windows\\Fonts\\ebrimabd.ttf', name='Ebrima', style='normal', variant='normal', weight=700, stretch='normal', size='scalable')) = 10.335
14:39:16 [DEBUG] matplotlib.font_manager: findfont: score(FontEntry(fname='C:\\Windows\\Fonts\\constani.ttf', name='Constantia', style='italic', variant='normal', weight=400, stretch='normal', size='scalable')) = 11.05
14:39:16 [DEBUG] matplotlib.font_manager: findfont: score(FontEntry(fname='C:\\Windows\\Fonts\\segmdl2.ttf', name='Segoe MDL2 Assets', style='normal', variant='normal', weight=400, stretch='normal', size='scalable')) = 10.05
14:39:16 [DEBUG] matplotlib.font_manager: findfont: score(FontEntry(fname='C:\\Windows\\Fonts\\BOOKOSBI.TTF', name='Bookman Old Style', style='italic', variant='normal', weight=600, stretch='normal', size='scalable')) = 11.24
14:39:16 [DEBUG] matplotlib.font_manager: findfont: score(FontEntry(fname='C:\\Windows\\Fonts\\corbelli.ttf', name='Corbel', style='italic', variant='normal', weight=300, stretch='normal', size='scalable')) = 11.145
14:39:16 [DEBUG] matplotlib.font_manager: findfont: score(FontEntry(fname='C:\\Windows\\Fonts\\SegoeIcons.ttf', name='Segoe Fluent Icons', style='normal', variant='normal', weight=400, stretch='normal', size='scalable')) = 10.05
14:39:16 [DEBUG] matplotlib.font_manager: findfont: score(FontEntry(fname='C:\\Windows\\Fonts\\BSSYM7.TTF', name='Bookshelf Symbol 7', style='normal', variant='normal', weight=400, stretch='normal', size='scalable')) = 10.05
14:39:16 [DEBUG] matplotlib.font_manager: findfont: score(FontEntry(fname='C:\\Windows\\Fonts\\DUBAI-REGULAR.TTF', name='Dubai', style='normal', variant='normal', weight=400, stretch='normal', size='scalable')) = 10.05
14:39:16 [DEBUG] matplotlib.font_manager: findfont: score(FontEntry(fname='C:\\Windows\\Fonts\\ariblk.ttf', name='Arial', style='normal', variant='normal', weight=900, stretch='normal', size='scalable')) = 10.525
14:39:16 [DEBUG] matplotlib.font_manager: findfont: score(FontEntry(fname='C:\\Windows\\Fonts\\ARIALNB.TTF', name='Arial', style='normal', variant='normal', weight=700, stretch='condensed', size='scalable')) = 10.535
14:39:16 [DEBUG] matplotlib.font_manager: findfont: score(FontEntry(fname='C:\\Windows\\Fonts\\WINGDNG2.TTF', name='Wingdings 2', style='normal', variant='normal', weight=400, stretch='normal', size='scalable')) = 10.05
14:39:16 [DEBUG] matplotlib.font_manager: findfont: score(FontEntry(fname='C:\\Windows\\Fonts\\Nirmala.ttf', name='Nirmala UI', style='normal', variant='normal', weight=400, stretch='normal', size='scalable')) = 10.05
14:39:16 [DEBUG] matplotlib.font_manager: findfont: score(FontEntry(fname='C:\\Windows\\Fonts\\YuGothM.ttc', name='Yu Gothic', style='normal', variant='normal', weight=500, stretch='normal', size='scalable')) = 10.145
14:39:16 [DEBUG] matplotlib.font_manager: findfont: score(FontEntry(fname='C:\\Windows\\Fonts\\calibrib.ttf', name='Calibri', style='normal', variant='normal', weight=700, stretch='normal', size='scalable')) = 10.335
14:39:16 [DEBUG] matplotlib.font_manager: findfont: score(FontEntry(fname='C:\\Windows\\Fonts\\STXINGKA.TTF', name='STXingkai', style='normal', variant='normal', weight=400, stretch='normal', size='scalable')) = 10.05
14:39:16 [DEBUG] matplotlib.font_manager: findfont: score(FontEntry(fname='C:\\Windows\\Fonts\\arialbd.ttf', name='Arial', style='normal', variant='normal', weight=700, stretch='normal', size='scalable')) = 10.335
14:39:16 [DEBUG] matplotlib.font_manager: findfont: score(FontEntry(fname='C:\\Windows\\Fonts\\DUBAI-MEDIUM.TTF', name='Dubai', style='normal', variant='normal', weight=500, stretch='normal', size='scalable')) = 10.145
14:39:16 [DEBUG] matplotlib.font_manager: findfont: score(FontEntry(fname='C:\\Windows\\Fonts\\calibrii.ttf', name='Calibri', style='italic', variant='normal', weight=400, stretch='normal', size='scalable')) = 11.05
14:39:16 [DEBUG] matplotlib.font_manager: findfont: score(FontEntry(fname='C:\\Windows\\Fonts\\trebucbd.ttf', name='Trebuchet MS', style='normal', variant='normal', weight=700, stretch='normal', size='scalable')) = 10.335
14:39:16 [DEBUG] matplotlib.font_manager: findfont: score(FontEntry(fname='C:\\Windows\\Fonts\\verdanab.ttf', name='Verdana', style='normal', variant='normal', weight=700, stretch='normal', size='scalable')) = 10.335
14:39:16 [DEBUG] matplotlib.font_manager: findfont: score(FontEntry(fname='C:\\Windows\\Fonts\\REFSAN.TTF', name='MS Reference Sans Serif', style='normal', variant='normal', weight=400, stretch='normal', size='scalable')) = 10.05
14:39:16 [DEBUG] matplotlib.font_manager: findfont: score(FontEntry(fname='C:\\Windows\\Fonts\\l_10646.ttf', name='Lucida Sans Unicode', style='normal', variant='normal', weight=400, stretch='normal', size='scalable')) = 10.05
14:39:16 [DEBUG] matplotlib.font_manager: findfont: score(FontEntry(fname='C:\\Windows\\Fonts\\arialbi.ttf', name='Arial', style='italic', variant='normal', weight=700, stretch='normal', size='scalable')) = 11.335
14:39:16 [DEBUG] matplotlib.font_manager: findfont: score(FontEntry(fname='C:\\Windows\\Fonts\\LEELAWDB.TTF', name='Leelawadee', style='normal', variant='normal', weight=700, stretch='normal', size='scalable')) = 10.335
14:39:16 [DEBUG] matplotlib.font_manager: findfont: score(FontEntry(fname='C:\\Windows\\Fonts\\georgia.ttf', name='Georgia', style='normal', variant='normal', weight=400, stretch='normal', size='scalable')) = 10.05
14:39:16 [DEBUG] matplotlib.font_manager: findfont: score(FontEntry(fname='C:\\Windows\\Fonts\\tahoma.ttf', name='Tahoma', style='normal', variant='normal', weight=400, stretch='normal', size='scalable')) = 10.05
14:39:16 [DEBUG] matplotlib.font_manager: findfont: score(FontEntry(fname='C:\\Windows\\Fonts\\FRSCRIPT.TTF', name='French Script MT', style='normal', variant='normal', weight=400, stretch='normal', size='scalable')) = 10.05
14:39:16 [DEBUG] matplotlib.font_manager: findfont: score(FontEntry(fname='C:\\Windows\\Fonts\\GOTHICI.TTF', name='Century Gothic', style='italic', variant='normal', weight=400, stretch='normal', size='scalable')) = 11.05
14:39:16 [DEBUG] matplotlib.font_manager: findfont: score(FontEntry(fname='C:\\Windows\\Fonts\\segoescb.ttf', name='Segoe Script', style='normal', variant='normal', weight=700, stretch='normal', size='scalable')) = 10.335
14:39:16 [DEBUG] matplotlib.font_manager: findfont: score(FontEntry(fname='C:\\Windows\\Fonts\\PRISTINA.TTF', name='Pristina', style='normal', variant='normal', weight=400, stretch='normal', size='scalable')) = 10.05
14:39:16 [DEBUG] matplotlib.font_manager: findfont: score(FontEntry(fname='C:\\Windows\\Fonts\\sylfaen.ttf', name='Sylfaen', style='normal', variant='normal', weight=400, stretch='normal', size='scalable')) = 10.05
14:39:16 [DEBUG] matplotlib.font_manager: findfont: score(FontEntry(fname='C:\\Windows\\Fonts\\ntailub.ttf', name='Microsoft New Tai Lue', style='normal', variant='normal', weight=700, stretch='normal', size='scalable')) = 10.335
14:39:16 [DEBUG] matplotlib.font_manager: findfont: score(FontEntry(fname='C:\\Windows\\Fonts\\seguisli.ttf', name='Segoe UI', style='italic', variant='normal', weight=350, stretch='normal', size='scalable')) = 11.0975
14:39:16 [DEBUG] matplotlib.font_manager: findfont: score(FontEntry(fname='C:\\Windows\\Fonts\\verdanaz.ttf', name='Verdana', style='italic', variant='normal', weight=700, stretch='normal', size='scalable')) = 11.335
14:39:16 [DEBUG] matplotlib.font_manager: findfont: score(FontEntry(fname='C:\\Windows\\Fonts\\webdings.ttf', name='Webdings', style='normal', variant='normal', weight=400, stretch='normal', size='scalable')) = 10.05
14:39:16 [DEBUG] matplotlib.font_manager: findfont: score(FontEntry(fname='C:\\Windows\\Fonts\\PAPYRUS.TTF', name='Papyrus', style='normal', variant='normal', weight=400, stretch='normal', size='scalable')) = 10.05
14:39:16 [DEBUG] matplotlib.font_manager: findfont: Matching sans\-serif:style=normal:variant=normal:weight=normal:stretch=normal:size=10.0 to SimHei ('C:\\Windows\\Fonts\\simhei.ttf') with score of 0.050000.
14:39:16 [DEBUG] matplotlib.font_manager: findfont: Matching sans\-serif:style=normal:variant=normal:weight=bold:stretch=normal:size=13.0.
14:39:16 [DEBUG] matplotlib.font_manager: findfont: score(FontEntry(fname='C:\\Users\\Administrator\\AppData\\Local\\Programs\\Python\\Python313\\Lib\\site-packages\\matplotlib\\mpl-data\\fonts\\ttf\\STIXSizFourSymReg.ttf', name='STIXSizeFourSym', style='normal', variant='normal', weight=400, stretch='normal', size='scalable')) = 10.335
14:39:16 [DEBUG] matplotlib.font_manager: findfont: score(FontEntry(fname='C:\\Users\\Administrator\\AppData\\Local\\Programs\\Python\\Python313\\Lib\\site-packages\\matplotlib\\mpl-data\\fonts\\ttf\\DejaVuSans-Oblique.ttf', name='DejaVu Sans', style='oblique', variant='normal', weight=400, stretch='normal', size='scalable')) = 9.335
14:39:16 [DEBUG] matplotlib.font_manager: findfont: score(FontEntry(fname='C:\\Users\\Administrator\\AppData\\Local\\Programs\\Python\\Python313\\Lib\\site-packages\\matplotlib\\mpl-data\\fonts\\ttf\\STIXGeneral.ttf', name='STIXGeneral', style='normal', variant='normal', weight=400, stretch='normal', size='scalable')) = 10.335
14:39:16 [DEBUG] matplotlib.font_manager: findfont: score(FontEntry(fname='C:\\Users\\Administrator\\AppData\\Local\\Programs\\Python\\Python313\\Lib\\site-packages\\matplotlib\\mpl-data\\fonts\\ttf\\STIXSizTwoSymBol.ttf', name='STIXSizeTwoSym', style='normal', variant='normal', weight=700, stretch='normal', size='scalable')) = 10.05
14:39:16 [DEBUG] matplotlib.font_manager: findfont: score(FontEntry(fname='C:\\Users\\Administrator\\AppData\\Local\\Programs\\Python\\Python313\\Lib\\site-packages\\matplotlib\\mpl-data\\fonts\\ttf\\STIXSizTwoSymReg.ttf', name='STIXSizeTwoSym', style='normal', variant='normal', weight=400, stretch='normal', size='scalable')) = 10.335
14:39:16 [DEBUG] matplotlib.font_manager: findfont: score(FontEntry(fname='C:\\Users\\Administrator\\AppData\\Local\\Programs\\Python\\Python313\\Lib\\site-packages\\matplotlib\\mpl-data\\fonts\\ttf\\DejaVuSansDisplay.ttf', name='DejaVu Sans Display', style='normal', variant='normal', weight=400, stretch='normal', size='scalable')) = 10.335
14:39:16 [DEBUG] matplotlib.font_manager: findfont: score(FontEntry(fname='C:\\Users\\Administrator\\AppData\\Local\\Programs\\Python\\Python313\\Lib\\site-packages\\matplotlib\\mpl-data\\fonts\\ttf\\cmsy10.ttf', name='cmsy10', style='normal', variant='normal', weight=400, stretch='normal', size='scalable')) = 10.335
14:39:16 [DEBUG] matplotlib.font_manager: findfont: score(FontEntry(fname='C:\\Users\\Administrator\\AppData\\Local\\Programs\\Python\\Python313\\Lib\\site-packages\\matplotlib\\mpl-data\\fonts\\ttf\\cmss10.ttf', name='cmss10', style='normal', variant='normal', weight=400, stretch='normal', size='scalable')) = 10.335
14:39:16 [DEBUG] matplotlib.font_manager: findfont: score(FontEntry(fname='C:\\Users\\Administrator\\AppData\\Local\\Programs\\Python\\Python313\\Lib\\site-packages\\matplotlib\\mpl-data\\fonts\\ttf\\cmtt10.ttf', name='cmtt10', style='normal', variant='normal', weight=400, stretch='normal', size='scalable')) = 10.335
14:39:16 [DEBUG] matplotlib.font_manager: findfont: score(FontEntry(fname='C:\\Users\\Administrator\\AppData\\Local\\Programs\\Python\\Python313\\Lib\\site-packages\\matplotlib\\mpl-data\\fonts\\ttf\\STIXNonUniIta.ttf', name='STIXNonUnicode', style='italic', variant='normal', weight=400, stretch='normal', size='scalable')) = 11.335
14:39:16 [DEBUG] matplotlib.font_manager: findfont: score(FontEntry(fname='C:\\Users\\Administrator\\AppData\\Local\\Programs\\Python\\Python313\\Lib\\site-packages\\matplotlib\\mpl-data\\fonts\\ttf\\DejaVuSansMono.ttf', name='DejaVu Sans Mono', style='normal', variant='normal', weight=400, stretch='normal', size='scalable')) = 10.335
14:39:16 [DEBUG] matplotlib.font_manager: findfont: score(FontEntry(fname='C:\\Users\\Administrator\\AppData\\Local\\Programs\\Python\\Python313\\Lib\\site-packages\\matplotlib\\mpl-data\\fonts\\ttf\\STIXSizOneSymBol.ttf', name='STIXSizeOneSym', style='normal', variant='normal', weight=700, stretch='normal', size='scalable')) = 10.05
14:39:16 [DEBUG] matplotlib.font_manager: findfont: score(FontEntry(fname='C:\\Users\\Administrator\\AppData\\Local\\Programs\\Python\\Python313\\Lib\\site-packages\\matplotlib\\mpl-data\\fonts\\ttf\\STIXGeneralItalic.ttf', name='STIXGeneral', style='italic', variant='normal', weight=400, stretch='normal', size='scalable')) = 11.335
14:39:16 [DEBUG] matplotlib.font_manager: findfont: score(FontEntry(fname='C:\\Users\\Administrator\\AppData\\Local\\Programs\\Python\\Python313\\Lib\\site-packages\\matplotlib\\mpl-data\\fonts\\ttf\\STIXSizThreeSymReg.ttf', name='STIXSizeThreeSym', style='normal', variant='normal', weight=400, stretch='normal', size='scalable')) = 10.335
14:39:16 [DEBUG] matplotlib.font_manager: findfont: score(FontEntry(fname='C:\\Users\\Administrator\\AppData\\Local\\Programs\\Python\\Python313\\Lib\\site-packages\\matplotlib\\mpl-data\\fonts\\ttf\\STIXSizThreeSymBol.ttf', name='STIXSizeThreeSym', style='normal', variant='normal', weight=700, stretch='normal', size='scalable')) = 10.05
14:39:16 [DEBUG] matplotlib.font_manager: findfont: score(FontEntry(fname='C:\\Users\\Administrator\\AppData\\Local\\Programs\\Python\\Python313\\Lib\\site-packages\\matplotlib\\mpl-data\\fonts\\ttf\\DejaVuSerif-Bold.ttf', name='DejaVu Serif', style='normal', variant='normal', weight=700, stretch='normal', size='scalable')) = 10.05
14:39:16 [DEBUG] matplotlib.font_manager: findfont: score(FontEntry(fname='C:\\Users\\Administrator\\AppData\\Local\\Programs\\Python\\Python313\\Lib\\site-packages\\matplotlib\\mpl-data\\fonts\\ttf\\DejaVuSansMono-Oblique.ttf', name='DejaVu Sans Mono', style='oblique', variant='normal', weight=400, stretch='normal', size='scalable')) = 11.335
14:39:16 [DEBUG] matplotlib.font_manager: findfont: score(FontEntry(fname='C:\\Users\\Administrator\\AppData\\Local\\Programs\\Python\\Python313\\Lib\\site-packages\\matplotlib\\mpl-data\\fonts\\ttf\\DejaVuSansMono-BoldOblique.ttf', name='DejaVu Sans Mono', style='oblique', variant='normal', weight=700, stretch='normal', size='scalable')) = 11.05
14:39:16 [DEBUG] matplotlib.font_manager: findfont: score(FontEntry(fname='C:\\Users\\Administrator\\AppData\\Local\\Programs\\Python\\Python313\\Lib\\site-packages\\matplotlib\\mpl-data\\fonts\\ttf\\DejaVuSerif.ttf', name='DejaVu Serif', style='normal', variant='normal', weight=400, stretch='normal', size='scalable')) = 10.335
14:39:16 [DEBUG] matplotlib.font_manager: findfont: score(FontEntry(fname='C:\\Users\\Administrator\\AppData\\Local\\Programs\\Python\\Python313\\Lib\\site-packages\\matplotlib\\mpl-data\\fonts\\ttf\\DejaVuSansMono-Bold.ttf', name='DejaVu Sans Mono', style='normal', variant='normal', weight=700, stretch='normal', size='scalable')) = 10.05
14:39:16 [DEBUG] matplotlib.font_manager: findfont: score(FontEntry(fname='C:\\Users\\Administrator\\AppData\\Local\\Programs\\Python\\Python313\\Lib\\site-packages\\matplotlib\\mpl-data\\fonts\\ttf\\cmex10.ttf', name='cmex10', style='normal', variant='normal', weight=400, stretch='normal', size='scalable')) = 10.335
14:39:16 [DEBUG] matplotlib.font_manager: findfont: score(FontEntry(fname='C:\\Users\\Administrator\\AppData\\Local\\Programs\\Python\\Python313\\Lib\\site-packages\\matplotlib\\mpl-data\\fonts\\ttf\\cmr10.ttf', name='cmr10', style='normal', variant='normal', weight=400, stretch='normal', size='scalable')) = 10.335
14:39:16 [DEBUG] matplotlib.font_manager: findfont: score(FontEntry(fname='C:\\Users\\Administrator\\AppData\\Local\\Programs\\Python\\Python313\\Lib\\site-packages\\matplotlib\\mpl-data\\fonts\\ttf\\STIXNonUniBolIta.ttf', name='STIXNonUnicode', style='italic', variant='normal', weight=700, stretch='normal', size='scalable')) = 11.05
14:39:16 [DEBUG] matplotlib.font_manager: findfont: score(FontEntry(fname='C:\\Users\\Administrator\\AppData\\Local\\Programs\\Python\\Python313\\Lib\\site-packages\\matplotlib\\mpl-data\\fonts\\ttf\\DejaVuSerif-Italic.ttf', name='DejaVu Serif', style='italic', variant='normal', weight=400, stretch='normal', size='scalable')) = 11.335
14:39:16 [DEBUG] matplotlib.font_manager: findfont: score(FontEntry(fname='C:\\Users\\Administrator\\AppData\\Local\\Programs\\Python\\Python313\\Lib\\site-packages\\matplotlib\\mpl-data\\fonts\\ttf\\DejaVuSans-Bold.ttf', name='DejaVu Sans', style='normal', variant='normal', weight=700, stretch='normal', size='scalable')) = 8.05
14:39:16 [DEBUG] matplotlib.font_manager: findfont: score(FontEntry(fname='C:\\Users\\Administrator\\AppData\\Local\\Programs\\Python\\Python313\\Lib\\site-packages\\matplotlib\\mpl-data\\fonts\\ttf\\STIXSizOneSymReg.ttf', name='STIXSizeOneSym', style='normal', variant='normal', weight=400, stretch='normal', size='scalable')) = 10.335
14:39:16 [DEBUG] matplotlib.font_manager: findfont: score(FontEntry(fname='C:\\Users\\Administrator\\AppData\\Local\\Programs\\Python\\Python313\\Lib\\site-packages\\matplotlib\\mpl-data\\fonts\\ttf\\cmb10.ttf', name='cmb10', style='normal', variant='normal', weight=400, stretch='normal', size='scalable')) = 10.335
14:39:16 [DEBUG] matplotlib.font_manager: findfont: score(FontEntry(fname='C:\\Users\\Administrator\\AppData\\Local\\Programs\\Python\\Python313\\Lib\\site-packages\\matplotlib\\mpl-data\\fonts\\ttf\\STIXSizFourSymBol.ttf', name='STIXSizeFourSym', style='normal', variant='normal', weight=700, stretch='normal', size='scalable')) = 10.05
14:39:16 [DEBUG] matplotlib.font_manager: findfont: score(FontEntry(fname='C:\\Users\\Administrator\\AppData\\Local\\Programs\\Python\\Python313\\Lib\\site-packages\\matplotlib\\mpl-data\\fonts\\ttf\\DejaVuSerif-BoldItalic.ttf', name='DejaVu Serif', style='italic', variant='normal', weight=700, stretch='normal', size='scalable')) = 11.05
14:39:16 [DEBUG] matplotlib.font_manager: findfont: score(FontEntry(fname='C:\\Users\\Administrator\\AppData\\Local\\Programs\\Python\\Python313\\Lib\\site-packages\\matplotlib\\mpl-data\\fonts\\ttf\\DejaVuSans.ttf', name='DejaVu Sans', style='normal', variant='normal', weight=400, stretch='normal', size='scalable')) = 8.335
14:39:16 [DEBUG] matplotlib.font_manager: findfont: score(FontEntry(fname='C:\\Users\\Administrator\\AppData\\Local\\Programs\\Python\\Python313\\Lib\\site-packages\\matplotlib\\mpl-data\\fonts\\ttf\\STIXGeneralBol.ttf', name='STIXGeneral', style='normal', variant='normal', weight=700, stretch='normal', size='scalable')) = 10.05
14:39:16 [DEBUG] matplotlib.font_manager: findfont: score(FontEntry(fname='C:\\Users\\Administrator\\AppData\\Local\\Programs\\Python\\Python313\\Lib\\site-packages\\matplotlib\\mpl-data\\fonts\\ttf\\STIXGeneralBolIta.ttf', name='STIXGeneral', style='italic', variant='normal', weight=700, stretch='normal', size='scalable')) = 11.05
14:39:16 [DEBUG] matplotlib.font_manager: findfont: score(FontEntry(fname='C:\\Users\\Administrator\\AppData\\Local\\Programs\\Python\\Python313\\Lib\\site-packages\\matplotlib\\mpl-data\\fonts\\ttf\\STIXNonUniBol.ttf', name='STIXNonUnicode', style='normal', variant='normal', weight=700, stretch='normal', size='scalable')) = 10.05
14:39:16 [DEBUG] matplotlib.font_manager: findfont: score(FontEntry(fname='C:\\Users\\Administrator\\AppData\\Local\\Programs\\Python\\Python313\\Lib\\site-packages\\matplotlib\\mpl-data\\fonts\\ttf\\DejaVuSerifDisplay.ttf', name='DejaVu Serif Display', style='normal', variant='normal', weight=400, stretch='normal', size='scalable')) = 10.335
14:39:16 [DEBUG] matplotlib.font_manager: findfont: score(FontEntry(fname='C:\\Users\\Administrator\\AppData\\Local\\Programs\\Python\\Python313\\Lib\\site-packages\\matplotlib\\mpl-data\\fonts\\ttf\\DejaVuSans-BoldOblique.ttf', name='DejaVu Sans', style='oblique', variant='normal', weight=700, stretch='normal', size='scalable')) = 9.05
14:39:16 [DEBUG] matplotlib.font_manager: findfont: score(FontEntry(fname='C:\\Users\\Administrator\\AppData\\Local\\Programs\\Python\\Python313\\Lib\\site-packages\\matplotlib\\mpl-data\\fonts\\ttf\\STIXNonUni.ttf', name='STIXNonUnicode', style='normal', variant='normal', weight=400, stretch='normal', size='scalable')) = 10.335
14:39:16 [DEBUG] matplotlib.font_manager: findfont: score(FontEntry(fname='C:\\Users\\Administrator\\AppData\\Local\\Programs\\Python\\Python313\\Lib\\site-packages\\matplotlib\\mpl-data\\fonts\\ttf\\STIXSizFiveSymReg.ttf', name='STIXSizeFiveSym', style='normal', variant='normal', weight=400, stretch='normal', size='scalable')) = 10.335
14:39:16 [DEBUG] matplotlib.font_manager: findfont: score(FontEntry(fname='C:\\Users\\Administrator\\AppData\\Local\\Programs\\Python\\Python313\\Lib\\site-packages\\matplotlib\\mpl-data\\fonts\\ttf\\cmmi10.ttf', name='cmmi10', style='normal', variant='normal', weight=400, stretch='normal', size='scalable')) = 10.335
14:39:16 [DEBUG] matplotlib.font_manager: findfont: score(FontEntry(fname='C:\\Windows\\Fonts\\SitkaVF.ttf', name='Sitka', style='normal', variant='normal', weight=400, stretch='normal', size='scalable')) = 10.335
14:39:16 [DEBUG] matplotlib.font_manager: findfont: score(FontEntry(fname='C:\\Windows\\Fonts\\msyi.ttf', name='Microsoft Yi Baiti', style='normal', variant='normal', weight=400, stretch='normal', size='scalable')) = 10.335
14:39:16 [DEBUG] matplotlib.font_manager: findfont: score(FontEntry(fname='C:\\Windows\\Fonts\\simfang.ttf', name='FangSong', style='normal', variant='normal', weight=400, stretch='normal', size='scalable')) = 10.335
14:39:16 [DEBUG] matplotlib.font_manager: findfont: score(FontEntry(fname='C:\\Windows\\Fonts\\calibril.ttf', name='Calibri', style='normal', variant='normal', weight=300, stretch='normal', size='scalable')) = 10.43
14:39:16 [DEBUG] matplotlib.font_manager: findfont: score(FontEntry(fname='C:\\Windows\\Fonts\\malgunsl.ttf', name='Malgun Gothic', style='normal', variant='normal', weight=300, stretch='normal', size='scalable')) = 10.43
14:39:16 [DEBUG] matplotlib.font_manager: findfont: score(FontEntry(fname='C:\\Windows\\Fonts\\times.ttf', name='Times New Roman', style='normal', variant='normal', weight=400, stretch='normal', size='scalable')) = 10.335
14:39:16 [DEBUG] matplotlib.font_manager: findfont: score(FontEntry(fname='C:\\Windows\\Fonts\\corbell.ttf', name='Corbel', style='normal', variant='normal', weight=300, stretch='normal', size='scalable')) = 10.43
14:39:16 [DEBUG] matplotlib.font_manager: findfont: score(FontEntry(fname='C:\\Windows\\Fonts\\Dengb.ttf', name='DengXian', style='normal', variant='normal', weight=700, stretch='normal', size='scalable')) = 10.05
14:39:16 [DEBUG] matplotlib.font_manager: findfont: score(FontEntry(fname='C:\\Windows\\Fonts\\Candarab.ttf', name='Candara', style='normal', variant='normal', weight=700, stretch='normal', size='scalable')) = 10.05
14:39:16 [DEBUG] matplotlib.font_manager: findfont: score(FontEntry(fname='C:\\Windows\\Fonts\\STXIHEI.TTF', name='STXihei', style='normal', variant='normal', weight=400, stretch='normal', size='scalable')) = 10.335
14:39:16 [DEBUG] matplotlib.font_manager: findfont: score(FontEntry(fname='C:\\Windows\\Fonts\\FZYTK.TTF', name='FZYaoTi', style='normal', variant='normal', weight=400, stretch='normal', size='scalable')) = 10.335
14:39:16 [DEBUG] matplotlib.font_manager: findfont: score(FontEntry(fname='C:\\Windows\\Fonts\\palab.ttf', name='Palatino Linotype', style='normal', variant='normal', weight=700, stretch='normal', size='scalable')) = 10.05
14:39:16 [DEBUG] matplotlib.font_manager: findfont: score(FontEntry(fname='C:\\Windows\\Fonts\\BOOKOS.TTF', name='Bookman Old Style', style='normal', variant='normal', weight=300, stretch='normal', size='scalable')) = 10.43
14:39:16 [DEBUG] matplotlib.font_manager: findfont: score(FontEntry(fname='C:\\Windows\\Fonts\\GOTHIC.TTF', name='Century Gothic', style='normal', variant='normal', weight=400, stretch='normal', size='scalable')) = 10.335
14:39:16 [DEBUG] matplotlib.font_manager: findfont: score(FontEntry(fname='C:\\Windows\\Fonts\\comicbd.ttf', name='Comic Sans MS', style='normal', variant='normal', weight=700, stretch='normal', size='scalable')) = 10.05
14:39:16 [DEBUG] matplotlib.font_manager: findfont: score(FontEntry(fname='C:\\Windows\\Fonts\\ARIALNBI.TTF', name='Arial', style='italic', variant='normal', weight=700, stretch='condensed', size='scalable')) = 11.25
14:39:16 [DEBUG] matplotlib.font_manager: findfont: score(FontEntry(fname='C:\\Windows\\Fonts\\msgothic.ttc', name='MS Gothic', style='normal', variant='normal', weight=400, stretch='normal', size='scalable')) = 10.335
14:39:16 [DEBUG] matplotlib.font_manager: findfont: score(FontEntry(fname='C:\\Windows\\Fonts\\malgun.ttf', name='Malgun Gothic', style='normal', variant='normal', weight=400, stretch='normal', size='scalable')) = 10.335
14:39:16 [DEBUG] matplotlib.font_manager: findfont: score(FontEntry(fname='C:\\Windows\\Fonts\\consola.ttf', name='Consolas', style='normal', variant='normal', weight=400, stretch='normal', size='scalable')) = 10.335
14:39:16 [DEBUG] matplotlib.font_manager: findfont: score(FontEntry(fname='C:\\Windows\\Fonts\\seguibli.ttf', name='Segoe UI', style='italic', variant='normal', weight=900, stretch='normal', size='scalable')) = 11.24
14:39:16 [DEBUG] matplotlib.font_manager: findfont: score(FontEntry(fname='C:\\Windows\\Fonts\\LeelaUIb.ttf', name='Leelawadee UI', style='normal', variant='normal', weight=700, stretch='normal', size='scalable')) = 10.05
14:39:16 [DEBUG] matplotlib.font_manager: findfont: score(FontEntry(fname='C:\\Windows\\Fonts\\simsunb.ttf', name='SimSun-ExtB', style='normal', variant='normal', weight=400, stretch='normal', size='scalable')) = 10.335
14:39:16 [DEBUG] matplotlib.font_manager: findfont: score(FontEntry(fname='C:\\Windows\\Fonts\\verdanai.ttf', name='Verdana', style='italic', variant='normal', weight=400, stretch='normal', size='scalable')) = 11.335
14:39:16 [DEBUG] matplotlib.font_manager: findfont: score(FontEntry(fname='C:\\Windows\\Fonts\\consolaz.ttf', name='Consolas', style='italic', variant='normal', weight=700, stretch='normal', size='scalable')) = 11.05
14:39:16 [DEBUG] matplotlib.font_manager: findfont: score(FontEntry(fname='C:\\Windows\\Fonts\\SIMYOU.TTF', name='YouYuan', style='normal', variant='normal', weight=400, stretch='normal', size='scalable')) = 10.335
14:39:16 [DEBUG] matplotlib.font_manager: findfont: score(FontEntry(fname='C:\\Windows\\Fonts\\lucon.ttf', name='Lucida Console', style='normal', variant='normal', weight=400, stretch='normal', size='scalable')) = 10.335
14:39:16 [DEBUG] matplotlib.font_manager: findfont: score(FontEntry(fname='C:\\Windows\\Fonts\\ANTQUABI.TTF', name='Book Antiqua', style='italic', variant='normal', weight=700, stretch='normal', size='scalable')) = 11.05
14:39:16 [DEBUG] matplotlib.font_manager: findfont: score(FontEntry(fname='C:\\Windows\\Fonts\\seguisym.ttf', name='Segoe UI Symbol', style='normal', variant='normal', weight=400, stretch='normal', size='scalable')) = 10.335
14:39:16 [DEBUG] matplotlib.font_manager: findfont: score(FontEntry(fname='C:\\Windows\\Fonts\\STSONG.TTF', name='STSong', style='normal', variant='normal', weight=400, stretch='normal', size='scalable')) = 10.335
14:39:16 [DEBUG] matplotlib.font_manager: findfont: score(FontEntry(fname='C:\\Windows\\Fonts\\cambriaz.ttf', name='Cambria', style='italic', variant='normal', weight=700, stretch='normal', size='scalable')) = 11.05
14:39:16 [DEBUG] matplotlib.font_manager: findfont: score(FontEntry(fname='C:\\Windows\\Fonts\\segoeui.ttf', name='Segoe UI', style='normal', variant='normal', weight=400, stretch='normal', size='scalable')) = 10.335
14:39:16 [DEBUG] matplotlib.font_manager: findfont: score(FontEntry(fname='C:\\Windows\\Fonts\\malgunbd.ttf', name='Malgun Gothic', style='normal', variant='normal', weight=700, stretch='normal', size='scalable')) = 10.05
14:39:16 [DEBUG] matplotlib.font_manager: findfont: score(FontEntry(fname='C:\\Windows\\Fonts\\FZSTK.TTF', name='FZShuTi', style='normal', variant='normal', weight=400, stretch='normal', size='scalable')) = 10.335
14:39:16 [DEBUG] matplotlib.font_manager: findfont: score(FontEntry(fname='C:\\Windows\\Fonts\\DUBAI-LIGHT.TTF', name='Dubai', style='normal', variant='normal', weight=300, stretch='normal', size='scalable')) = 10.43
14:39:16 [DEBUG] matplotlib.font_manager: findfont: score(FontEntry(fname='C:\\Windows\\Fonts\\STFANGSO.TTF', name='STFangsong', style='normal', variant='normal', weight=400, stretch='normal', size='scalable')) = 10.335
14:39:16 [DEBUG] matplotlib.font_manager: findfont: score(FontEntry(fname='C:\\Windows\\Fonts\\LEELAWAD.TTF', name='Leelawadee', style='normal', variant='normal', weight=400, stretch='normal', size='scalable')) = 10.335
14:39:16 [DEBUG] matplotlib.font_manager: findfont: score(FontEntry(fname='C:\\Windows\\Fonts\\BOOKOSB.TTF', name='Bookman Old Style', style='normal', variant='normal', weight=600, stretch='normal', size='scalable')) = 10.145
14:39:16 [DEBUG] matplotlib.font_manager: findfont: score(FontEntry(fname='C:\\Windows\\Fonts\\cambria.ttc', name='Cambria', style='normal', variant='normal', weight=400, stretch='normal', size='scalable')) = 10.335
14:39:16 [DEBUG] matplotlib.font_manager: findfont: score(FontEntry(fname='C:\\Windows\\Fonts\\Candaraz.ttf', name='Candara', style='italic', variant='normal', weight=700, stretch='normal', size='scalable')) = 11.05
14:39:16 [DEBUG] matplotlib.font_manager: findfont: score(FontEntry(fname='C:\\Windows\\Fonts\\segoepr.ttf', name='Segoe Print', style='normal', variant='normal', weight=400, stretch='normal', size='scalable')) = 10.335
14:39:16 [DEBUG] matplotlib.font_manager: findfont: score(FontEntry(fname='C:\\Windows\\Fonts\\comic.ttf', name='Comic Sans MS', style='normal', variant='normal', weight=400, stretch='normal', size='scalable')) = 10.335
14:39:16 [DEBUG] matplotlib.font_manager: findfont: score(FontEntry(fname='C:\\Windows\\Fonts\\phagspab.ttf', name='Microsoft PhagsPa', style='normal', variant='normal', weight=700, stretch='normal', size='scalable')) = 10.05
14:39:16 [DEBUG] matplotlib.font_manager: findfont: score(FontEntry(fname='C:\\Windows\\Fonts\\timesbi.ttf', name='Times New Roman', style='italic', variant='normal', weight=700, stretch='normal', size='scalable')) = 11.05
14:39:16 [DEBUG] matplotlib.font_manager: findfont: score(FontEntry(fname='C:\\Windows\\Fonts\\SansSerifCollection.ttf', name='Sans Serif Collection', style='normal', variant='normal', weight=400, stretch='normal', size='scalable')) = 10.335
14:39:16 [DEBUG] matplotlib.font_manager: findfont: score(FontEntry(fname='C:\\Windows\\Fonts\\ariali.ttf', name='Arial', style='italic', variant='normal', weight=400, stretch='normal', size='scalable')) = 11.335
14:39:16 [DEBUG] matplotlib.font_manager: findfont: score(FontEntry(fname='C:\\Windows\\Fonts\\LHANDW.TTF', name='Lucida Handwriting', style='italic', variant='normal', weight=400, stretch='normal', size='scalable')) = 11.335
14:39:16 [DEBUG] matplotlib.font_manager: findfont: score(FontEntry(fname='C:\\Windows\\Fonts\\Gabriola.ttf', name='Gabriola', style='normal', variant='normal', weight=400, stretch='normal', size='scalable')) = 10.335
14:39:16 [DEBUG] matplotlib.font_manager: findfont: score(FontEntry(fname='C:\\Windows\\Fonts\\mvboli.ttf', name='MV Boli', style='normal', variant='normal', weight=400, stretch='normal', size='scalable')) = 10.335
14:39:16 [DEBUG] matplotlib.font_manager: findfont: score(FontEntry(fname='C:\\Windows\\Fonts\\WINGDNG3.TTF', name='Wingdings 3', style='normal', variant='normal', weight=400, stretch='normal', size='scalable')) = 10.335
14:39:16 [DEBUG] matplotlib.font_manager: findfont: score(FontEntry(fname='C:\\Windows\\Fonts\\seguili.ttf', name='Segoe UI', style='italic', variant='normal', weight=300, stretch='normal', size='scalable')) = 11.43
14:39:16 [DEBUG] matplotlib.font_manager: findfont: score(FontEntry(fname='C:\\Windows\\Fonts\\micross.ttf', name='Microsoft Sans Serif', style='normal', variant='normal', weight=400, stretch='normal', size='scalable')) = 10.335
14:39:16 [DEBUG] matplotlib.font_manager: findfont: score(FontEntry(fname='C:\\Windows\\Fonts\\tahomabd.ttf', name='Tahoma', style='normal', variant='normal', weight=700, stretch='normal', size='scalable')) = 10.05
14:39:16 [DEBUG] matplotlib.font_manager: findfont: score(FontEntry(fname='C:\\Windows\\Fonts\\calibrili.ttf', name='Calibri', style='italic', variant='normal', weight=300, stretch='normal', size='scalable')) = 11.43
14:39:16 [DEBUG] matplotlib.font_manager: findfont: score(FontEntry(fname='C:\\Windows\\Fonts\\msyhl.ttc', name='Microsoft YaHei', style='normal', variant='normal', weight=290, stretch='normal', size='scalable')) = 2.4395
14:39:16 [DEBUG] matplotlib.font_manager: findfont: score(FontEntry(fname='C:\\Windows\\Fonts\\MSUIGHUR.TTF', name='Microsoft Uighur', style='normal', variant='normal', weight=400, stretch='normal', size='scalable')) = 10.335
14:39:16 [DEBUG] matplotlib.font_manager: findfont: score(FontEntry(fname='C:\\Windows\\Fonts\\segoeuii.ttf', name='Segoe UI', style='italic', variant='normal', weight=400, stretch='normal', size='scalable')) = 11.335
14:39:16 [DEBUG] matplotlib.font_manager: findfont: score(FontEntry(fname='C:\\Windows\\Fonts\\STXINWEI.TTF', name='STXinwei', style='normal', variant='normal', weight=400, stretch='normal', size='scalable')) = 10.335
14:39:16 [DEBUG] matplotlib.font_manager: findfont: score(FontEntry(fname='C:\\Windows\\Fonts\\seguisb.ttf', name='Segoe UI', style='normal', variant='normal', weight=600, stretch='normal', size='scalable')) = 10.145
14:39:16 [DEBUG] matplotlib.font_manager: findfont: score(FontEntry(fname='C:\\Windows\\Fonts\\seguihis.ttf', name='Segoe UI Historic', style='normal', variant='normal', weight=400, stretch='normal', size='scalable')) = 10.335
14:39:16 [DEBUG] matplotlib.font_manager: findfont: score(FontEntry(fname='C:\\Windows\\Fonts\\comici.ttf', name='Comic Sans MS', style='italic', variant='normal', weight=400, stretch='normal', size='scalable')) = 11.335
14:39:16 [DEBUG] matplotlib.font_manager: findfont: score(FontEntry(fname='C:\\Windows\\Fonts\\holomdl2.ttf', name='HoloLens MDL2 Assets', style='normal', variant='normal', weight=400, stretch='normal', size='scalable')) = 10.335
14:39:16 [DEBUG] matplotlib.font_manager: findfont: score(FontEntry(fname='C:\\Windows\\Fonts\\segoeuisl.ttf', name='Segoe UI', style='normal', variant='normal', weight=350, stretch='normal', size='scalable')) = 10.3825
14:39:16 [DEBUG] matplotlib.font_manager: findfont: score(FontEntry(fname='C:\\Windows\\Fonts\\constanb.ttf', name='Constantia', style='normal', variant='normal', weight=700, stretch='normal', size='scalable')) = 10.05
14:39:16 [DEBUG] matplotlib.font_manager: findfont: score(FontEntry(fname='C:\\Windows\\Fonts\\SegUIVar.ttf', name='Segoe UI Variable', style='normal', variant='normal', weight=400, stretch='normal', size='scalable')) = 10.335
14:39:16 [DEBUG] matplotlib.font_manager: findfont: score(FontEntry(fname='C:\\Windows\\Fonts\\couri.ttf', name='Courier New', style='italic', variant='normal', weight=400, stretch='normal', size='scalable')) = 11.335
14:39:16 [DEBUG] matplotlib.font_manager: findfont: score(FontEntry(fname='C:\\Windows\\Fonts\\JUICE___.TTF', name='Juice ITC', style='normal', variant='normal', weight=400, stretch='normal', size='scalable')) = 10.335
14:39:16 [DEBUG] matplotlib.font_manager: findfont: score(FontEntry(fname='C:\\Windows\\Fonts\\taileb.ttf', name='Microsoft Tai Le', style='normal', variant='normal', weight=700, stretch='normal', size='scalable')) = 10.05
14:39:16 [DEBUG] matplotlib.font_manager: findfont: score(FontEntry(fname='C:\\Windows\\Fonts\\wingding.ttf', name='Wingdings', style='normal', variant='normal', weight=400, stretch='normal', size='scalable')) = 10.335
14:39:16 [DEBUG] matplotlib.font_manager: findfont: score(FontEntry(fname='C:\\Windows\\Fonts\\trebuc.ttf', name='Trebuchet MS', style='normal', variant='normal', weight=400, stretch='normal', size='scalable')) = 10.335
14:39:16 [DEBUG] matplotlib.font_manager: findfont: score(FontEntry(fname='C:\\Windows\\Fonts\\Candarali.ttf', name='Candara', style='italic', variant='normal', weight=400, stretch='normal', size='scalable')) = 11.335
14:39:16 [DEBUG] matplotlib.font_manager: findfont: score(FontEntry(fname='C:\\Windows\\Fonts\\Dengl.ttf', name='DengXian', style='normal', variant='normal', weight=300, stretch='normal', size='scalable')) = 10.43
14:39:16 [DEBUG] matplotlib.font_manager: findfont: score(FontEntry(fname='C:\\Windows\\Fonts\\constan.ttf', name='Constantia', style='normal', variant='normal', weight=400, stretch='normal', size='scalable')) = 10.335
14:39:16 [DEBUG] matplotlib.font_manager: findfont: score(FontEntry(fname='C:\\Users\\Administrator\\AppData\\Local\\Microsoft\\Windows\\Fonts\\UbuntuMono[wght].ttf', name='Ubuntu Mono', style='normal', variant='normal', weight=400, stretch='normal', size='scalable')) = 10.335
14:39:16 [DEBUG] matplotlib.font_manager: findfont: score(FontEntry(fname='C:\\Windows\\Fonts\\taile.ttf', name='Microsoft Tai Le', style='normal', variant='normal', weight=400, stretch='normal', size='scalable')) = 10.335
14:39:16 [DEBUG] matplotlib.font_manager: findfont: score(FontEntry(fname='C:\\Windows\\Fonts\\corbel.ttf', name='Corbel', style='normal', variant='normal', weight=400, stretch='normal', size='scalable')) = 10.335
14:39:16 [DEBUG] matplotlib.font_manager: findfont: score(FontEntry(fname='C:\\Windows\\Fonts\\MSUIGHUB.TTF', name='Microsoft Uighur', style='normal', variant='normal', weight=700, stretch='normal', size='scalable')) = 10.05
14:39:16 [DEBUG] matplotlib.font_manager: findfont: score(FontEntry(fname='C:\\Windows\\Fonts\\msjhl.ttc', name='Microsoft JhengHei', style='normal', variant='normal', weight=290, stretch='normal', size='scalable')) = 10.4395
14:39:16 [DEBUG] matplotlib.font_manager: findfont: score(FontEntry(fname='C:\\Windows\\Fonts\\gadugi.ttf', name='Gadugi', style='normal', variant='normal', weight=400, stretch='normal', size='scalable')) = 10.335
14:39:16 [DEBUG] matplotlib.font_manager: findfont: score(FontEntry(fname='C:\\Windows\\Fonts\\LeelawUI.ttf', name='Leelawadee UI', style='normal', variant='normal', weight=400, stretch='normal', size='scalable')) = 10.335
14:39:16 [DEBUG] matplotlib.font_manager: findfont: score(FontEntry(fname='C:\\Windows\\Fonts\\framd.ttf', name='Franklin Gothic Medium', style='normal', variant='normal', weight=400, stretch='normal', size='scalable')) = 10.335
14:39:16 [DEBUG] matplotlib.font_manager: findfont: score(FontEntry(fname='C:\\Windows\\Fonts\\javatext.ttf', name='Javanese Text', style='normal', variant='normal', weight=400, stretch='normal', size='scalable')) = 10.335
14:39:16 [DEBUG] matplotlib.font_manager: findfont: score(FontEntry(fname='C:\\Windows\\Fonts\\NirmalaB.ttf', name='Nirmala UI', style='normal', variant='normal', weight=700, stretch='normal', size='scalable')) = 10.05
14:39:16 [DEBUG] matplotlib.font_manager: findfont: score(FontEntry(fname='C:\\Windows\\Fonts\\monbaiti.ttf', name='Mongolian Baiti', style='normal', variant='normal', weight=400, stretch='normal', size='scalable')) = 10.335
14:39:16 [DEBUG] matplotlib.font_manager: findfont: score(FontEntry(fname='C:\\Windows\\Fonts\\YuGothB.ttc', name='Yu Gothic', style='normal', variant='normal', weight=700, stretch='normal', size='scalable')) = 10.05
14:39:16 [DEBUG] matplotlib.font_manager: findfont: score(FontEntry(fname='C:\\Windows\\Fonts\\timesi.ttf', name='Times New Roman', style='italic', variant='normal', weight=400, stretch='normal', size='scalable')) = 11.335
14:39:16 [DEBUG] matplotlib.font_manager: findfont: score(FontEntry(fname='C:\\Windows\\Fonts\\YuGothL.ttc', name='Yu Gothic', style='normal', variant='normal', weight=300, stretch='normal', size='scalable')) = 10.43
14:39:16 [DEBUG] matplotlib.font_manager: findfont: score(FontEntry(fname='C:\\Windows\\Fonts\\framdit.ttf', name='Franklin Gothic Medium', style='italic', variant='normal', weight=400, stretch='normal', size='scalable')) = 11.335
14:39:16 [DEBUG] matplotlib.font_manager: findfont: score(FontEntry(fname='C:\\Windows\\Fonts\\SitkaVF-Italic.ttf', name='Sitka', style='italic', variant='normal', weight=400, stretch='normal', size='scalable')) = 11.335
14:39:16 [DEBUG] matplotlib.font_manager: findfont: score(FontEntry(fname='C:\\Windows\\Fonts\\BKANT.TTF', name='Book Antiqua', style='normal', variant='normal', weight=400, stretch='normal', size='scalable')) = 10.335
14:39:16 [DEBUG] matplotlib.font_manager: findfont: score(FontEntry(fname='C:\\Windows\\Fonts\\ntailu.ttf', name='Microsoft New Tai Lue', style='normal', variant='normal', weight=400, stretch='normal', size='scalable')) = 10.335
14:39:16 [DEBUG] matplotlib.font_manager: findfont: score(FontEntry(fname='C:\\Windows\\Fonts\\ebrima.ttf', name='Ebrima', style='normal', variant='normal', weight=400, stretch='normal', size='scalable')) = 10.335
14:39:16 [DEBUG] matplotlib.font_manager: findfont: score(FontEntry(fname='C:\\Windows\\Fonts\\seguisbi.ttf', name='Segoe UI', style='italic', variant='normal', weight=600, stretch='normal', size='scalable')) = 11.145
14:39:16 [DEBUG] matplotlib.font_manager: findfont: score(FontEntry(fname='C:\\Windows\\Fonts\\STLITI.TTF', name='STLiti', style='normal', variant='normal', weight=400, stretch='normal', size='scalable')) = 10.335
14:39:16 [DEBUG] matplotlib.font_manager: findfont: score(FontEntry(fname='C:\\Windows\\Fonts\\seguiemj.ttf', name='Segoe UI Emoji', style='normal', variant='normal', weight=400, stretch='normal', size='scalable')) = 10.335
14:39:16 [DEBUG] matplotlib.font_manager: findfont: score(FontEntry(fname='C:\\Windows\\Fonts\\Candara.ttf', name='Candara', style='normal', variant='normal', weight=400, stretch='normal', size='scalable')) = 10.335
14:39:16 [DEBUG] matplotlib.font_manager: findfont: score(FontEntry(fname='C:\\Windows\\Fonts\\seguibl.ttf', name='Segoe UI', style='normal', variant='normal', weight=900, stretch='normal', size='scalable')) = 10.24
14:39:16 [DEBUG] matplotlib.font_manager: findfont: score(FontEntry(fname='C:\\Windows\\Fonts\\NirmalaS.ttf', name='Nirmala UI', style='normal', variant='normal', weight=350, stretch='normal', size='scalable')) = 10.3825
14:39:16 [DEBUG] matplotlib.font_manager: findfont: score(FontEntry(fname='C:\\Windows\\Fonts\\segoeprb.ttf', name='Segoe Print', style='normal', variant='normal', weight=700, stretch='normal', size='scalable')) = 10.05
14:39:16 [DEBUG] matplotlib.font_manager: findfont: score(FontEntry(fname='C:\\Windows\\Fonts\\GOTHICBI.TTF', name='Century Gothic', style='italic', variant='normal', weight=700, stretch='normal', size='scalable')) = 11.05
14:39:16 [DEBUG] matplotlib.font_manager: findfont: score(FontEntry(fname='C:\\Windows\\Fonts\\cambriai.ttf', name='Cambria', style='italic', variant='normal', weight=400, stretch='normal', size='scalable')) = 11.335
14:39:16 [DEBUG] matplotlib.font_manager: findfont: score(FontEntry(fname='C:\\Windows\\Fonts\\CENTURY.TTF', name='Century', style='normal', variant='normal', weight=400, stretch='normal', size='scalable')) = 10.335
14:39:16 [DEBUG] matplotlib.font_manager: findfont: score(FontEntry(fname='C:\\Windows\\Fonts\\symbol.ttf', name='Symbol', style='normal', variant='normal', weight=400, stretch='normal', size='scalable')) = 10.335
14:39:16 [DEBUG] matplotlib.font_manager: findfont: score(FontEntry(fname='C:\\Windows\\Fonts\\msjh.ttc', name='Microsoft JhengHei', style='normal', variant='normal', weight=400, stretch='normal', size='scalable')) = 10.335
14:39:16 [DEBUG] matplotlib.font_manager: findfont: score(FontEntry(fname='C:\\Windows\\Fonts\\FREESCPT.TTF', name='Freestyle Script', style='normal', variant='normal', weight=400, stretch='normal', size='scalable')) = 10.335
14:39:16 [DEBUG] matplotlib.font_manager: findfont: score(FontEntry(fname='C:\\Windows\\Fonts\\timesbd.ttf', name='Times New Roman', style='normal', variant='normal', weight=700, stretch='normal', size='scalable')) = 10.05
14:39:16 [DEBUG] matplotlib.font_manager: findfont: score(FontEntry(fname='C:\\Windows\\Fonts\\MISTRAL.TTF', name='Mistral', style='normal', variant='normal', weight=400, stretch='normal', size='scalable')) = 10.335
14:39:16 [DEBUG] matplotlib.font_manager: findfont: score(FontEntry(fname='C:\\Windows\\Fonts\\ITCKRIST.TTF', name='Kristen ITC', style='normal', variant='normal', weight=400, stretch='normal', size='scalable')) = 10.335
14:39:16 [DEBUG] matplotlib.font_manager: findfont: score(FontEntry(fname='C:\\Windows\\Fonts\\ARIALNI.TTF', name='Arial', style='italic', variant='normal', weight=400, stretch='condensed', size='scalable')) = 11.535
14:39:16 [DEBUG] matplotlib.font_manager: findfont: score(FontEntry(fname='C:\\Windows\\Fonts\\mmrtextb.ttf', name='Myanmar Text', style='normal', variant='normal', weight=700, stretch='normal', size='scalable')) = 10.05
14:39:16 [DEBUG] matplotlib.font_manager: findfont: score(FontEntry(fname='C:\\Windows\\Fonts\\LeelUIsl.ttf', name='Leelawadee UI', style='normal', variant='normal', weight=350, stretch='normal', size='scalable')) = 10.3825
14:39:16 [DEBUG] matplotlib.font_manager: findfont: score(FontEntry(fname='C:\\Windows\\Fonts\\BRADHITC.TTF', name='Bradley Hand ITC', style='normal', variant='normal', weight=400, stretch='normal', size='scalable')) = 10.335
14:39:16 [DEBUG] matplotlib.font_manager: findfont: score(FontEntry(fname='C:\\Windows\\Fonts\\calibri.ttf', name='Calibri', style='normal', variant='normal', weight=400, stretch='normal', size='scalable')) = 10.335
14:39:16 [DEBUG] matplotlib.font_manager: findfont: score(FontEntry(fname='C:\\Windows\\Fonts\\Deng.ttf', name='DengXian', style='normal', variant='normal', weight=400, stretch='normal', size='scalable')) = 10.335
14:39:16 [DEBUG] matplotlib.font_manager: findfont: score(FontEntry(fname='C:\\Windows\\Fonts\\STKAITI.TTF', name='STKaiti', style='normal', variant='normal', weight=400, stretch='normal', size='scalable')) = 10.335
14:39:16 [DEBUG] matplotlib.font_manager: findfont: score(FontEntry(fname='C:\\Windows\\Fonts\\Inkfree.ttf', name='Ink Free', style='normal', variant='normal', weight=400, stretch='normal', size='scalable')) = 10.335
14:39:16 [DEBUG] matplotlib.font_manager: findfont: score(FontEntry(fname='C:\\Windows\\Fonts\\msjhbd.ttc', name='Microsoft JhengHei', style='normal', variant='normal', weight=700, stretch='normal', size='scalable')) = 10.05
14:39:16 [DEBUG] matplotlib.font_manager: findfont: score(FontEntry(fname='C:\\Windows\\Fonts\\simhei.ttf', name='SimHei', style='normal', variant='normal', weight=400, stretch='normal', size='scalable')) = 0.33499999999999996
14:39:16 [DEBUG] matplotlib.font_manager: findfont: score(FontEntry(fname='C:\\Windows\\Fonts\\STZHONGS.TTF', name='STZhongsong', style='normal', variant='normal', weight=400, stretch='normal', size='scalable')) = 10.335
14:39:16 [DEBUG] matplotlib.font_manager: findfont: score(FontEntry(fname='C:\\Windows\\Fonts\\georgiai.ttf', name='Georgia', style='italic', variant='normal', weight=400, stretch='normal', size='scalable')) = 11.335
14:39:16 [DEBUG] matplotlib.font_manager: findfont: score(FontEntry(fname='C:\\Windows\\Fonts\\calibriz.ttf', name='Calibri', style='italic', variant='normal', weight=700, stretch='normal', size='scalable')) = 11.05
14:39:16 [DEBUG] matplotlib.font_manager: findfont: score(FontEntry(fname='C:\\Windows\\Fonts\\comicz.ttf', name='Comic Sans MS', style='italic', variant='normal', weight=700, stretch='normal', size='scalable')) = 11.05
14:39:16 [DEBUG] matplotlib.font_manager: findfont: score(FontEntry(fname='C:\\Windows\\Fonts\\impact.ttf', name='Impact', style='normal', variant='normal', weight=400, stretch='normal', size='scalable')) = 10.335
14:39:16 [DEBUG] matplotlib.font_manager: findfont: score(FontEntry(fname='C:\\Windows\\Fonts\\pala.ttf', name='Palatino Linotype', style='normal', variant='normal', weight=400, stretch='normal', size='scalable')) = 10.335
14:39:16 [DEBUG] matplotlib.font_manager: findfont: score(FontEntry(fname='C:\\Windows\\Fonts\\Candarai.ttf', name='Candara', style='italic', variant='normal', weight=400, stretch='normal', size='scalable')) = 11.335
14:39:16 [DEBUG] matplotlib.font_manager: findfont: score(FontEntry(fname='C:\\Windows\\Fonts\\consolai.ttf', name='Consolas', style='italic', variant='normal', weight=400, stretch='normal', size='scalable')) = 11.335
14:39:16 [DEBUG] matplotlib.font_manager: findfont: score(FontEntry(fname='C:\\Windows\\Fonts\\msyh.ttc', name='Microsoft YaHei', style='normal', variant='normal', weight=400, stretch='normal', size='scalable')) = 2.335
14:39:16 [DEBUG] matplotlib.font_manager: findfont: score(FontEntry(fname='C:\\Windows\\Fonts\\STHUPO.TTF', name='STHupo', style='normal', variant='normal', weight=400, stretch='normal', size='scalable')) = 10.335
14:39:16 [DEBUG] matplotlib.font_manager: findfont: score(FontEntry(fname='C:\\Windows\\Fonts\\GARA.TTF', name='Garamond', style='normal', variant='normal', weight=400, stretch='normal', size='scalable')) = 10.335
14:39:16 [DEBUG] matplotlib.font_manager: findfont: score(FontEntry(fname='C:\\Windows\\Fonts\\arial.ttf', name='Arial', style='normal', variant='normal', weight=400, stretch='normal', size='scalable')) = 10.335
14:39:16 [DEBUG] matplotlib.font_manager: findfont: score(FontEntry(fname='C:\\Windows\\Fonts\\georgiaz.ttf', name='Georgia', style='italic', variant='normal', weight=700, stretch='normal', size='scalable')) = 11.05
14:39:16 [DEBUG] matplotlib.font_manager: findfont: score(FontEntry(fname='C:\\Windows\\Fonts\\trebucbi.ttf', name='Trebuchet MS', style='italic', variant='normal', weight=700, stretch='normal', size='scalable')) = 11.05
14:39:16 [DEBUG] matplotlib.font_manager: findfont: score(FontEntry(fname='C:\\Windows\\Fonts\\simsun.ttc', name='SimSun', style='normal', variant='normal', weight=400, stretch='normal', size='scalable')) = 10.335
14:39:16 [DEBUG] matplotlib.font_manager: findfont: score(FontEntry(fname='C:\\Windows\\Fonts\\mmrtext.ttf', name='Myanmar Text', style='normal', variant='normal', weight=400, stretch='normal', size='scalable')) = 10.335
14:39:16 [DEBUG] matplotlib.font_manager: findfont: score(FontEntry(fname='C:\\Windows\\Fonts\\palai.ttf', name='Palatino Linotype', style='italic', variant='normal', weight=400, stretch='normal', size='scalable')) = 11.335
14:39:16 [DEBUG] matplotlib.font_manager: findfont: score(FontEntry(fname='C:\\Windows\\Fonts\\trebucit.ttf', name='Trebuchet MS', style='italic', variant='normal', weight=400, stretch='normal', size='scalable')) = 11.335
14:39:16 [DEBUG] matplotlib.font_manager: findfont: score(FontEntry(fname='C:\\Windows\\Fonts\\GARABD.TTF', name='Garamond', style='normal', variant='normal', weight=700, stretch='normal', size='scalable')) = 10.05
14:39:16 [DEBUG] matplotlib.font_manager: findfont: score(FontEntry(fname='C:\\Windows\\Fonts\\ANTQUAI.TTF', name='Book Antiqua', style='italic', variant='normal', weight=400, stretch='normal', size='scalable')) = 11.335
14:39:16 [DEBUG] matplotlib.font_manager: findfont: score(FontEntry(fname='C:\\Windows\\Fonts\\corbelz.ttf', name='Corbel', style='italic', variant='normal', weight=700, stretch='normal', size='scalable')) = 11.05
14:39:16 [DEBUG] matplotlib.font_manager: findfont: score(FontEntry(fname='C:\\Windows\\Fonts\\gadugib.ttf', name='Gadugi', style='normal', variant='normal', weight=700, stretch='normal', size='scalable')) = 10.05
14:39:16 [DEBUG] matplotlib.font_manager: findfont: score(FontEntry(fname='C:\\Windows\\Fonts\\ANTQUAB.TTF', name='Book Antiqua', style='normal', variant='normal', weight=700, stretch='normal', size='scalable')) = 10.05
14:39:16 [DEBUG] matplotlib.font_manager: findfont: score(FontEntry(fname='C:\\Windows\\Fonts\\courbd.ttf', name='Courier New', style='normal', variant='normal', weight=700, stretch='normal', size='scalable')) = 10.05
14:39:16 [DEBUG] matplotlib.font_manager: findfont: score(FontEntry(fname='C:\\Windows\\Fonts\\courbi.ttf', name='Courier New', style='italic', variant='normal', weight=700, stretch='normal', size='scalable')) = 11.05
14:39:16 [DEBUG] matplotlib.font_manager: findfont: score(FontEntry(fname='C:\\Windows\\Fonts\\himalaya.ttf', name='Microsoft Himalaya', style='normal', variant='normal', weight=400, stretch='normal', size='scalable')) = 10.335
14:39:16 [DEBUG] matplotlib.font_manager: findfont: score(FontEntry(fname='C:\\Windows\\Fonts\\GOTHICB.TTF', name='Century Gothic', style='normal', variant='normal', weight=700, stretch='normal', size='scalable')) = 10.05
14:39:16 [DEBUG] matplotlib.font_manager: findfont: score(FontEntry(fname='C:\\Windows\\Fonts\\cambriab.ttf', name='Cambria', style='normal', variant='normal', weight=700, stretch='normal', size='scalable')) = 10.05
14:39:16 [DEBUG] matplotlib.font_manager: findfont: score(FontEntry(fname='C:\\Windows\\Fonts\\STCAIYUN.TTF', name='STCaiyun', style='normal', variant='normal', weight=400, stretch='normal', size='scalable')) = 10.335
14:39:16 [DEBUG] matplotlib.font_manager: findfont: score(FontEntry(fname='C:\\Windows\\Fonts\\REFSPCL.TTF', name='MS Reference Specialty', style='normal', variant='normal', weight=400, stretch='normal', size='scalable')) = 10.335
14:39:16 [DEBUG] matplotlib.font_manager: findfont: score(FontEntry(fname='C:\\Windows\\Fonts\\GARAIT.TTF', name='Garamond', style='italic', variant='normal', weight=400, stretch='normal', size='scalable')) = 11.335
14:39:16 [DEBUG] matplotlib.font_manager: findfont: score(FontEntry(fname='C:\\Windows\\Fonts\\constanz.ttf', name='Constantia', style='italic', variant='normal', weight=700, stretch='normal', size='scalable')) = 11.05
14:39:16 [DEBUG] matplotlib.font_manager: findfont: score(FontEntry(fname='C:\\Windows\\Fonts\\SIMLI.TTF', name='LiSu', style='normal', variant='normal', weight=400, stretch='normal', size='scalable')) = 10.335
14:39:16 [DEBUG] matplotlib.font_manager: findfont: score(FontEntry(fname='C:\\Windows\\Fonts\\cour.ttf', name='Courier New', style='normal', variant='normal', weight=400, stretch='normal', size='scalable')) = 10.335
14:39:16 [DEBUG] matplotlib.font_manager: findfont: score(FontEntry(fname='C:\\Windows\\Fonts\\MTCORSVA.TTF', name='Monotype Corsiva', style='normal', variant='normal', weight=400, stretch='normal', size='scalable')) = 10.335
14:39:16 [DEBUG] matplotlib.font_manager: findfont: score(FontEntry(fname='C:\\Windows\\Fonts\\simkai.ttf', name='KaiTi', style='normal', variant='normal', weight=400, stretch='normal', size='scalable')) = 10.335
14:39:16 [DEBUG] matplotlib.font_manager: findfont: score(FontEntry(fname='C:\\Windows\\Fonts\\segoeuil.ttf', name='Segoe UI', style='normal', variant='normal', weight=300, stretch='normal', size='scalable')) = 10.43
14:39:16 [DEBUG] matplotlib.font_manager: findfont: score(FontEntry(fname='C:\\Windows\\Fonts\\consolab.ttf', name='Consolas', style='normal', variant='normal', weight=700, stretch='normal', size='scalable')) = 10.05
14:39:16 [DEBUG] matplotlib.font_manager: findfont: score(FontEntry(fname='C:\\Windows\\Fonts\\segoesc.ttf', name='Segoe Script', style='normal', variant='normal', weight=400, stretch='normal', size='scalable')) = 10.335
14:39:16 [DEBUG] matplotlib.font_manager: findfont: score(FontEntry(fname='C:\\Windows\\Fonts\\ARIALN.TTF', name='Arial', style='normal', variant='normal', weight=400, stretch='condensed', size='scalable')) = 10.535
14:39:16 [DEBUG] matplotlib.font_manager: findfont: score(FontEntry(fname='C:\\Windows\\Fonts\\verdana.ttf', name='Verdana', style='normal', variant='normal', weight=400, stretch='normal', size='scalable')) = 10.335
14:39:16 [DEBUG] matplotlib.font_manager: findfont: score(FontEntry(fname='C:\\Windows\\Fonts\\DUBAI-BOLD.TTF', name='Dubai', style='normal', variant='normal', weight=700, stretch='normal', size='scalable')) = 10.05
14:39:16 [DEBUG] matplotlib.font_manager: findfont: score(FontEntry(fname='C:\\Windows\\Fonts\\BOOKOSI.TTF', name='Bookman Old Style', style='italic', variant='normal', weight=300, stretch='normal', size='scalable')) = 11.43
14:39:16 [DEBUG] matplotlib.font_manager: findfont: score(FontEntry(fname='C:\\Windows\\Fonts\\TEMPSITC.TTF', name='Tempus Sans ITC', style='normal', variant='normal', weight=400, stretch='normal', size='scalable')) = 10.335
14:39:16 [DEBUG] matplotlib.font_manager: findfont: score(FontEntry(fname='C:\\Windows\\Fonts\\palabi.ttf', name='Palatino Linotype', style='italic', variant='normal', weight=700, stretch='normal', size='scalable')) = 11.05
14:39:16 [DEBUG] matplotlib.font_manager: findfont: score(FontEntry(fname='C:\\Windows\\Fonts\\corbeli.ttf', name='Corbel', style='italic', variant='normal', weight=400, stretch='normal', size='scalable')) = 11.335
14:39:16 [DEBUG] matplotlib.font_manager: findfont: score(FontEntry(fname='C:\\Windows\\Fonts\\msyhbd.ttc', name='Microsoft YaHei', style='normal', variant='normal', weight=700, stretch='normal', size='scalable')) = 2.05
14:39:16 [DEBUG] matplotlib.font_manager: findfont: score(FontEntry(fname='C:\\Windows\\Fonts\\corbelb.ttf', name='Corbel', style='normal', variant='normal', weight=700, stretch='normal', size='scalable')) = 10.05
14:39:16 [DEBUG] matplotlib.font_manager: findfont: score(FontEntry(fname='C:\\Windows\\Fonts\\Candaral.ttf', name='Candara', style='normal', variant='normal', weight=400, stretch='normal', size='scalable')) = 10.335
14:39:16 [DEBUG] matplotlib.font_manager: findfont: score(FontEntry(fname='C:\\Windows\\Fonts\\bahnschrift.ttf', name='Bahnschrift', style='normal', variant='normal', weight=400, stretch='normal', size='scalable')) = 10.335
14:39:16 [DEBUG] matplotlib.font_manager: findfont: score(FontEntry(fname='C:\\Windows\\Fonts\\mingliub.ttc', name='MingLiU-ExtB', style='normal', variant='normal', weight=400, stretch='normal', size='scalable')) = 10.335
14:39:16 [DEBUG] matplotlib.font_manager: findfont: score(FontEntry(fname='C:\\Windows\\Fonts\\YuGothR.ttc', name='Yu Gothic', style='normal', variant='normal', weight=400, stretch='normal', size='scalable')) = 10.335
14:39:16 [DEBUG] matplotlib.font_manager: findfont: score(FontEntry(fname='C:\\Windows\\Fonts\\segoeuiz.ttf', name='Segoe UI', style='italic', variant='normal', weight=700, stretch='normal', size='scalable')) = 11.05
14:39:16 [DEBUG] matplotlib.font_manager: findfont: score(FontEntry(fname='C:\\Windows\\Fonts\\phagspa.ttf', name='Microsoft PhagsPa', style='normal', variant='normal', weight=400, stretch='normal', size='scalable')) = 10.335
14:39:16 [DEBUG] matplotlib.font_manager: findfont: score(FontEntry(fname='C:\\Windows\\Fonts\\segoeuib.ttf', name='Segoe UI', style='normal', variant='normal', weight=700, stretch='normal', size='scalable')) = 10.05
14:39:16 [DEBUG] matplotlib.font_manager: findfont: score(FontEntry(fname='C:\\Windows\\Fonts\\georgiab.ttf', name='Georgia', style='normal', variant='normal', weight=700, stretch='normal', size='scalable')) = 10.05
14:39:16 [DEBUG] matplotlib.font_manager: findfont: score(FontEntry(fname='C:\\Windows\\Fonts\\ebrimabd.ttf', name='Ebrima', style='normal', variant='normal', weight=700, stretch='normal', size='scalable')) = 10.05
14:39:16 [DEBUG] matplotlib.font_manager: findfont: score(FontEntry(fname='C:\\Windows\\Fonts\\constani.ttf', name='Constantia', style='italic', variant='normal', weight=400, stretch='normal', size='scalable')) = 11.335
14:39:16 [DEBUG] matplotlib.font_manager: findfont: score(FontEntry(fname='C:\\Windows\\Fonts\\segmdl2.ttf', name='Segoe MDL2 Assets', style='normal', variant='normal', weight=400, stretch='normal', size='scalable')) = 10.335
14:39:16 [DEBUG] matplotlib.font_manager: findfont: score(FontEntry(fname='C:\\Windows\\Fonts\\BOOKOSBI.TTF', name='Bookman Old Style', style='italic', variant='normal', weight=600, stretch='normal', size='scalable')) = 11.145
14:39:16 [DEBUG] matplotlib.font_manager: findfont: score(FontEntry(fname='C:\\Windows\\Fonts\\corbelli.ttf', name='Corbel', style='italic', variant='normal', weight=300, stretch='normal', size='scalable')) = 11.43
14:39:16 [DEBUG] matplotlib.font_manager: findfont: score(FontEntry(fname='C:\\Windows\\Fonts\\SegoeIcons.ttf', name='Segoe Fluent Icons', style='normal', variant='normal', weight=400, stretch='normal', size='scalable')) = 10.335
14:39:16 [DEBUG] matplotlib.font_manager: findfont: score(FontEntry(fname='C:\\Windows\\Fonts\\BSSYM7.TTF', name='Bookshelf Symbol 7', style='normal', variant='normal', weight=400, stretch='normal', size='scalable')) = 10.335
14:39:16 [DEBUG] matplotlib.font_manager: findfont: score(FontEntry(fname='C:\\Windows\\Fonts\\DUBAI-REGULAR.TTF', name='Dubai', style='normal', variant='normal', weight=400, stretch='normal', size='scalable')) = 10.335
14:39:16 [DEBUG] matplotlib.font_manager: findfont: score(FontEntry(fname='C:\\Windows\\Fonts\\ariblk.ttf', name='Arial', style='normal', variant='normal', weight=900, stretch='normal', size='scalable')) = 10.24
14:39:16 [DEBUG] matplotlib.font_manager: findfont: score(FontEntry(fname='C:\\Windows\\Fonts\\ARIALNB.TTF', name='Arial', style='normal', variant='normal', weight=700, stretch='condensed', size='scalable')) = 10.25
14:39:16 [DEBUG] matplotlib.font_manager: findfont: score(FontEntry(fname='C:\\Windows\\Fonts\\WINGDNG2.TTF', name='Wingdings 2', style='normal', variant='normal', weight=400, stretch='normal', size='scalable')) = 10.335
14:39:16 [DEBUG] matplotlib.font_manager: findfont: score(FontEntry(fname='C:\\Windows\\Fonts\\Nirmala.ttf', name='Nirmala UI', style='normal', variant='normal', weight=400, stretch='normal', size='scalable')) = 10.335
14:39:16 [DEBUG] matplotlib.font_manager: findfont: score(FontEntry(fname='C:\\Windows\\Fonts\\YuGothM.ttc', name='Yu Gothic', style='normal', variant='normal', weight=500, stretch='normal', size='scalable')) = 10.24
14:39:16 [DEBUG] matplotlib.font_manager: findfont: score(FontEntry(fname='C:\\Windows\\Fonts\\calibrib.ttf', name='Calibri', style='normal', variant='normal', weight=700, stretch='normal', size='scalable')) = 10.05
14:39:16 [DEBUG] matplotlib.font_manager: findfont: score(FontEntry(fname='C:\\Windows\\Fonts\\STXINGKA.TTF', name='STXingkai', style='normal', variant='normal', weight=400, stretch='normal', size='scalable')) = 10.335
14:39:16 [DEBUG] matplotlib.font_manager: findfont: score(FontEntry(fname='C:\\Windows\\Fonts\\arialbd.ttf', name='Arial', style='normal', variant='normal', weight=700, stretch='normal', size='scalable')) = 10.05
14:39:16 [DEBUG] matplotlib.font_manager: findfont: score(FontEntry(fname='C:\\Windows\\Fonts\\DUBAI-MEDIUM.TTF', name='Dubai', style='normal', variant='normal', weight=500, stretch='normal', size='scalable')) = 10.24
14:39:16 [DEBUG] matplotlib.font_manager: findfont: score(FontEntry(fname='C:\\Windows\\Fonts\\calibrii.ttf', name='Calibri', style='italic', variant='normal', weight=400, stretch='normal', size='scalable')) = 11.335
14:39:16 [DEBUG] matplotlib.font_manager: findfont: score(FontEntry(fname='C:\\Windows\\Fonts\\trebucbd.ttf', name='Trebuchet MS', style='normal', variant='normal', weight=700, stretch='normal', size='scalable')) = 10.05
14:39:16 [DEBUG] matplotlib.font_manager: findfont: score(FontEntry(fname='C:\\Windows\\Fonts\\verdanab.ttf', name='Verdana', style='normal', variant='normal', weight=700, stretch='normal', size='scalable')) = 10.05
14:39:16 [DEBUG] matplotlib.font_manager: findfont: score(FontEntry(fname='C:\\Windows\\Fonts\\REFSAN.TTF', name='MS Reference Sans Serif', style='normal', variant='normal', weight=400, stretch='normal', size='scalable')) = 10.335
14:39:16 [DEBUG] matplotlib.font_manager: findfont: score(FontEntry(fname='C:\\Windows\\Fonts\\l_10646.ttf', name='Lucida Sans Unicode', style='normal', variant='normal', weight=400, stretch='normal', size='scalable')) = 10.335
14:39:16 [DEBUG] matplotlib.font_manager: findfont: score(FontEntry(fname='C:\\Windows\\Fonts\\arialbi.ttf', name='Arial', style='italic', variant='normal', weight=700, stretch='normal', size='scalable')) = 11.05
14:39:16 [DEBUG] matplotlib.font_manager: findfont: score(FontEntry(fname='C:\\Windows\\Fonts\\LEELAWDB.TTF', name='Leelawadee', style='normal', variant='normal', weight=700, stretch='normal', size='scalable')) = 10.05
14:39:16 [DEBUG] matplotlib.font_manager: findfont: score(FontEntry(fname='C:\\Windows\\Fonts\\georgia.ttf', name='Georgia', style='normal', variant='normal', weight=400, stretch='normal', size='scalable')) = 10.335
14:39:16 [DEBUG] matplotlib.font_manager: findfont: score(FontEntry(fname='C:\\Windows\\Fonts\\tahoma.ttf', name='Tahoma', style='normal', variant='normal', weight=400, stretch='normal', size='scalable')) = 10.335
14:39:16 [DEBUG] matplotlib.font_manager: findfont: score(FontEntry(fname='C:\\Windows\\Fonts\\FRSCRIPT.TTF', name='French Script MT', style='normal', variant='normal', weight=400, stretch='normal', size='scalable')) = 10.335
14:39:16 [DEBUG] matplotlib.font_manager: findfont: score(FontEntry(fname='C:\\Windows\\Fonts\\GOTHICI.TTF', name='Century Gothic', style='italic', variant='normal', weight=400, stretch='normal', size='scalable')) = 11.335
14:39:16 [DEBUG] matplotlib.font_manager: findfont: score(FontEntry(fname='C:\\Windows\\Fonts\\segoescb.ttf', name='Segoe Script', style='normal', variant='normal', weight=700, stretch='normal', size='scalable')) = 10.05
14:39:16 [DEBUG] matplotlib.font_manager: findfont: score(FontEntry(fname='C:\\Windows\\Fonts\\PRISTINA.TTF', name='Pristina', style='normal', variant='normal', weight=400, stretch='normal', size='scalable')) = 10.335
14:39:16 [DEBUG] matplotlib.font_manager: findfont: score(FontEntry(fname='C:\\Windows\\Fonts\\sylfaen.ttf', name='Sylfaen', style='normal', variant='normal', weight=400, stretch='normal', size='scalable')) = 10.335
14:39:16 [DEBUG] matplotlib.font_manager: findfont: score(FontEntry(fname='C:\\Windows\\Fonts\\ntailub.ttf', name='Microsoft New Tai Lue', style='normal', variant='normal', weight=700, stretch='normal', size='scalable')) = 10.05
14:39:16 [DEBUG] matplotlib.font_manager: findfont: score(FontEntry(fname='C:\\Windows\\Fonts\\seguisli.ttf', name='Segoe UI', style='italic', variant='normal', weight=350, stretch='normal', size='scalable')) = 11.3825
14:39:16 [DEBUG] matplotlib.font_manager: findfont: score(FontEntry(fname='C:\\Windows\\Fonts\\verdanaz.ttf', name='Verdana', style='italic', variant='normal', weight=700, stretch='normal', size='scalable')) = 11.05
14:39:16 [DEBUG] matplotlib.font_manager: findfont: score(FontEntry(fname='C:\\Windows\\Fonts\\webdings.ttf', name='Webdings', style='normal', variant='normal', weight=400, stretch='normal', size='scalable')) = 10.335
14:39:16 [DEBUG] matplotlib.font_manager: findfont: score(FontEntry(fname='C:\\Windows\\Fonts\\PAPYRUS.TTF', name='Papyrus', style='normal', variant='normal', weight=400, stretch='normal', size='scalable')) = 10.335
14:39:16 [DEBUG] matplotlib.font_manager: findfont: Matching sans\-serif:style=normal:variant=normal:weight=bold:stretch=normal:size=13.0 to SimHei ('C:\\Windows\\Fonts\\simhei.ttf') with score of 0.335000.
14:39:16 [DEBUG] matplotlib.font_manager: findfont: Matching sans\-serif:style=normal:variant=normal:weight=bold:stretch=normal:size=9.0.
14:39:16 [DEBUG] matplotlib.font_manager: findfont: score(FontEntry(fname='C:\\Users\\Administrator\\AppData\\Local\\Programs\\Python\\Python313\\Lib\\site-packages\\matplotlib\\mpl-data\\fonts\\ttf\\STIXSizFourSymReg.ttf', name='STIXSizeFourSym', style='normal', variant='normal', weight=400, stretch='normal', size='scalable')) = 10.335
14:39:16 [DEBUG] matplotlib.font_manager: findfont: score(FontEntry(fname='C:\\Users\\Administrator\\AppData\\Local\\Programs\\Python\\Python313\\Lib\\site-packages\\matplotlib\\mpl-data\\fonts\\ttf\\DejaVuSans-Oblique.ttf', name='DejaVu Sans', style='oblique', variant='normal', weight=400, stretch='normal', size='scalable')) = 9.335
14:39:16 [DEBUG] matplotlib.font_manager: findfont: score(FontEntry(fname='C:\\Users\\Administrator\\AppData\\Local\\Programs\\Python\\Python313\\Lib\\site-packages\\matplotlib\\mpl-data\\fonts\\ttf\\STIXGeneral.ttf', name='STIXGeneral', style='normal', variant='normal', weight=400, stretch='normal', size='scalable')) = 10.335
14:39:16 [DEBUG] matplotlib.font_manager: findfont: score(FontEntry(fname='C:\\Users\\Administrator\\AppData\\Local\\Programs\\Python\\Python313\\Lib\\site-packages\\matplotlib\\mpl-data\\fonts\\ttf\\STIXSizTwoSymBol.ttf', name='STIXSizeTwoSym', style='normal', variant='normal', weight=700, stretch='normal', size='scalable')) = 10.05
14:39:16 [DEBUG] matplotlib.font_manager: findfont: score(FontEntry(fname='C:\\Users\\Administrator\\AppData\\Local\\Programs\\Python\\Python313\\Lib\\site-packages\\matplotlib\\mpl-data\\fonts\\ttf\\STIXSizTwoSymReg.ttf', name='STIXSizeTwoSym', style='normal', variant='normal', weight=400, stretch='normal', size='scalable')) = 10.335
14:39:16 [DEBUG] matplotlib.font_manager: findfont: score(FontEntry(fname='C:\\Users\\Administrator\\AppData\\Local\\Programs\\Python\\Python313\\Lib\\site-packages\\matplotlib\\mpl-data\\fonts\\ttf\\DejaVuSansDisplay.ttf', name='DejaVu Sans Display', style='normal', variant='normal', weight=400, stretch='normal', size='scalable')) = 10.335
14:39:16 [DEBUG] matplotlib.font_manager: findfont: score(FontEntry(fname='C:\\Users\\Administrator\\AppData\\Local\\Programs\\Python\\Python313\\Lib\\site-packages\\matplotlib\\mpl-data\\fonts\\ttf\\cmsy10.ttf', name='cmsy10', style='normal', variant='normal', weight=400, stretch='normal', size='scalable')) = 10.335
14:39:16 [DEBUG] matplotlib.font_manager: findfont: score(FontEntry(fname='C:\\Users\\Administrator\\AppData\\Local\\Programs\\Python\\Python313\\Lib\\site-packages\\matplotlib\\mpl-data\\fonts\\ttf\\cmss10.ttf', name='cmss10', style='normal', variant='normal', weight=400, stretch='normal', size='scalable')) = 10.335
14:39:16 [DEBUG] matplotlib.font_manager: findfont: score(FontEntry(fname='C:\\Users\\Administrator\\AppData\\Local\\Programs\\Python\\Python313\\Lib\\site-packages\\matplotlib\\mpl-data\\fonts\\ttf\\cmtt10.ttf', name='cmtt10', style='normal', variant='normal', weight=400, stretch='normal', size='scalable')) = 10.335
14:39:16 [DEBUG] matplotlib.font_manager: findfont: score(FontEntry(fname='C:\\Users\\Administrator\\AppData\\Local\\Programs\\Python\\Python313\\Lib\\site-packages\\matplotlib\\mpl-data\\fonts\\ttf\\STIXNonUniIta.ttf', name='STIXNonUnicode', style='italic', variant='normal', weight=400, stretch='normal', size='scalable')) = 11.335
14:39:16 [DEBUG] matplotlib.font_manager: findfont: score(FontEntry(fname='C:\\Users\\Administrator\\AppData\\Local\\Programs\\Python\\Python313\\Lib\\site-packages\\matplotlib\\mpl-data\\fonts\\ttf\\DejaVuSansMono.ttf', name='DejaVu Sans Mono', style='normal', variant='normal', weight=400, stretch='normal', size='scalable')) = 10.335
14:39:16 [DEBUG] matplotlib.font_manager: findfont: score(FontEntry(fname='C:\\Users\\Administrator\\AppData\\Local\\Programs\\Python\\Python313\\Lib\\site-packages\\matplotlib\\mpl-data\\fonts\\ttf\\STIXSizOneSymBol.ttf', name='STIXSizeOneSym', style='normal', variant='normal', weight=700, stretch='normal', size='scalable')) = 10.05
14:39:16 [DEBUG] matplotlib.font_manager: findfont: score(FontEntry(fname='C:\\Users\\Administrator\\AppData\\Local\\Programs\\Python\\Python313\\Lib\\site-packages\\matplotlib\\mpl-data\\fonts\\ttf\\STIXGeneralItalic.ttf', name='STIXGeneral', style='italic', variant='normal', weight=400, stretch='normal', size='scalable')) = 11.335
14:39:16 [DEBUG] matplotlib.font_manager: findfont: score(FontEntry(fname='C:\\Users\\Administrator\\AppData\\Local\\Programs\\Python\\Python313\\Lib\\site-packages\\matplotlib\\mpl-data\\fonts\\ttf\\STIXSizThreeSymReg.ttf', name='STIXSizeThreeSym', style='normal', variant='normal', weight=400, stretch='normal', size='scalable')) = 10.335
14:39:16 [DEBUG] matplotlib.font_manager: findfont: score(FontEntry(fname='C:\\Users\\Administrator\\AppData\\Local\\Programs\\Python\\Python313\\Lib\\site-packages\\matplotlib\\mpl-data\\fonts\\ttf\\STIXSizThreeSymBol.ttf', name='STIXSizeThreeSym', style='normal', variant='normal', weight=700, stretch='normal', size='scalable')) = 10.05
14:39:16 [DEBUG] matplotlib.font_manager: findfont: score(FontEntry(fname='C:\\Users\\Administrator\\AppData\\Local\\Programs\\Python\\Python313\\Lib\\site-packages\\matplotlib\\mpl-data\\fonts\\ttf\\DejaVuSerif-Bold.ttf', name='DejaVu Serif', style='normal', variant='normal', weight=700, stretch='normal', size='scalable')) = 10.05
14:39:16 [DEBUG] matplotlib.font_manager: findfont: score(FontEntry(fname='C:\\Users\\Administrator\\AppData\\Local\\Programs\\Python\\Python313\\Lib\\site-packages\\matplotlib\\mpl-data\\fonts\\ttf\\DejaVuSansMono-Oblique.ttf', name='DejaVu Sans Mono', style='oblique', variant='normal', weight=400, stretch='normal', size='scalable')) = 11.335
14:39:16 [DEBUG] matplotlib.font_manager: findfont: score(FontEntry(fname='C:\\Users\\Administrator\\AppData\\Local\\Programs\\Python\\Python313\\Lib\\site-packages\\matplotlib\\mpl-data\\fonts\\ttf\\DejaVuSansMono-BoldOblique.ttf', name='DejaVu Sans Mono', style='oblique', variant='normal', weight=700, stretch='normal', size='scalable')) = 11.05
14:39:16 [DEBUG] matplotlib.font_manager: findfont: score(FontEntry(fname='C:\\Users\\Administrator\\AppData\\Local\\Programs\\Python\\Python313\\Lib\\site-packages\\matplotlib\\mpl-data\\fonts\\ttf\\DejaVuSerif.ttf', name='DejaVu Serif', style='normal', variant='normal', weight=400, stretch='normal', size='scalable')) = 10.335
14:39:16 [DEBUG] matplotlib.font_manager: findfont: score(FontEntry(fname='C:\\Users\\Administrator\\AppData\\Local\\Programs\\Python\\Python313\\Lib\\site-packages\\matplotlib\\mpl-data\\fonts\\ttf\\DejaVuSansMono-Bold.ttf', name='DejaVu Sans Mono', style='normal', variant='normal', weight=700, stretch='normal', size='scalable')) = 10.05
14:39:16 [DEBUG] matplotlib.font_manager: findfont: score(FontEntry(fname='C:\\Users\\Administrator\\AppData\\Local\\Programs\\Python\\Python313\\Lib\\site-packages\\matplotlib\\mpl-data\\fonts\\ttf\\cmex10.ttf', name='cmex10', style='normal', variant='normal', weight=400, stretch='normal', size='scalable')) = 10.335
14:39:16 [DEBUG] matplotlib.font_manager: findfont: score(FontEntry(fname='C:\\Users\\Administrator\\AppData\\Local\\Programs\\Python\\Python313\\Lib\\site-packages\\matplotlib\\mpl-data\\fonts\\ttf\\cmr10.ttf', name='cmr10', style='normal', variant='normal', weight=400, stretch='normal', size='scalable')) = 10.335
14:39:16 [DEBUG] matplotlib.font_manager: findfont: score(FontEntry(fname='C:\\Users\\Administrator\\AppData\\Local\\Programs\\Python\\Python313\\Lib\\site-packages\\matplotlib\\mpl-data\\fonts\\ttf\\STIXNonUniBolIta.ttf', name='STIXNonUnicode', style='italic', variant='normal', weight=700, stretch='normal', size='scalable')) = 11.05
14:39:16 [DEBUG] matplotlib.font_manager: findfont: score(FontEntry(fname='C:\\Users\\Administrator\\AppData\\Local\\Programs\\Python\\Python313\\Lib\\site-packages\\matplotlib\\mpl-data\\fonts\\ttf\\DejaVuSerif-Italic.ttf', name='DejaVu Serif', style='italic', variant='normal', weight=400, stretch='normal', size='scalable')) = 11.335
14:39:16 [DEBUG] matplotlib.font_manager: findfont: score(FontEntry(fname='C:\\Users\\Administrator\\AppData\\Local\\Programs\\Python\\Python313\\Lib\\site-packages\\matplotlib\\mpl-data\\fonts\\ttf\\DejaVuSans-Bold.ttf', name='DejaVu Sans', style='normal', variant='normal', weight=700, stretch='normal', size='scalable')) = 8.05
14:39:16 [DEBUG] matplotlib.font_manager: findfont: score(FontEntry(fname='C:\\Users\\Administrator\\AppData\\Local\\Programs\\Python\\Python313\\Lib\\site-packages\\matplotlib\\mpl-data\\fonts\\ttf\\STIXSizOneSymReg.ttf', name='STIXSizeOneSym', style='normal', variant='normal', weight=400, stretch='normal', size='scalable')) = 10.335
14:39:16 [DEBUG] matplotlib.font_manager: findfont: score(FontEntry(fname='C:\\Users\\Administrator\\AppData\\Local\\Programs\\Python\\Python313\\Lib\\site-packages\\matplotlib\\mpl-data\\fonts\\ttf\\cmb10.ttf', name='cmb10', style='normal', variant='normal', weight=400, stretch='normal', size='scalable')) = 10.335
14:39:16 [DEBUG] matplotlib.font_manager: findfont: score(FontEntry(fname='C:\\Users\\Administrator\\AppData\\Local\\Programs\\Python\\Python313\\Lib\\site-packages\\matplotlib\\mpl-data\\fonts\\ttf\\STIXSizFourSymBol.ttf', name='STIXSizeFourSym', style='normal', variant='normal', weight=700, stretch='normal', size='scalable')) = 10.05
14:39:16 [DEBUG] matplotlib.font_manager: findfont: score(FontEntry(fname='C:\\Users\\Administrator\\AppData\\Local\\Programs\\Python\\Python313\\Lib\\site-packages\\matplotlib\\mpl-data\\fonts\\ttf\\DejaVuSerif-BoldItalic.ttf', name='DejaVu Serif', style='italic', variant='normal', weight=700, stretch='normal', size='scalable')) = 11.05
14:39:16 [DEBUG] matplotlib.font_manager: findfont: score(FontEntry(fname='C:\\Users\\Administrator\\AppData\\Local\\Programs\\Python\\Python313\\Lib\\site-packages\\matplotlib\\mpl-data\\fonts\\ttf\\DejaVuSans.ttf', name='DejaVu Sans', style='normal', variant='normal', weight=400, stretch='normal', size='scalable')) = 8.335
14:39:16 [DEBUG] matplotlib.font_manager: findfont: score(FontEntry(fname='C:\\Users\\Administrator\\AppData\\Local\\Programs\\Python\\Python313\\Lib\\site-packages\\matplotlib\\mpl-data\\fonts\\ttf\\STIXGeneralBol.ttf', name='STIXGeneral', style='normal', variant='normal', weight=700, stretch='normal', size='scalable')) = 10.05
14:39:16 [DEBUG] matplotlib.font_manager: findfont: score(FontEntry(fname='C:\\Users\\Administrator\\AppData\\Local\\Programs\\Python\\Python313\\Lib\\site-packages\\matplotlib\\mpl-data\\fonts\\ttf\\STIXGeneralBolIta.ttf', name='STIXGeneral', style='italic', variant='normal', weight=700, stretch='normal', size='scalable')) = 11.05
14:39:16 [DEBUG] matplotlib.font_manager: findfont: score(FontEntry(fname='C:\\Users\\Administrator\\AppData\\Local\\Programs\\Python\\Python313\\Lib\\site-packages\\matplotlib\\mpl-data\\fonts\\ttf\\STIXNonUniBol.ttf', name='STIXNonUnicode', style='normal', variant='normal', weight=700, stretch='normal', size='scalable')) = 10.05
14:39:16 [DEBUG] matplotlib.font_manager: findfont: score(FontEntry(fname='C:\\Users\\Administrator\\AppData\\Local\\Programs\\Python\\Python313\\Lib\\site-packages\\matplotlib\\mpl-data\\fonts\\ttf\\DejaVuSerifDisplay.ttf', name='DejaVu Serif Display', style='normal', variant='normal', weight=400, stretch='normal', size='scalable')) = 10.335
14:39:16 [DEBUG] matplotlib.font_manager: findfont: score(FontEntry(fname='C:\\Users\\Administrator\\AppData\\Local\\Programs\\Python\\Python313\\Lib\\site-packages\\matplotlib\\mpl-data\\fonts\\ttf\\DejaVuSans-BoldOblique.ttf', name='DejaVu Sans', style='oblique', variant='normal', weight=700, stretch='normal', size='scalable')) = 9.05
14:39:16 [DEBUG] matplotlib.font_manager: findfont: score(FontEntry(fname='C:\\Users\\Administrator\\AppData\\Local\\Programs\\Python\\Python313\\Lib\\site-packages\\matplotlib\\mpl-data\\fonts\\ttf\\STIXNonUni.ttf', name='STIXNonUnicode', style='normal', variant='normal', weight=400, stretch='normal', size='scalable')) = 10.335
14:39:16 [DEBUG] matplotlib.font_manager: findfont: score(FontEntry(fname='C:\\Users\\Administrator\\AppData\\Local\\Programs\\Python\\Python313\\Lib\\site-packages\\matplotlib\\mpl-data\\fonts\\ttf\\STIXSizFiveSymReg.ttf', name='STIXSizeFiveSym', style='normal', variant='normal', weight=400, stretch='normal', size='scalable')) = 10.335
14:39:16 [DEBUG] matplotlib.font_manager: findfont: score(FontEntry(fname='C:\\Users\\Administrator\\AppData\\Local\\Programs\\Python\\Python313\\Lib\\site-packages\\matplotlib\\mpl-data\\fonts\\ttf\\cmmi10.ttf', name='cmmi10', style='normal', variant='normal', weight=400, stretch='normal', size='scalable')) = 10.335
14:39:16 [DEBUG] matplotlib.font_manager: findfont: score(FontEntry(fname='C:\\Windows\\Fonts\\SitkaVF.ttf', name='Sitka', style='normal', variant='normal', weight=400, stretch='normal', size='scalable')) = 10.335
14:39:16 [DEBUG] matplotlib.font_manager: findfont: score(FontEntry(fname='C:\\Windows\\Fonts\\msyi.ttf', name='Microsoft Yi Baiti', style='normal', variant='normal', weight=400, stretch='normal', size='scalable')) = 10.335
14:39:16 [DEBUG] matplotlib.font_manager: findfont: score(FontEntry(fname='C:\\Windows\\Fonts\\simfang.ttf', name='FangSong', style='normal', variant='normal', weight=400, stretch='normal', size='scalable')) = 10.335
14:39:16 [DEBUG] matplotlib.font_manager: findfont: score(FontEntry(fname='C:\\Windows\\Fonts\\calibril.ttf', name='Calibri', style='normal', variant='normal', weight=300, stretch='normal', size='scalable')) = 10.43
14:39:16 [DEBUG] matplotlib.font_manager: findfont: score(FontEntry(fname='C:\\Windows\\Fonts\\malgunsl.ttf', name='Malgun Gothic', style='normal', variant='normal', weight=300, stretch='normal', size='scalable')) = 10.43
14:39:16 [DEBUG] matplotlib.font_manager: findfont: score(FontEntry(fname='C:\\Windows\\Fonts\\times.ttf', name='Times New Roman', style='normal', variant='normal', weight=400, stretch='normal', size='scalable')) = 10.335
14:39:16 [DEBUG] matplotlib.font_manager: findfont: score(FontEntry(fname='C:\\Windows\\Fonts\\corbell.ttf', name='Corbel', style='normal', variant='normal', weight=300, stretch='normal', size='scalable')) = 10.43
14:39:16 [DEBUG] matplotlib.font_manager: findfont: score(FontEntry(fname='C:\\Windows\\Fonts\\Dengb.ttf', name='DengXian', style='normal', variant='normal', weight=700, stretch='normal', size='scalable')) = 10.05
14:39:16 [DEBUG] matplotlib.font_manager: findfont: score(FontEntry(fname='C:\\Windows\\Fonts\\Candarab.ttf', name='Candara', style='normal', variant='normal', weight=700, stretch='normal', size='scalable')) = 10.05
14:39:16 [DEBUG] matplotlib.font_manager: findfont: score(FontEntry(fname='C:\\Windows\\Fonts\\STXIHEI.TTF', name='STXihei', style='normal', variant='normal', weight=400, stretch='normal', size='scalable')) = 10.335
14:39:16 [DEBUG] matplotlib.font_manager: findfont: score(FontEntry(fname='C:\\Windows\\Fonts\\FZYTK.TTF', name='FZYaoTi', style='normal', variant='normal', weight=400, stretch='normal', size='scalable')) = 10.335
14:39:16 [DEBUG] matplotlib.font_manager: findfont: score(FontEntry(fname='C:\\Windows\\Fonts\\palab.ttf', name='Palatino Linotype', style='normal', variant='normal', weight=700, stretch='normal', size='scalable')) = 10.05
14:39:16 [DEBUG] matplotlib.font_manager: findfont: score(FontEntry(fname='C:\\Windows\\Fonts\\BOOKOS.TTF', name='Bookman Old Style', style='normal', variant='normal', weight=300, stretch='normal', size='scalable')) = 10.43
14:39:16 [DEBUG] matplotlib.font_manager: findfont: score(FontEntry(fname='C:\\Windows\\Fonts\\GOTHIC.TTF', name='Century Gothic', style='normal', variant='normal', weight=400, stretch='normal', size='scalable')) = 10.335
14:39:16 [DEBUG] matplotlib.font_manager: findfont: score(FontEntry(fname='C:\\Windows\\Fonts\\comicbd.ttf', name='Comic Sans MS', style='normal', variant='normal', weight=700, stretch='normal', size='scalable')) = 10.05
14:39:16 [DEBUG] matplotlib.font_manager: findfont: score(FontEntry(fname='C:\\Windows\\Fonts\\ARIALNBI.TTF', name='Arial', style='italic', variant='normal', weight=700, stretch='condensed', size='scalable')) = 11.25
14:39:16 [DEBUG] matplotlib.font_manager: findfont: score(FontEntry(fname='C:\\Windows\\Fonts\\msgothic.ttc', name='MS Gothic', style='normal', variant='normal', weight=400, stretch='normal', size='scalable')) = 10.335
14:39:16 [DEBUG] matplotlib.font_manager: findfont: score(FontEntry(fname='C:\\Windows\\Fonts\\malgun.ttf', name='Malgun Gothic', style='normal', variant='normal', weight=400, stretch='normal', size='scalable')) = 10.335
14:39:16 [DEBUG] matplotlib.font_manager: findfont: score(FontEntry(fname='C:\\Windows\\Fonts\\consola.ttf', name='Consolas', style='normal', variant='normal', weight=400, stretch='normal', size='scalable')) = 10.335
14:39:16 [DEBUG] matplotlib.font_manager: findfont: score(FontEntry(fname='C:\\Windows\\Fonts\\seguibli.ttf', name='Segoe UI', style='italic', variant='normal', weight=900, stretch='normal', size='scalable')) = 11.24
14:39:16 [DEBUG] matplotlib.font_manager: findfont: score(FontEntry(fname='C:\\Windows\\Fonts\\LeelaUIb.ttf', name='Leelawadee UI', style='normal', variant='normal', weight=700, stretch='normal', size='scalable')) = 10.05
14:39:16 [DEBUG] matplotlib.font_manager: findfont: score(FontEntry(fname='C:\\Windows\\Fonts\\simsunb.ttf', name='SimSun-ExtB', style='normal', variant='normal', weight=400, stretch='normal', size='scalable')) = 10.335
14:39:16 [DEBUG] matplotlib.font_manager: findfont: score(FontEntry(fname='C:\\Windows\\Fonts\\verdanai.ttf', name='Verdana', style='italic', variant='normal', weight=400, stretch='normal', size='scalable')) = 11.335
14:39:16 [DEBUG] matplotlib.font_manager: findfont: score(FontEntry(fname='C:\\Windows\\Fonts\\consolaz.ttf', name='Consolas', style='italic', variant='normal', weight=700, stretch='normal', size='scalable')) = 11.05
14:39:16 [DEBUG] matplotlib.font_manager: findfont: score(FontEntry(fname='C:\\Windows\\Fonts\\SIMYOU.TTF', name='YouYuan', style='normal', variant='normal', weight=400, stretch='normal', size='scalable')) = 10.335
14:39:16 [DEBUG] matplotlib.font_manager: findfont: score(FontEntry(fname='C:\\Windows\\Fonts\\lucon.ttf', name='Lucida Console', style='normal', variant='normal', weight=400, stretch='normal', size='scalable')) = 10.335
14:39:16 [DEBUG] matplotlib.font_manager: findfont: score(FontEntry(fname='C:\\Windows\\Fonts\\ANTQUABI.TTF', name='Book Antiqua', style='italic', variant='normal', weight=700, stretch='normal', size='scalable')) = 11.05
14:39:16 [DEBUG] matplotlib.font_manager: findfont: score(FontEntry(fname='C:\\Windows\\Fonts\\seguisym.ttf', name='Segoe UI Symbol', style='normal', variant='normal', weight=400, stretch='normal', size='scalable')) = 10.335
14:39:16 [DEBUG] matplotlib.font_manager: findfont: score(FontEntry(fname='C:\\Windows\\Fonts\\STSONG.TTF', name='STSong', style='normal', variant='normal', weight=400, stretch='normal', size='scalable')) = 10.335
14:39:16 [DEBUG] matplotlib.font_manager: findfont: score(FontEntry(fname='C:\\Windows\\Fonts\\cambriaz.ttf', name='Cambria', style='italic', variant='normal', weight=700, stretch='normal', size='scalable')) = 11.05
14:39:16 [DEBUG] matplotlib.font_manager: findfont: score(FontEntry(fname='C:\\Windows\\Fonts\\segoeui.ttf', name='Segoe UI', style='normal', variant='normal', weight=400, stretch='normal', size='scalable')) = 10.335
14:39:16 [DEBUG] matplotlib.font_manager: findfont: score(FontEntry(fname='C:\\Windows\\Fonts\\malgunbd.ttf', name='Malgun Gothic', style='normal', variant='normal', weight=700, stretch='normal', size='scalable')) = 10.05
14:39:16 [DEBUG] matplotlib.font_manager: findfont: score(FontEntry(fname='C:\\Windows\\Fonts\\FZSTK.TTF', name='FZShuTi', style='normal', variant='normal', weight=400, stretch='normal', size='scalable')) = 10.335
14:39:16 [DEBUG] matplotlib.font_manager: findfont: score(FontEntry(fname='C:\\Windows\\Fonts\\DUBAI-LIGHT.TTF', name='Dubai', style='normal', variant='normal', weight=300, stretch='normal', size='scalable')) = 10.43
14:39:16 [DEBUG] matplotlib.font_manager: findfont: score(FontEntry(fname='C:\\Windows\\Fonts\\STFANGSO.TTF', name='STFangsong', style='normal', variant='normal', weight=400, stretch='normal', size='scalable')) = 10.335
14:39:16 [DEBUG] matplotlib.font_manager: findfont: score(FontEntry(fname='C:\\Windows\\Fonts\\LEELAWAD.TTF', name='Leelawadee', style='normal', variant='normal', weight=400, stretch='normal', size='scalable')) = 10.335
14:39:16 [DEBUG] matplotlib.font_manager: findfont: score(FontEntry(fname='C:\\Windows\\Fonts\\BOOKOSB.TTF', name='Bookman Old Style', style='normal', variant='normal', weight=600, stretch='normal', size='scalable')) = 10.145
14:39:16 [DEBUG] matplotlib.font_manager: findfont: score(FontEntry(fname='C:\\Windows\\Fonts\\cambria.ttc', name='Cambria', style='normal', variant='normal', weight=400, stretch='normal', size='scalable')) = 10.335
14:39:16 [DEBUG] matplotlib.font_manager: findfont: score(FontEntry(fname='C:\\Windows\\Fonts\\Candaraz.ttf', name='Candara', style='italic', variant='normal', weight=700, stretch='normal', size='scalable')) = 11.05
14:39:16 [DEBUG] matplotlib.font_manager: findfont: score(FontEntry(fname='C:\\Windows\\Fonts\\segoepr.ttf', name='Segoe Print', style='normal', variant='normal', weight=400, stretch='normal', size='scalable')) = 10.335
14:39:16 [DEBUG] matplotlib.font_manager: findfont: score(FontEntry(fname='C:\\Windows\\Fonts\\comic.ttf', name='Comic Sans MS', style='normal', variant='normal', weight=400, stretch='normal', size='scalable')) = 10.335
14:39:16 [DEBUG] matplotlib.font_manager: findfont: score(FontEntry(fname='C:\\Windows\\Fonts\\phagspab.ttf', name='Microsoft PhagsPa', style='normal', variant='normal', weight=700, stretch='normal', size='scalable')) = 10.05
14:39:16 [DEBUG] matplotlib.font_manager: findfont: score(FontEntry(fname='C:\\Windows\\Fonts\\timesbi.ttf', name='Times New Roman', style='italic', variant='normal', weight=700, stretch='normal', size='scalable')) = 11.05
14:39:16 [DEBUG] matplotlib.font_manager: findfont: score(FontEntry(fname='C:\\Windows\\Fonts\\SansSerifCollection.ttf', name='Sans Serif Collection', style='normal', variant='normal', weight=400, stretch='normal', size='scalable')) = 10.335
14:39:16 [DEBUG] matplotlib.font_manager: findfont: score(FontEntry(fname='C:\\Windows\\Fonts\\ariali.ttf', name='Arial', style='italic', variant='normal', weight=400, stretch='normal', size='scalable')) = 11.335
14:39:16 [DEBUG] matplotlib.font_manager: findfont: score(FontEntry(fname='C:\\Windows\\Fonts\\LHANDW.TTF', name='Lucida Handwriting', style='italic', variant='normal', weight=400, stretch='normal', size='scalable')) = 11.335
14:39:16 [DEBUG] matplotlib.font_manager: findfont: score(FontEntry(fname='C:\\Windows\\Fonts\\Gabriola.ttf', name='Gabriola', style='normal', variant='normal', weight=400, stretch='normal', size='scalable')) = 10.335
14:39:16 [DEBUG] matplotlib.font_manager: findfont: score(FontEntry(fname='C:\\Windows\\Fonts\\mvboli.ttf', name='MV Boli', style='normal', variant='normal', weight=400, stretch='normal', size='scalable')) = 10.335
14:39:16 [DEBUG] matplotlib.font_manager: findfont: score(FontEntry(fname='C:\\Windows\\Fonts\\WINGDNG3.TTF', name='Wingdings 3', style='normal', variant='normal', weight=400, stretch='normal', size='scalable')) = 10.335
14:39:16 [DEBUG] matplotlib.font_manager: findfont: score(FontEntry(fname='C:\\Windows\\Fonts\\seguili.ttf', name='Segoe UI', style='italic', variant='normal', weight=300, stretch='normal', size='scalable')) = 11.43
14:39:16 [DEBUG] matplotlib.font_manager: findfont: score(FontEntry(fname='C:\\Windows\\Fonts\\micross.ttf', name='Microsoft Sans Serif', style='normal', variant='normal', weight=400, stretch='normal', size='scalable')) = 10.335
14:39:16 [DEBUG] matplotlib.font_manager: findfont: score(FontEntry(fname='C:\\Windows\\Fonts\\tahomabd.ttf', name='Tahoma', style='normal', variant='normal', weight=700, stretch='normal', size='scalable')) = 10.05
14:39:16 [DEBUG] matplotlib.font_manager: findfont: score(FontEntry(fname='C:\\Windows\\Fonts\\calibrili.ttf', name='Calibri', style='italic', variant='normal', weight=300, stretch='normal', size='scalable')) = 11.43
14:39:16 [DEBUG] matplotlib.font_manager: findfont: score(FontEntry(fname='C:\\Windows\\Fonts\\msyhl.ttc', name='Microsoft YaHei', style='normal', variant='normal', weight=290, stretch='normal', size='scalable')) = 2.4395
14:39:16 [DEBUG] matplotlib.font_manager: findfont: score(FontEntry(fname='C:\\Windows\\Fonts\\MSUIGHUR.TTF', name='Microsoft Uighur', style='normal', variant='normal', weight=400, stretch='normal', size='scalable')) = 10.335
14:39:16 [DEBUG] matplotlib.font_manager: findfont: score(FontEntry(fname='C:\\Windows\\Fonts\\segoeuii.ttf', name='Segoe UI', style='italic', variant='normal', weight=400, stretch='normal', size='scalable')) = 11.335
14:39:16 [DEBUG] matplotlib.font_manager: findfont: score(FontEntry(fname='C:\\Windows\\Fonts\\STXINWEI.TTF', name='STXinwei', style='normal', variant='normal', weight=400, stretch='normal', size='scalable')) = 10.335
14:39:16 [DEBUG] matplotlib.font_manager: findfont: score(FontEntry(fname='C:\\Windows\\Fonts\\seguisb.ttf', name='Segoe UI', style='normal', variant='normal', weight=600, stretch='normal', size='scalable')) = 10.145
14:39:16 [DEBUG] matplotlib.font_manager: findfont: score(FontEntry(fname='C:\\Windows\\Fonts\\seguihis.ttf', name='Segoe UI Historic', style='normal', variant='normal', weight=400, stretch='normal', size='scalable')) = 10.335
14:39:16 [DEBUG] matplotlib.font_manager: findfont: score(FontEntry(fname='C:\\Windows\\Fonts\\comici.ttf', name='Comic Sans MS', style='italic', variant='normal', weight=400, stretch='normal', size='scalable')) = 11.335
14:39:16 [DEBUG] matplotlib.font_manager: findfont: score(FontEntry(fname='C:\\Windows\\Fonts\\holomdl2.ttf', name='HoloLens MDL2 Assets', style='normal', variant='normal', weight=400, stretch='normal', size='scalable')) = 10.335
14:39:16 [DEBUG] matplotlib.font_manager: findfont: score(FontEntry(fname='C:\\Windows\\Fonts\\segoeuisl.ttf', name='Segoe UI', style='normal', variant='normal', weight=350, stretch='normal', size='scalable')) = 10.3825
14:39:16 [DEBUG] matplotlib.font_manager: findfont: score(FontEntry(fname='C:\\Windows\\Fonts\\constanb.ttf', name='Constantia', style='normal', variant='normal', weight=700, stretch='normal', size='scalable')) = 10.05
14:39:16 [DEBUG] matplotlib.font_manager: findfont: score(FontEntry(fname='C:\\Windows\\Fonts\\SegUIVar.ttf', name='Segoe UI Variable', style='normal', variant='normal', weight=400, stretch='normal', size='scalable')) = 10.335
14:39:16 [DEBUG] matplotlib.font_manager: findfont: score(FontEntry(fname='C:\\Windows\\Fonts\\couri.ttf', name='Courier New', style='italic', variant='normal', weight=400, stretch='normal', size='scalable')) = 11.335
14:39:16 [DEBUG] matplotlib.font_manager: findfont: score(FontEntry(fname='C:\\Windows\\Fonts\\JUICE___.TTF', name='Juice ITC', style='normal', variant='normal', weight=400, stretch='normal', size='scalable')) = 10.335
14:39:16 [DEBUG] matplotlib.font_manager: findfont: score(FontEntry(fname='C:\\Windows\\Fonts\\taileb.ttf', name='Microsoft Tai Le', style='normal', variant='normal', weight=700, stretch='normal', size='scalable')) = 10.05
14:39:16 [DEBUG] matplotlib.font_manager: findfont: score(FontEntry(fname='C:\\Windows\\Fonts\\wingding.ttf', name='Wingdings', style='normal', variant='normal', weight=400, stretch='normal', size='scalable')) = 10.335
14:39:16 [DEBUG] matplotlib.font_manager: findfont: score(FontEntry(fname='C:\\Windows\\Fonts\\trebuc.ttf', name='Trebuchet MS', style='normal', variant='normal', weight=400, stretch='normal', size='scalable')) = 10.335
14:39:16 [DEBUG] matplotlib.font_manager: findfont: score(FontEntry(fname='C:\\Windows\\Fonts\\Candarali.ttf', name='Candara', style='italic', variant='normal', weight=400, stretch='normal', size='scalable')) = 11.335
14:39:16 [DEBUG] matplotlib.font_manager: findfont: score(FontEntry(fname='C:\\Windows\\Fonts\\Dengl.ttf', name='DengXian', style='normal', variant='normal', weight=300, stretch='normal', size='scalable')) = 10.43
14:39:16 [DEBUG] matplotlib.font_manager: findfont: score(FontEntry(fname='C:\\Windows\\Fonts\\constan.ttf', name='Constantia', style='normal', variant='normal', weight=400, stretch='normal', size='scalable')) = 10.335
14:39:16 [DEBUG] matplotlib.font_manager: findfont: score(FontEntry(fname='C:\\Users\\Administrator\\AppData\\Local\\Microsoft\\Windows\\Fonts\\UbuntuMono[wght].ttf', name='Ubuntu Mono', style='normal', variant='normal', weight=400, stretch='normal', size='scalable')) = 10.335
14:39:16 [DEBUG] matplotlib.font_manager: findfont: score(FontEntry(fname='C:\\Windows\\Fonts\\taile.ttf', name='Microsoft Tai Le', style='normal', variant='normal', weight=400, stretch='normal', size='scalable')) = 10.335
14:39:16 [DEBUG] matplotlib.font_manager: findfont: score(FontEntry(fname='C:\\Windows\\Fonts\\corbel.ttf', name='Corbel', style='normal', variant='normal', weight=400, stretch='normal', size='scalable')) = 10.335
14:39:16 [DEBUG] matplotlib.font_manager: findfont: score(FontEntry(fname='C:\\Windows\\Fonts\\MSUIGHUB.TTF', name='Microsoft Uighur', style='normal', variant='normal', weight=700, stretch='normal', size='scalable')) = 10.05
14:39:16 [DEBUG] matplotlib.font_manager: findfont: score(FontEntry(fname='C:\\Windows\\Fonts\\msjhl.ttc', name='Microsoft JhengHei', style='normal', variant='normal', weight=290, stretch='normal', size='scalable')) = 10.4395
14:39:16 [DEBUG] matplotlib.font_manager: findfont: score(FontEntry(fname='C:\\Windows\\Fonts\\gadugi.ttf', name='Gadugi', style='normal', variant='normal', weight=400, stretch='normal', size='scalable')) = 10.335
14:39:16 [DEBUG] matplotlib.font_manager: findfont: score(FontEntry(fname='C:\\Windows\\Fonts\\LeelawUI.ttf', name='Leelawadee UI', style='normal', variant='normal', weight=400, stretch='normal', size='scalable')) = 10.335
14:39:16 [DEBUG] matplotlib.font_manager: findfont: score(FontEntry(fname='C:\\Windows\\Fonts\\framd.ttf', name='Franklin Gothic Medium', style='normal', variant='normal', weight=400, stretch='normal', size='scalable')) = 10.335
14:39:16 [DEBUG] matplotlib.font_manager: findfont: score(FontEntry(fname='C:\\Windows\\Fonts\\javatext.ttf', name='Javanese Text', style='normal', variant='normal', weight=400, stretch='normal', size='scalable')) = 10.335
14:39:16 [DEBUG] matplotlib.font_manager: findfont: score(FontEntry(fname='C:\\Windows\\Fonts\\NirmalaB.ttf', name='Nirmala UI', style='normal', variant='normal', weight=700, stretch='normal', size='scalable')) = 10.05
14:39:16 [DEBUG] matplotlib.font_manager: findfont: score(FontEntry(fname='C:\\Windows\\Fonts\\monbaiti.ttf', name='Mongolian Baiti', style='normal', variant='normal', weight=400, stretch='normal', size='scalable')) = 10.335
14:39:16 [DEBUG] matplotlib.font_manager: findfont: score(FontEntry(fname='C:\\Windows\\Fonts\\YuGothB.ttc', name='Yu Gothic', style='normal', variant='normal', weight=700, stretch='normal', size='scalable')) = 10.05
14:39:16 [DEBUG] matplotlib.font_manager: findfont: score(FontEntry(fname='C:\\Windows\\Fonts\\timesi.ttf', name='Times New Roman', style='italic', variant='normal', weight=400, stretch='normal', size='scalable')) = 11.335
14:39:16 [DEBUG] matplotlib.font_manager: findfont: score(FontEntry(fname='C:\\Windows\\Fonts\\YuGothL.ttc', name='Yu Gothic', style='normal', variant='normal', weight=300, stretch='normal', size='scalable')) = 10.43
14:39:16 [DEBUG] matplotlib.font_manager: findfont: score(FontEntry(fname='C:\\Windows\\Fonts\\framdit.ttf', name='Franklin Gothic Medium', style='italic', variant='normal', weight=400, stretch='normal', size='scalable')) = 11.335
14:39:16 [DEBUG] matplotlib.font_manager: findfont: score(FontEntry(fname='C:\\Windows\\Fonts\\SitkaVF-Italic.ttf', name='Sitka', style='italic', variant='normal', weight=400, stretch='normal', size='scalable')) = 11.335
14:39:16 [DEBUG] matplotlib.font_manager: findfont: score(FontEntry(fname='C:\\Windows\\Fonts\\BKANT.TTF', name='Book Antiqua', style='normal', variant='normal', weight=400, stretch='normal', size='scalable')) = 10.335
14:39:16 [DEBUG] matplotlib.font_manager: findfont: score(FontEntry(fname='C:\\Windows\\Fonts\\ntailu.ttf', name='Microsoft New Tai Lue', style='normal', variant='normal', weight=400, stretch='normal', size='scalable')) = 10.335
14:39:16 [DEBUG] matplotlib.font_manager: findfont: score(FontEntry(fname='C:\\Windows\\Fonts\\ebrima.ttf', name='Ebrima', style='normal', variant='normal', weight=400, stretch='normal', size='scalable')) = 10.335
14:39:16 [DEBUG] matplotlib.font_manager: findfont: score(FontEntry(fname='C:\\Windows\\Fonts\\seguisbi.ttf', name='Segoe UI', style='italic', variant='normal', weight=600, stretch='normal', size='scalable')) = 11.145
14:39:16 [DEBUG] matplotlib.font_manager: findfont: score(FontEntry(fname='C:\\Windows\\Fonts\\STLITI.TTF', name='STLiti', style='normal', variant='normal', weight=400, stretch='normal', size='scalable')) = 10.335
14:39:16 [DEBUG] matplotlib.font_manager: findfont: score(FontEntry(fname='C:\\Windows\\Fonts\\seguiemj.ttf', name='Segoe UI Emoji', style='normal', variant='normal', weight=400, stretch='normal', size='scalable')) = 10.335
14:39:16 [DEBUG] matplotlib.font_manager: findfont: score(FontEntry(fname='C:\\Windows\\Fonts\\Candara.ttf', name='Candara', style='normal', variant='normal', weight=400, stretch='normal', size='scalable')) = 10.335
14:39:16 [DEBUG] matplotlib.font_manager: findfont: score(FontEntry(fname='C:\\Windows\\Fonts\\seguibl.ttf', name='Segoe UI', style='normal', variant='normal', weight=900, stretch='normal', size='scalable')) = 10.24
14:39:16 [DEBUG] matplotlib.font_manager: findfont: score(FontEntry(fname='C:\\Windows\\Fonts\\NirmalaS.ttf', name='Nirmala UI', style='normal', variant='normal', weight=350, stretch='normal', size='scalable')) = 10.3825
14:39:16 [DEBUG] matplotlib.font_manager: findfont: score(FontEntry(fname='C:\\Windows\\Fonts\\segoeprb.ttf', name='Segoe Print', style='normal', variant='normal', weight=700, stretch='normal', size='scalable')) = 10.05
14:39:16 [DEBUG] matplotlib.font_manager: findfont: score(FontEntry(fname='C:\\Windows\\Fonts\\GOTHICBI.TTF', name='Century Gothic', style='italic', variant='normal', weight=700, stretch='normal', size='scalable')) = 11.05
14:39:16 [DEBUG] matplotlib.font_manager: findfont: score(FontEntry(fname='C:\\Windows\\Fonts\\cambriai.ttf', name='Cambria', style='italic', variant='normal', weight=400, stretch='normal', size='scalable')) = 11.335
14:39:16 [DEBUG] matplotlib.font_manager: findfont: score(FontEntry(fname='C:\\Windows\\Fonts\\CENTURY.TTF', name='Century', style='normal', variant='normal', weight=400, stretch='normal', size='scalable')) = 10.335
14:39:16 [DEBUG] matplotlib.font_manager: findfont: score(FontEntry(fname='C:\\Windows\\Fonts\\symbol.ttf', name='Symbol', style='normal', variant='normal', weight=400, stretch='normal', size='scalable')) = 10.335
14:39:16 [DEBUG] matplotlib.font_manager: findfont: score(FontEntry(fname='C:\\Windows\\Fonts\\msjh.ttc', name='Microsoft JhengHei', style='normal', variant='normal', weight=400, stretch='normal', size='scalable')) = 10.335
14:39:16 [DEBUG] matplotlib.font_manager: findfont: score(FontEntry(fname='C:\\Windows\\Fonts\\FREESCPT.TTF', name='Freestyle Script', style='normal', variant='normal', weight=400, stretch='normal', size='scalable')) = 10.335
14:39:16 [DEBUG] matplotlib.font_manager: findfont: score(FontEntry(fname='C:\\Windows\\Fonts\\timesbd.ttf', name='Times New Roman', style='normal', variant='normal', weight=700, stretch='normal', size='scalable')) = 10.05
14:39:16 [DEBUG] matplotlib.font_manager: findfont: score(FontEntry(fname='C:\\Windows\\Fonts\\MISTRAL.TTF', name='Mistral', style='normal', variant='normal', weight=400, stretch='normal', size='scalable')) = 10.335
14:39:16 [DEBUG] matplotlib.font_manager: findfont: score(FontEntry(fname='C:\\Windows\\Fonts\\ITCKRIST.TTF', name='Kristen ITC', style='normal', variant='normal', weight=400, stretch='normal', size='scalable')) = 10.335
14:39:16 [DEBUG] matplotlib.font_manager: findfont: score(FontEntry(fname='C:\\Windows\\Fonts\\ARIALNI.TTF', name='Arial', style='italic', variant='normal', weight=400, stretch='condensed', size='scalable')) = 11.535
14:39:16 [DEBUG] matplotlib.font_manager: findfont: score(FontEntry(fname='C:\\Windows\\Fonts\\mmrtextb.ttf', name='Myanmar Text', style='normal', variant='normal', weight=700, stretch='normal', size='scalable')) = 10.05
14:39:16 [DEBUG] matplotlib.font_manager: findfont: score(FontEntry(fname='C:\\Windows\\Fonts\\LeelUIsl.ttf', name='Leelawadee UI', style='normal', variant='normal', weight=350, stretch='normal', size='scalable')) = 10.3825
14:39:16 [DEBUG] matplotlib.font_manager: findfont: score(FontEntry(fname='C:\\Windows\\Fonts\\BRADHITC.TTF', name='Bradley Hand ITC', style='normal', variant='normal', weight=400, stretch='normal', size='scalable')) = 10.335
14:39:16 [DEBUG] matplotlib.font_manager: findfont: score(FontEntry(fname='C:\\Windows\\Fonts\\calibri.ttf', name='Calibri', style='normal', variant='normal', weight=400, stretch='normal', size='scalable')) = 10.335
14:39:16 [DEBUG] matplotlib.font_manager: findfont: score(FontEntry(fname='C:\\Windows\\Fonts\\Deng.ttf', name='DengXian', style='normal', variant='normal', weight=400, stretch='normal', size='scalable')) = 10.335
14:39:16 [DEBUG] matplotlib.font_manager: findfont: score(FontEntry(fname='C:\\Windows\\Fonts\\STKAITI.TTF', name='STKaiti', style='normal', variant='normal', weight=400, stretch='normal', size='scalable')) = 10.335
14:39:16 [DEBUG] matplotlib.font_manager: findfont: score(FontEntry(fname='C:\\Windows\\Fonts\\Inkfree.ttf', name='Ink Free', style='normal', variant='normal', weight=400, stretch='normal', size='scalable')) = 10.335
14:39:16 [DEBUG] matplotlib.font_manager: findfont: score(FontEntry(fname='C:\\Windows\\Fonts\\msjhbd.ttc', name='Microsoft JhengHei', style='normal', variant='normal', weight=700, stretch='normal', size='scalable')) = 10.05
14:39:16 [DEBUG] matplotlib.font_manager: findfont: score(FontEntry(fname='C:\\Windows\\Fonts\\simhei.ttf', name='SimHei', style='normal', variant='normal', weight=400, stretch='normal', size='scalable')) = 0.33499999999999996
14:39:16 [DEBUG] matplotlib.font_manager: findfont: score(FontEntry(fname='C:\\Windows\\Fonts\\STZHONGS.TTF', name='STZhongsong', style='normal', variant='normal', weight=400, stretch='normal', size='scalable')) = 10.335
14:39:16 [DEBUG] matplotlib.font_manager: findfont: score(FontEntry(fname='C:\\Windows\\Fonts\\georgiai.ttf', name='Georgia', style='italic', variant='normal', weight=400, stretch='normal', size='scalable')) = 11.335
14:39:16 [DEBUG] matplotlib.font_manager: findfont: score(FontEntry(fname='C:\\Windows\\Fonts\\calibriz.ttf', name='Calibri', style='italic', variant='normal', weight=700, stretch='normal', size='scalable')) = 11.05
14:39:16 [DEBUG] matplotlib.font_manager: findfont: score(FontEntry(fname='C:\\Windows\\Fonts\\comicz.ttf', name='Comic Sans MS', style='italic', variant='normal', weight=700, stretch='normal', size='scalable')) = 11.05
14:39:16 [DEBUG] matplotlib.font_manager: findfont: score(FontEntry(fname='C:\\Windows\\Fonts\\impact.ttf', name='Impact', style='normal', variant='normal', weight=400, stretch='normal', size='scalable')) = 10.335
14:39:16 [DEBUG] matplotlib.font_manager: findfont: score(FontEntry(fname='C:\\Windows\\Fonts\\pala.ttf', name='Palatino Linotype', style='normal', variant='normal', weight=400, stretch='normal', size='scalable')) = 10.335
14:39:16 [DEBUG] matplotlib.font_manager: findfont: score(FontEntry(fname='C:\\Windows\\Fonts\\Candarai.ttf', name='Candara', style='italic', variant='normal', weight=400, stretch='normal', size='scalable')) = 11.335
14:39:16 [DEBUG] matplotlib.font_manager: findfont: score(FontEntry(fname='C:\\Windows\\Fonts\\consolai.ttf', name='Consolas', style='italic', variant='normal', weight=400, stretch='normal', size='scalable')) = 11.335
14:39:16 [DEBUG] matplotlib.font_manager: findfont: score(FontEntry(fname='C:\\Windows\\Fonts\\msyh.ttc', name='Microsoft YaHei', style='normal', variant='normal', weight=400, stretch='normal', size='scalable')) = 2.335
14:39:16 [DEBUG] matplotlib.font_manager: findfont: score(FontEntry(fname='C:\\Windows\\Fonts\\STHUPO.TTF', name='STHupo', style='normal', variant='normal', weight=400, stretch='normal', size='scalable')) = 10.335
14:39:16 [DEBUG] matplotlib.font_manager: findfont: score(FontEntry(fname='C:\\Windows\\Fonts\\GARA.TTF', name='Garamond', style='normal', variant='normal', weight=400, stretch='normal', size='scalable')) = 10.335
14:39:16 [DEBUG] matplotlib.font_manager: findfont: score(FontEntry(fname='C:\\Windows\\Fonts\\arial.ttf', name='Arial', style='normal', variant='normal', weight=400, stretch='normal', size='scalable')) = 10.335
14:39:16 [DEBUG] matplotlib.font_manager: findfont: score(FontEntry(fname='C:\\Windows\\Fonts\\georgiaz.ttf', name='Georgia', style='italic', variant='normal', weight=700, stretch='normal', size='scalable')) = 11.05
14:39:16 [DEBUG] matplotlib.font_manager: findfont: score(FontEntry(fname='C:\\Windows\\Fonts\\trebucbi.ttf', name='Trebuchet MS', style='italic', variant='normal', weight=700, stretch='normal', size='scalable')) = 11.05
14:39:16 [DEBUG] matplotlib.font_manager: findfont: score(FontEntry(fname='C:\\Windows\\Fonts\\simsun.ttc', name='SimSun', style='normal', variant='normal', weight=400, stretch='normal', size='scalable')) = 10.335
14:39:16 [DEBUG] matplotlib.font_manager: findfont: score(FontEntry(fname='C:\\Windows\\Fonts\\mmrtext.ttf', name='Myanmar Text', style='normal', variant='normal', weight=400, stretch='normal', size='scalable')) = 10.335
14:39:16 [DEBUG] matplotlib.font_manager: findfont: score(FontEntry(fname='C:\\Windows\\Fonts\\palai.ttf', name='Palatino Linotype', style='italic', variant='normal', weight=400, stretch='normal', size='scalable')) = 11.335
14:39:16 [DEBUG] matplotlib.font_manager: findfont: score(FontEntry(fname='C:\\Windows\\Fonts\\trebucit.ttf', name='Trebuchet MS', style='italic', variant='normal', weight=400, stretch='normal', size='scalable')) = 11.335
14:39:16 [DEBUG] matplotlib.font_manager: findfont: score(FontEntry(fname='C:\\Windows\\Fonts\\GARABD.TTF', name='Garamond', style='normal', variant='normal', weight=700, stretch='normal', size='scalable')) = 10.05
14:39:16 [DEBUG] matplotlib.font_manager: findfont: score(FontEntry(fname='C:\\Windows\\Fonts\\ANTQUAI.TTF', name='Book Antiqua', style='italic', variant='normal', weight=400, stretch='normal', size='scalable')) = 11.335
14:39:16 [DEBUG] matplotlib.font_manager: findfont: score(FontEntry(fname='C:\\Windows\\Fonts\\corbelz.ttf', name='Corbel', style='italic', variant='normal', weight=700, stretch='normal', size='scalable')) = 11.05
14:39:16 [DEBUG] matplotlib.font_manager: findfont: score(FontEntry(fname='C:\\Windows\\Fonts\\gadugib.ttf', name='Gadugi', style='normal', variant='normal', weight=700, stretch='normal', size='scalable')) = 10.05
14:39:16 [DEBUG] matplotlib.font_manager: findfont: score(FontEntry(fname='C:\\Windows\\Fonts\\ANTQUAB.TTF', name='Book Antiqua', style='normal', variant='normal', weight=700, stretch='normal', size='scalable')) = 10.05
14:39:16 [DEBUG] matplotlib.font_manager: findfont: score(FontEntry(fname='C:\\Windows\\Fonts\\courbd.ttf', name='Courier New', style='normal', variant='normal', weight=700, stretch='normal', size='scalable')) = 10.05
14:39:16 [DEBUG] matplotlib.font_manager: findfont: score(FontEntry(fname='C:\\Windows\\Fonts\\courbi.ttf', name='Courier New', style='italic', variant='normal', weight=700, stretch='normal', size='scalable')) = 11.05
14:39:16 [DEBUG] matplotlib.font_manager: findfont: score(FontEntry(fname='C:\\Windows\\Fonts\\himalaya.ttf', name='Microsoft Himalaya', style='normal', variant='normal', weight=400, stretch='normal', size='scalable')) = 10.335
14:39:16 [DEBUG] matplotlib.font_manager: findfont: score(FontEntry(fname='C:\\Windows\\Fonts\\GOTHICB.TTF', name='Century Gothic', style='normal', variant='normal', weight=700, stretch='normal', size='scalable')) = 10.05
14:39:16 [DEBUG] matplotlib.font_manager: findfont: score(FontEntry(fname='C:\\Windows\\Fonts\\cambriab.ttf', name='Cambria', style='normal', variant='normal', weight=700, stretch='normal', size='scalable')) = 10.05
14:39:16 [DEBUG] matplotlib.font_manager: findfont: score(FontEntry(fname='C:\\Windows\\Fonts\\STCAIYUN.TTF', name='STCaiyun', style='normal', variant='normal', weight=400, stretch='normal', size='scalable')) = 10.335
14:39:16 [DEBUG] matplotlib.font_manager: findfont: score(FontEntry(fname='C:\\Windows\\Fonts\\REFSPCL.TTF', name='MS Reference Specialty', style='normal', variant='normal', weight=400, stretch='normal', size='scalable')) = 10.335
14:39:16 [DEBUG] matplotlib.font_manager: findfont: score(FontEntry(fname='C:\\Windows\\Fonts\\GARAIT.TTF', name='Garamond', style='italic', variant='normal', weight=400, stretch='normal', size='scalable')) = 11.335
14:39:16 [DEBUG] matplotlib.font_manager: findfont: score(FontEntry(fname='C:\\Windows\\Fonts\\constanz.ttf', name='Constantia', style='italic', variant='normal', weight=700, stretch='normal', size='scalable')) = 11.05
14:39:16 [DEBUG] matplotlib.font_manager: findfont: score(FontEntry(fname='C:\\Windows\\Fonts\\SIMLI.TTF', name='LiSu', style='normal', variant='normal', weight=400, stretch='normal', size='scalable')) = 10.335
14:39:16 [DEBUG] matplotlib.font_manager: findfont: score(FontEntry(fname='C:\\Windows\\Fonts\\cour.ttf', name='Courier New', style='normal', variant='normal', weight=400, stretch='normal', size='scalable')) = 10.335
14:39:16 [DEBUG] matplotlib.font_manager: findfont: score(FontEntry(fname='C:\\Windows\\Fonts\\MTCORSVA.TTF', name='Monotype Corsiva', style='normal', variant='normal', weight=400, stretch='normal', size='scalable')) = 10.335
14:39:16 [DEBUG] matplotlib.font_manager: findfont: score(FontEntry(fname='C:\\Windows\\Fonts\\simkai.ttf', name='KaiTi', style='normal', variant='normal', weight=400, stretch='normal', size='scalable')) = 10.335
14:39:16 [DEBUG] matplotlib.font_manager: findfont: score(FontEntry(fname='C:\\Windows\\Fonts\\segoeuil.ttf', name='Segoe UI', style='normal', variant='normal', weight=300, stretch='normal', size='scalable')) = 10.43
14:39:16 [DEBUG] matplotlib.font_manager: findfont: score(FontEntry(fname='C:\\Windows\\Fonts\\consolab.ttf', name='Consolas', style='normal', variant='normal', weight=700, stretch='normal', size='scalable')) = 10.05
14:39:16 [DEBUG] matplotlib.font_manager: findfont: score(FontEntry(fname='C:\\Windows\\Fonts\\segoesc.ttf', name='Segoe Script', style='normal', variant='normal', weight=400, stretch='normal', size='scalable')) = 10.335
14:39:16 [DEBUG] matplotlib.font_manager: findfont: score(FontEntry(fname='C:\\Windows\\Fonts\\ARIALN.TTF', name='Arial', style='normal', variant='normal', weight=400, stretch='condensed', size='scalable')) = 10.535
14:39:16 [DEBUG] matplotlib.font_manager: findfont: score(FontEntry(fname='C:\\Windows\\Fonts\\verdana.ttf', name='Verdana', style='normal', variant='normal', weight=400, stretch='normal', size='scalable')) = 10.335
14:39:16 [DEBUG] matplotlib.font_manager: findfont: score(FontEntry(fname='C:\\Windows\\Fonts\\DUBAI-BOLD.TTF', name='Dubai', style='normal', variant='normal', weight=700, stretch='normal', size='scalable')) = 10.05
14:39:16 [DEBUG] matplotlib.font_manager: findfont: score(FontEntry(fname='C:\\Windows\\Fonts\\BOOKOSI.TTF', name='Bookman Old Style', style='italic', variant='normal', weight=300, stretch='normal', size='scalable')) = 11.43
14:39:16 [DEBUG] matplotlib.font_manager: findfont: score(FontEntry(fname='C:\\Windows\\Fonts\\TEMPSITC.TTF', name='Tempus Sans ITC', style='normal', variant='normal', weight=400, stretch='normal', size='scalable')) = 10.335
14:39:16 [DEBUG] matplotlib.font_manager: findfont: score(FontEntry(fname='C:\\Windows\\Fonts\\palabi.ttf', name='Palatino Linotype', style='italic', variant='normal', weight=700, stretch='normal', size='scalable')) = 11.05
14:39:16 [DEBUG] matplotlib.font_manager: findfont: score(FontEntry(fname='C:\\Windows\\Fonts\\corbeli.ttf', name='Corbel', style='italic', variant='normal', weight=400, stretch='normal', size='scalable')) = 11.335
14:39:16 [DEBUG] matplotlib.font_manager: findfont: score(FontEntry(fname='C:\\Windows\\Fonts\\msyhbd.ttc', name='Microsoft YaHei', style='normal', variant='normal', weight=700, stretch='normal', size='scalable')) = 2.05
14:39:16 [DEBUG] matplotlib.font_manager: findfont: score(FontEntry(fname='C:\\Windows\\Fonts\\corbelb.ttf', name='Corbel', style='normal', variant='normal', weight=700, stretch='normal', size='scalable')) = 10.05
14:39:16 [DEBUG] matplotlib.font_manager: findfont: score(FontEntry(fname='C:\\Windows\\Fonts\\Candaral.ttf', name='Candara', style='normal', variant='normal', weight=400, stretch='normal', size='scalable')) = 10.335
14:39:16 [DEBUG] matplotlib.font_manager: findfont: score(FontEntry(fname='C:\\Windows\\Fonts\\bahnschrift.ttf', name='Bahnschrift', style='normal', variant='normal', weight=400, stretch='normal', size='scalable')) = 10.335
14:39:16 [DEBUG] matplotlib.font_manager: findfont: score(FontEntry(fname='C:\\Windows\\Fonts\\mingliub.ttc', name='MingLiU-ExtB', style='normal', variant='normal', weight=400, stretch='normal', size='scalable')) = 10.335
14:39:16 [DEBUG] matplotlib.font_manager: findfont: score(FontEntry(fname='C:\\Windows\\Fonts\\YuGothR.ttc', name='Yu Gothic', style='normal', variant='normal', weight=400, stretch='normal', size='scalable')) = 10.335
14:39:16 [DEBUG] matplotlib.font_manager: findfont: score(FontEntry(fname='C:\\Windows\\Fonts\\segoeuiz.ttf', name='Segoe UI', style='italic', variant='normal', weight=700, stretch='normal', size='scalable')) = 11.05
14:39:16 [DEBUG] matplotlib.font_manager: findfont: score(FontEntry(fname='C:\\Windows\\Fonts\\phagspa.ttf', name='Microsoft PhagsPa', style='normal', variant='normal', weight=400, stretch='normal', size='scalable')) = 10.335
14:39:16 [DEBUG] matplotlib.font_manager: findfont: score(FontEntry(fname='C:\\Windows\\Fonts\\segoeuib.ttf', name='Segoe UI', style='normal', variant='normal', weight=700, stretch='normal', size='scalable')) = 10.05
14:39:16 [DEBUG] matplotlib.font_manager: findfont: score(FontEntry(fname='C:\\Windows\\Fonts\\georgiab.ttf', name='Georgia', style='normal', variant='normal', weight=700, stretch='normal', size='scalable')) = 10.05
14:39:16 [DEBUG] matplotlib.font_manager: findfont: score(FontEntry(fname='C:\\Windows\\Fonts\\ebrimabd.ttf', name='Ebrima', style='normal', variant='normal', weight=700, stretch='normal', size='scalable')) = 10.05
14:39:16 [DEBUG] matplotlib.font_manager: findfont: score(FontEntry(fname='C:\\Windows\\Fonts\\constani.ttf', name='Constantia', style='italic', variant='normal', weight=400, stretch='normal', size='scalable')) = 11.335
14:39:16 [DEBUG] matplotlib.font_manager: findfont: score(FontEntry(fname='C:\\Windows\\Fonts\\segmdl2.ttf', name='Segoe MDL2 Assets', style='normal', variant='normal', weight=400, stretch='normal', size='scalable')) = 10.335
14:39:16 [DEBUG] matplotlib.font_manager: findfont: score(FontEntry(fname='C:\\Windows\\Fonts\\BOOKOSBI.TTF', name='Bookman Old Style', style='italic', variant='normal', weight=600, stretch='normal', size='scalable')) = 11.145
14:39:16 [DEBUG] matplotlib.font_manager: findfont: score(FontEntry(fname='C:\\Windows\\Fonts\\corbelli.ttf', name='Corbel', style='italic', variant='normal', weight=300, stretch='normal', size='scalable')) = 11.43
14:39:16 [DEBUG] matplotlib.font_manager: findfont: score(FontEntry(fname='C:\\Windows\\Fonts\\SegoeIcons.ttf', name='Segoe Fluent Icons', style='normal', variant='normal', weight=400, stretch='normal', size='scalable')) = 10.335
14:39:16 [DEBUG] matplotlib.font_manager: findfont: score(FontEntry(fname='C:\\Windows\\Fonts\\BSSYM7.TTF', name='Bookshelf Symbol 7', style='normal', variant='normal', weight=400, stretch='normal', size='scalable')) = 10.335
14:39:16 [DEBUG] matplotlib.font_manager: findfont: score(FontEntry(fname='C:\\Windows\\Fonts\\DUBAI-REGULAR.TTF', name='Dubai', style='normal', variant='normal', weight=400, stretch='normal', size='scalable')) = 10.335
14:39:16 [DEBUG] matplotlib.font_manager: findfont: score(FontEntry(fname='C:\\Windows\\Fonts\\ariblk.ttf', name='Arial', style='normal', variant='normal', weight=900, stretch='normal', size='scalable')) = 10.24
14:39:16 [DEBUG] matplotlib.font_manager: findfont: score(FontEntry(fname='C:\\Windows\\Fonts\\ARIALNB.TTF', name='Arial', style='normal', variant='normal', weight=700, stretch='condensed', size='scalable')) = 10.25
14:39:16 [DEBUG] matplotlib.font_manager: findfont: score(FontEntry(fname='C:\\Windows\\Fonts\\WINGDNG2.TTF', name='Wingdings 2', style='normal', variant='normal', weight=400, stretch='normal', size='scalable')) = 10.335
14:39:16 [DEBUG] matplotlib.font_manager: findfont: score(FontEntry(fname='C:\\Windows\\Fonts\\Nirmala.ttf', name='Nirmala UI', style='normal', variant='normal', weight=400, stretch='normal', size='scalable')) = 10.335
14:39:16 [DEBUG] matplotlib.font_manager: findfont: score(FontEntry(fname='C:\\Windows\\Fonts\\YuGothM.ttc', name='Yu Gothic', style='normal', variant='normal', weight=500, stretch='normal', size='scalable')) = 10.24
14:39:16 [DEBUG] matplotlib.font_manager: findfont: score(FontEntry(fname='C:\\Windows\\Fonts\\calibrib.ttf', name='Calibri', style='normal', variant='normal', weight=700, stretch='normal', size='scalable')) = 10.05
14:39:16 [DEBUG] matplotlib.font_manager: findfont: score(FontEntry(fname='C:\\Windows\\Fonts\\STXINGKA.TTF', name='STXingkai', style='normal', variant='normal', weight=400, stretch='normal', size='scalable')) = 10.335
14:39:16 [DEBUG] matplotlib.font_manager: findfont: score(FontEntry(fname='C:\\Windows\\Fonts\\arialbd.ttf', name='Arial', style='normal', variant='normal', weight=700, stretch='normal', size='scalable')) = 10.05
14:39:16 [DEBUG] matplotlib.font_manager: findfont: score(FontEntry(fname='C:\\Windows\\Fonts\\DUBAI-MEDIUM.TTF', name='Dubai', style='normal', variant='normal', weight=500, stretch='normal', size='scalable')) = 10.24
14:39:16 [DEBUG] matplotlib.font_manager: findfont: score(FontEntry(fname='C:\\Windows\\Fonts\\calibrii.ttf', name='Calibri', style='italic', variant='normal', weight=400, stretch='normal', size='scalable')) = 11.335
14:39:16 [DEBUG] matplotlib.font_manager: findfont: score(FontEntry(fname='C:\\Windows\\Fonts\\trebucbd.ttf', name='Trebuchet MS', style='normal', variant='normal', weight=700, stretch='normal', size='scalable')) = 10.05
14:39:16 [DEBUG] matplotlib.font_manager: findfont: score(FontEntry(fname='C:\\Windows\\Fonts\\verdanab.ttf', name='Verdana', style='normal', variant='normal', weight=700, stretch='normal', size='scalable')) = 10.05
14:39:16 [DEBUG] matplotlib.font_manager: findfont: score(FontEntry(fname='C:\\Windows\\Fonts\\REFSAN.TTF', name='MS Reference Sans Serif', style='normal', variant='normal', weight=400, stretch='normal', size='scalable')) = 10.335
14:39:16 [DEBUG] matplotlib.font_manager: findfont: score(FontEntry(fname='C:\\Windows\\Fonts\\l_10646.ttf', name='Lucida Sans Unicode', style='normal', variant='normal', weight=400, stretch='normal', size='scalable')) = 10.335
14:39:16 [DEBUG] matplotlib.font_manager: findfont: score(FontEntry(fname='C:\\Windows\\Fonts\\arialbi.ttf', name='Arial', style='italic', variant='normal', weight=700, stretch='normal', size='scalable')) = 11.05
14:39:16 [DEBUG] matplotlib.font_manager: findfont: score(FontEntry(fname='C:\\Windows\\Fonts\\LEELAWDB.TTF', name='Leelawadee', style='normal', variant='normal', weight=700, stretch='normal', size='scalable')) = 10.05
14:39:16 [DEBUG] matplotlib.font_manager: findfont: score(FontEntry(fname='C:\\Windows\\Fonts\\georgia.ttf', name='Georgia', style='normal', variant='normal', weight=400, stretch='normal', size='scalable')) = 10.335
14:39:16 [DEBUG] matplotlib.font_manager: findfont: score(FontEntry(fname='C:\\Windows\\Fonts\\tahoma.ttf', name='Tahoma', style='normal', variant='normal', weight=400, stretch='normal', size='scalable')) = 10.335
14:39:16 [DEBUG] matplotlib.font_manager: findfont: score(FontEntry(fname='C:\\Windows\\Fonts\\FRSCRIPT.TTF', name='French Script MT', style='normal', variant='normal', weight=400, stretch='normal', size='scalable')) = 10.335
14:39:16 [DEBUG] matplotlib.font_manager: findfont: score(FontEntry(fname='C:\\Windows\\Fonts\\GOTHICI.TTF', name='Century Gothic', style='italic', variant='normal', weight=400, stretch='normal', size='scalable')) = 11.335
14:39:16 [DEBUG] matplotlib.font_manager: findfont: score(FontEntry(fname='C:\\Windows\\Fonts\\segoescb.ttf', name='Segoe Script', style='normal', variant='normal', weight=700, stretch='normal', size='scalable')) = 10.05
14:39:16 [DEBUG] matplotlib.font_manager: findfont: score(FontEntry(fname='C:\\Windows\\Fonts\\PRISTINA.TTF', name='Pristina', style='normal', variant='normal', weight=400, stretch='normal', size='scalable')) = 10.335
14:39:16 [DEBUG] matplotlib.font_manager: findfont: score(FontEntry(fname='C:\\Windows\\Fonts\\sylfaen.ttf', name='Sylfaen', style='normal', variant='normal', weight=400, stretch='normal', size='scalable')) = 10.335
14:39:16 [DEBUG] matplotlib.font_manager: findfont: score(FontEntry(fname='C:\\Windows\\Fonts\\ntailub.ttf', name='Microsoft New Tai Lue', style='normal', variant='normal', weight=700, stretch='normal', size='scalable')) = 10.05
14:39:16 [DEBUG] matplotlib.font_manager: findfont: score(FontEntry(fname='C:\\Windows\\Fonts\\seguisli.ttf', name='Segoe UI', style='italic', variant='normal', weight=350, stretch='normal', size='scalable')) = 11.3825
14:39:16 [DEBUG] matplotlib.font_manager: findfont: score(FontEntry(fname='C:\\Windows\\Fonts\\verdanaz.ttf', name='Verdana', style='italic', variant='normal', weight=700, stretch='normal', size='scalable')) = 11.05
14:39:16 [DEBUG] matplotlib.font_manager: findfont: score(FontEntry(fname='C:\\Windows\\Fonts\\webdings.ttf', name='Webdings', style='normal', variant='normal', weight=400, stretch='normal', size='scalable')) = 10.335
14:39:16 [DEBUG] matplotlib.font_manager: findfont: score(FontEntry(fname='C:\\Windows\\Fonts\\PAPYRUS.TTF', name='Papyrus', style='normal', variant='normal', weight=400, stretch='normal', size='scalable')) = 10.335
14:39:16 [DEBUG] matplotlib.font_manager: findfont: Matching sans\-serif:style=normal:variant=normal:weight=bold:stretch=normal:size=9.0 to SimHei ('C:\\Windows\\Fonts\\simhei.ttf') with score of 0.335000.
14:39:16 [DEBUG] matplotlib.font_manager: findfont: Matching sans\-serif:style=normal:variant=normal:weight=normal:stretch=normal:size=9.0.
14:39:16 [DEBUG] matplotlib.font_manager: findfont: score(FontEntry(fname='C:\\Users\\Administrator\\AppData\\Local\\Programs\\Python\\Python313\\Lib\\site-packages\\matplotlib\\mpl-data\\fonts\\ttf\\STIXSizFourSymReg.ttf', name='STIXSizeFourSym', style='normal', variant='normal', weight=400, stretch='normal', size='scalable')) = 10.05
14:39:16 [DEBUG] matplotlib.font_manager: findfont: score(FontEntry(fname='C:\\Users\\Administrator\\AppData\\Local\\Programs\\Python\\Python313\\Lib\\site-packages\\matplotlib\\mpl-data\\fonts\\ttf\\DejaVuSans-Oblique.ttf', name='DejaVu Sans', style='oblique', variant='normal', weight=400, stretch='normal', size='scalable')) = 9.05
14:39:16 [DEBUG] matplotlib.font_manager: findfont: score(FontEntry(fname='C:\\Users\\Administrator\\AppData\\Local\\Programs\\Python\\Python313\\Lib\\site-packages\\matplotlib\\mpl-data\\fonts\\ttf\\STIXGeneral.ttf', name='STIXGeneral', style='normal', variant='normal', weight=400, stretch='normal', size='scalable')) = 10.05
14:39:16 [DEBUG] matplotlib.font_manager: findfont: score(FontEntry(fname='C:\\Users\\Administrator\\AppData\\Local\\Programs\\Python\\Python313\\Lib\\site-packages\\matplotlib\\mpl-data\\fonts\\ttf\\STIXSizTwoSymBol.ttf', name='STIXSizeTwoSym', style='normal', variant='normal', weight=700, stretch='normal', size='scalable')) = 10.335
14:39:16 [DEBUG] matplotlib.font_manager: findfont: score(FontEntry(fname='C:\\Users\\Administrator\\AppData\\Local\\Programs\\Python\\Python313\\Lib\\site-packages\\matplotlib\\mpl-data\\fonts\\ttf\\STIXSizTwoSymReg.ttf', name='STIXSizeTwoSym', style='normal', variant='normal', weight=400, stretch='normal', size='scalable')) = 10.05
14:39:16 [DEBUG] matplotlib.font_manager: findfont: score(FontEntry(fname='C:\\Users\\Administrator\\AppData\\Local\\Programs\\Python\\Python313\\Lib\\site-packages\\matplotlib\\mpl-data\\fonts\\ttf\\DejaVuSansDisplay.ttf', name='DejaVu Sans Display', style='normal', variant='normal', weight=400, stretch='normal', size='scalable')) = 10.05
14:39:16 [DEBUG] matplotlib.font_manager: findfont: score(FontEntry(fname='C:\\Users\\Administrator\\AppData\\Local\\Programs\\Python\\Python313\\Lib\\site-packages\\matplotlib\\mpl-data\\fonts\\ttf\\cmsy10.ttf', name='cmsy10', style='normal', variant='normal', weight=400, stretch='normal', size='scalable')) = 10.05
14:39:16 [DEBUG] matplotlib.font_manager: findfont: score(FontEntry(fname='C:\\Users\\Administrator\\AppData\\Local\\Programs\\Python\\Python313\\Lib\\site-packages\\matplotlib\\mpl-data\\fonts\\ttf\\cmss10.ttf', name='cmss10', style='normal', variant='normal', weight=400, stretch='normal', size='scalable')) = 10.05
14:39:16 [DEBUG] matplotlib.font_manager: findfont: score(FontEntry(fname='C:\\Users\\Administrator\\AppData\\Local\\Programs\\Python\\Python313\\Lib\\site-packages\\matplotlib\\mpl-data\\fonts\\ttf\\cmtt10.ttf', name='cmtt10', style='normal', variant='normal', weight=400, stretch='normal', size='scalable')) = 10.05
14:39:16 [DEBUG] matplotlib.font_manager: findfont: score(FontEntry(fname='C:\\Users\\Administrator\\AppData\\Local\\Programs\\Python\\Python313\\Lib\\site-packages\\matplotlib\\mpl-data\\fonts\\ttf\\STIXNonUniIta.ttf', name='STIXNonUnicode', style='italic', variant='normal', weight=400, stretch='normal', size='scalable')) = 11.05
14:39:16 [DEBUG] matplotlib.font_manager: findfont: score(FontEntry(fname='C:\\Users\\Administrator\\AppData\\Local\\Programs\\Python\\Python313\\Lib\\site-packages\\matplotlib\\mpl-data\\fonts\\ttf\\DejaVuSansMono.ttf', name='DejaVu Sans Mono', style='normal', variant='normal', weight=400, stretch='normal', size='scalable')) = 10.05
14:39:16 [DEBUG] matplotlib.font_manager: findfont: score(FontEntry(fname='C:\\Users\\Administrator\\AppData\\Local\\Programs\\Python\\Python313\\Lib\\site-packages\\matplotlib\\mpl-data\\fonts\\ttf\\STIXSizOneSymBol.ttf', name='STIXSizeOneSym', style='normal', variant='normal', weight=700, stretch='normal', size='scalable')) = 10.335
14:39:16 [DEBUG] matplotlib.font_manager: findfont: score(FontEntry(fname='C:\\Users\\Administrator\\AppData\\Local\\Programs\\Python\\Python313\\Lib\\site-packages\\matplotlib\\mpl-data\\fonts\\ttf\\STIXGeneralItalic.ttf', name='STIXGeneral', style='italic', variant='normal', weight=400, stretch='normal', size='scalable')) = 11.05
14:39:16 [DEBUG] matplotlib.font_manager: findfont: score(FontEntry(fname='C:\\Users\\Administrator\\AppData\\Local\\Programs\\Python\\Python313\\Lib\\site-packages\\matplotlib\\mpl-data\\fonts\\ttf\\STIXSizThreeSymReg.ttf', name='STIXSizeThreeSym', style='normal', variant='normal', weight=400, stretch='normal', size='scalable')) = 10.05
14:39:16 [DEBUG] matplotlib.font_manager: findfont: score(FontEntry(fname='C:\\Users\\Administrator\\AppData\\Local\\Programs\\Python\\Python313\\Lib\\site-packages\\matplotlib\\mpl-data\\fonts\\ttf\\STIXSizThreeSymBol.ttf', name='STIXSizeThreeSym', style='normal', variant='normal', weight=700, stretch='normal', size='scalable')) = 10.335
14:39:16 [DEBUG] matplotlib.font_manager: findfont: score(FontEntry(fname='C:\\Users\\Administrator\\AppData\\Local\\Programs\\Python\\Python313\\Lib\\site-packages\\matplotlib\\mpl-data\\fonts\\ttf\\DejaVuSerif-Bold.ttf', name='DejaVu Serif', style='normal', variant='normal', weight=700, stretch='normal', size='scalable')) = 10.335
14:39:16 [DEBUG] matplotlib.font_manager: findfont: score(FontEntry(fname='C:\\Users\\Administrator\\AppData\\Local\\Programs\\Python\\Python313\\Lib\\site-packages\\matplotlib\\mpl-data\\fonts\\ttf\\DejaVuSansMono-Oblique.ttf', name='DejaVu Sans Mono', style='oblique', variant='normal', weight=400, stretch='normal', size='scalable')) = 11.05
14:39:16 [DEBUG] matplotlib.font_manager: findfont: score(FontEntry(fname='C:\\Users\\Administrator\\AppData\\Local\\Programs\\Python\\Python313\\Lib\\site-packages\\matplotlib\\mpl-data\\fonts\\ttf\\DejaVuSansMono-BoldOblique.ttf', name='DejaVu Sans Mono', style='oblique', variant='normal', weight=700, stretch='normal', size='scalable')) = 11.335
14:39:16 [DEBUG] matplotlib.font_manager: findfont: score(FontEntry(fname='C:\\Users\\Administrator\\AppData\\Local\\Programs\\Python\\Python313\\Lib\\site-packages\\matplotlib\\mpl-data\\fonts\\ttf\\DejaVuSerif.ttf', name='DejaVu Serif', style='normal', variant='normal', weight=400, stretch='normal', size='scalable')) = 10.05
14:39:16 [DEBUG] matplotlib.font_manager: findfont: score(FontEntry(fname='C:\\Users\\Administrator\\AppData\\Local\\Programs\\Python\\Python313\\Lib\\site-packages\\matplotlib\\mpl-data\\fonts\\ttf\\DejaVuSansMono-Bold.ttf', name='DejaVu Sans Mono', style='normal', variant='normal', weight=700, stretch='normal', size='scalable')) = 10.335
14:39:16 [DEBUG] matplotlib.font_manager: findfont: score(FontEntry(fname='C:\\Users\\Administrator\\AppData\\Local\\Programs\\Python\\Python313\\Lib\\site-packages\\matplotlib\\mpl-data\\fonts\\ttf\\cmex10.ttf', name='cmex10', style='normal', variant='normal', weight=400, stretch='normal', size='scalable')) = 10.05
14:39:16 [DEBUG] matplotlib.font_manager: findfont: score(FontEntry(fname='C:\\Users\\Administrator\\AppData\\Local\\Programs\\Python\\Python313\\Lib\\site-packages\\matplotlib\\mpl-data\\fonts\\ttf\\cmr10.ttf', name='cmr10', style='normal', variant='normal', weight=400, stretch='normal', size='scalable')) = 10.05
14:39:16 [DEBUG] matplotlib.font_manager: findfont: score(FontEntry(fname='C:\\Users\\Administrator\\AppData\\Local\\Programs\\Python\\Python313\\Lib\\site-packages\\matplotlib\\mpl-data\\fonts\\ttf\\STIXNonUniBolIta.ttf', name='STIXNonUnicode', style='italic', variant='normal', weight=700, stretch='normal', size='scalable')) = 11.335
14:39:16 [DEBUG] matplotlib.font_manager: findfont: score(FontEntry(fname='C:\\Users\\Administrator\\AppData\\Local\\Programs\\Python\\Python313\\Lib\\site-packages\\matplotlib\\mpl-data\\fonts\\ttf\\DejaVuSerif-Italic.ttf', name='DejaVu Serif', style='italic', variant='normal', weight=400, stretch='normal', size='scalable')) = 11.05
14:39:16 [DEBUG] matplotlib.font_manager: findfont: score(FontEntry(fname='C:\\Users\\Administrator\\AppData\\Local\\Programs\\Python\\Python313\\Lib\\site-packages\\matplotlib\\mpl-data\\fonts\\ttf\\DejaVuSans-Bold.ttf', name='DejaVu Sans', style='normal', variant='normal', weight=700, stretch='normal', size='scalable')) = 8.335
14:39:16 [DEBUG] matplotlib.font_manager: findfont: score(FontEntry(fname='C:\\Users\\Administrator\\AppData\\Local\\Programs\\Python\\Python313\\Lib\\site-packages\\matplotlib\\mpl-data\\fonts\\ttf\\STIXSizOneSymReg.ttf', name='STIXSizeOneSym', style='normal', variant='normal', weight=400, stretch='normal', size='scalable')) = 10.05
14:39:16 [DEBUG] matplotlib.font_manager: findfont: score(FontEntry(fname='C:\\Users\\Administrator\\AppData\\Local\\Programs\\Python\\Python313\\Lib\\site-packages\\matplotlib\\mpl-data\\fonts\\ttf\\cmb10.ttf', name='cmb10', style='normal', variant='normal', weight=400, stretch='normal', size='scalable')) = 10.05
14:39:16 [DEBUG] matplotlib.font_manager: findfont: score(FontEntry(fname='C:\\Users\\Administrator\\AppData\\Local\\Programs\\Python\\Python313\\Lib\\site-packages\\matplotlib\\mpl-data\\fonts\\ttf\\STIXSizFourSymBol.ttf', name='STIXSizeFourSym', style='normal', variant='normal', weight=700, stretch='normal', size='scalable')) = 10.335
14:39:16 [DEBUG] matplotlib.font_manager: findfont: score(FontEntry(fname='C:\\Users\\Administrator\\AppData\\Local\\Programs\\Python\\Python313\\Lib\\site-packages\\matplotlib\\mpl-data\\fonts\\ttf\\DejaVuSerif-BoldItalic.ttf', name='DejaVu Serif', style='italic', variant='normal', weight=700, stretch='normal', size='scalable')) = 11.335
14:39:16 [DEBUG] matplotlib.font_manager: findfont: score(FontEntry(fname='C:\\Users\\Administrator\\AppData\\Local\\Programs\\Python\\Python313\\Lib\\site-packages\\matplotlib\\mpl-data\\fonts\\ttf\\DejaVuSans.ttf', name='DejaVu Sans', style='normal', variant='normal', weight=400, stretch='normal', size='scalable')) = 8.05
14:39:16 [DEBUG] matplotlib.font_manager: findfont: score(FontEntry(fname='C:\\Users\\Administrator\\AppData\\Local\\Programs\\Python\\Python313\\Lib\\site-packages\\matplotlib\\mpl-data\\fonts\\ttf\\STIXGeneralBol.ttf', name='STIXGeneral', style='normal', variant='normal', weight=700, stretch='normal', size='scalable')) = 10.335
14:39:16 [DEBUG] matplotlib.font_manager: findfont: score(FontEntry(fname='C:\\Users\\Administrator\\AppData\\Local\\Programs\\Python\\Python313\\Lib\\site-packages\\matplotlib\\mpl-data\\fonts\\ttf\\STIXGeneralBolIta.ttf', name='STIXGeneral', style='italic', variant='normal', weight=700, stretch='normal', size='scalable')) = 11.335
14:39:16 [DEBUG] matplotlib.font_manager: findfont: score(FontEntry(fname='C:\\Users\\Administrator\\AppData\\Local\\Programs\\Python\\Python313\\Lib\\site-packages\\matplotlib\\mpl-data\\fonts\\ttf\\STIXNonUniBol.ttf', name='STIXNonUnicode', style='normal', variant='normal', weight=700, stretch='normal', size='scalable')) = 10.335
14:39:16 [DEBUG] matplotlib.font_manager: findfont: score(FontEntry(fname='C:\\Users\\Administrator\\AppData\\Local\\Programs\\Python\\Python313\\Lib\\site-packages\\matplotlib\\mpl-data\\fonts\\ttf\\DejaVuSerifDisplay.ttf', name='DejaVu Serif Display', style='normal', variant='normal', weight=400, stretch='normal', size='scalable')) = 10.05
14:39:16 [DEBUG] matplotlib.font_manager: findfont: score(FontEntry(fname='C:\\Users\\Administrator\\AppData\\Local\\Programs\\Python\\Python313\\Lib\\site-packages\\matplotlib\\mpl-data\\fonts\\ttf\\DejaVuSans-BoldOblique.ttf', name='DejaVu Sans', style='oblique', variant='normal', weight=700, stretch='normal', size='scalable')) = 9.335
14:39:16 [DEBUG] matplotlib.font_manager: findfont: score(FontEntry(fname='C:\\Users\\Administrator\\AppData\\Local\\Programs\\Python\\Python313\\Lib\\site-packages\\matplotlib\\mpl-data\\fonts\\ttf\\STIXNonUni.ttf', name='STIXNonUnicode', style='normal', variant='normal', weight=400, stretch='normal', size='scalable')) = 10.05
14:39:16 [DEBUG] matplotlib.font_manager: findfont: score(FontEntry(fname='C:\\Users\\Administrator\\AppData\\Local\\Programs\\Python\\Python313\\Lib\\site-packages\\matplotlib\\mpl-data\\fonts\\ttf\\STIXSizFiveSymReg.ttf', name='STIXSizeFiveSym', style='normal', variant='normal', weight=400, stretch='normal', size='scalable')) = 10.05
14:39:16 [DEBUG] matplotlib.font_manager: findfont: score(FontEntry(fname='C:\\Users\\Administrator\\AppData\\Local\\Programs\\Python\\Python313\\Lib\\site-packages\\matplotlib\\mpl-data\\fonts\\ttf\\cmmi10.ttf', name='cmmi10', style='normal', variant='normal', weight=400, stretch='normal', size='scalable')) = 10.05
14:39:16 [DEBUG] matplotlib.font_manager: findfont: score(FontEntry(fname='C:\\Windows\\Fonts\\SitkaVF.ttf', name='Sitka', style='normal', variant='normal', weight=400, stretch='normal', size='scalable')) = 10.05
14:39:16 [DEBUG] matplotlib.font_manager: findfont: score(FontEntry(fname='C:\\Windows\\Fonts\\msyi.ttf', name='Microsoft Yi Baiti', style='normal', variant='normal', weight=400, stretch='normal', size='scalable')) = 10.05
14:39:16 [DEBUG] matplotlib.font_manager: findfont: score(FontEntry(fname='C:\\Windows\\Fonts\\simfang.ttf', name='FangSong', style='normal', variant='normal', weight=400, stretch='normal', size='scalable')) = 10.05
14:39:16 [DEBUG] matplotlib.font_manager: findfont: score(FontEntry(fname='C:\\Windows\\Fonts\\calibril.ttf', name='Calibri', style='normal', variant='normal', weight=300, stretch='normal', size='scalable')) = 10.145
14:39:16 [DEBUG] matplotlib.font_manager: findfont: score(FontEntry(fname='C:\\Windows\\Fonts\\malgunsl.ttf', name='Malgun Gothic', style='normal', variant='normal', weight=300, stretch='normal', size='scalable')) = 10.145
14:39:16 [DEBUG] matplotlib.font_manager: findfont: score(FontEntry(fname='C:\\Windows\\Fonts\\times.ttf', name='Times New Roman', style='normal', variant='normal', weight=400, stretch='normal', size='scalable')) = 10.05
14:39:16 [DEBUG] matplotlib.font_manager: findfont: score(FontEntry(fname='C:\\Windows\\Fonts\\corbell.ttf', name='Corbel', style='normal', variant='normal', weight=300, stretch='normal', size='scalable')) = 10.145
14:39:16 [DEBUG] matplotlib.font_manager: findfont: score(FontEntry(fname='C:\\Windows\\Fonts\\Dengb.ttf', name='DengXian', style='normal', variant='normal', weight=700, stretch='normal', size='scalable')) = 10.335
14:39:16 [DEBUG] matplotlib.font_manager: findfont: score(FontEntry(fname='C:\\Windows\\Fonts\\Candarab.ttf', name='Candara', style='normal', variant='normal', weight=700, stretch='normal', size='scalable')) = 10.335
14:39:16 [DEBUG] matplotlib.font_manager: findfont: score(FontEntry(fname='C:\\Windows\\Fonts\\STXIHEI.TTF', name='STXihei', style='normal', variant='normal', weight=400, stretch='normal', size='scalable')) = 10.05
14:39:16 [DEBUG] matplotlib.font_manager: findfont: score(FontEntry(fname='C:\\Windows\\Fonts\\FZYTK.TTF', name='FZYaoTi', style='normal', variant='normal', weight=400, stretch='normal', size='scalable')) = 10.05
14:39:16 [DEBUG] matplotlib.font_manager: findfont: score(FontEntry(fname='C:\\Windows\\Fonts\\palab.ttf', name='Palatino Linotype', style='normal', variant='normal', weight=700, stretch='normal', size='scalable')) = 10.335
14:39:16 [DEBUG] matplotlib.font_manager: findfont: score(FontEntry(fname='C:\\Windows\\Fonts\\BOOKOS.TTF', name='Bookman Old Style', style='normal', variant='normal', weight=300, stretch='normal', size='scalable')) = 10.145
14:39:16 [DEBUG] matplotlib.font_manager: findfont: score(FontEntry(fname='C:\\Windows\\Fonts\\GOTHIC.TTF', name='Century Gothic', style='normal', variant='normal', weight=400, stretch='normal', size='scalable')) = 10.05
14:39:16 [DEBUG] matplotlib.font_manager: findfont: score(FontEntry(fname='C:\\Windows\\Fonts\\comicbd.ttf', name='Comic Sans MS', style='normal', variant='normal', weight=700, stretch='normal', size='scalable')) = 10.335
14:39:16 [DEBUG] matplotlib.font_manager: findfont: score(FontEntry(fname='C:\\Windows\\Fonts\\ARIALNBI.TTF', name='Arial', style='italic', variant='normal', weight=700, stretch='condensed', size='scalable')) = 11.535
14:39:16 [DEBUG] matplotlib.font_manager: findfont: score(FontEntry(fname='C:\\Windows\\Fonts\\msgothic.ttc', name='MS Gothic', style='normal', variant='normal', weight=400, stretch='normal', size='scalable')) = 10.05
14:39:16 [DEBUG] matplotlib.font_manager: findfont: score(FontEntry(fname='C:\\Windows\\Fonts\\malgun.ttf', name='Malgun Gothic', style='normal', variant='normal', weight=400, stretch='normal', size='scalable')) = 10.05
14:39:16 [DEBUG] matplotlib.font_manager: findfont: score(FontEntry(fname='C:\\Windows\\Fonts\\consola.ttf', name='Consolas', style='normal', variant='normal', weight=400, stretch='normal', size='scalable')) = 10.05
14:39:16 [DEBUG] matplotlib.font_manager: findfont: score(FontEntry(fname='C:\\Windows\\Fonts\\seguibli.ttf', name='Segoe UI', style='italic', variant='normal', weight=900, stretch='normal', size='scalable')) = 11.525
14:39:16 [DEBUG] matplotlib.font_manager: findfont: score(FontEntry(fname='C:\\Windows\\Fonts\\LeelaUIb.ttf', name='Leelawadee UI', style='normal', variant='normal', weight=700, stretch='normal', size='scalable')) = 10.335
14:39:16 [DEBUG] matplotlib.font_manager: findfont: score(FontEntry(fname='C:\\Windows\\Fonts\\simsunb.ttf', name='SimSun-ExtB', style='normal', variant='normal', weight=400, stretch='normal', size='scalable')) = 10.05
14:39:16 [DEBUG] matplotlib.font_manager: findfont: score(FontEntry(fname='C:\\Windows\\Fonts\\verdanai.ttf', name='Verdana', style='italic', variant='normal', weight=400, stretch='normal', size='scalable')) = 11.05
14:39:16 [DEBUG] matplotlib.font_manager: findfont: score(FontEntry(fname='C:\\Windows\\Fonts\\consolaz.ttf', name='Consolas', style='italic', variant='normal', weight=700, stretch='normal', size='scalable')) = 11.335
14:39:16 [DEBUG] matplotlib.font_manager: findfont: score(FontEntry(fname='C:\\Windows\\Fonts\\SIMYOU.TTF', name='YouYuan', style='normal', variant='normal', weight=400, stretch='normal', size='scalable')) = 10.05
14:39:16 [DEBUG] matplotlib.font_manager: findfont: score(FontEntry(fname='C:\\Windows\\Fonts\\lucon.ttf', name='Lucida Console', style='normal', variant='normal', weight=400, stretch='normal', size='scalable')) = 10.05
14:39:16 [DEBUG] matplotlib.font_manager: findfont: score(FontEntry(fname='C:\\Windows\\Fonts\\ANTQUABI.TTF', name='Book Antiqua', style='italic', variant='normal', weight=700, stretch='normal', size='scalable')) = 11.335
14:39:16 [DEBUG] matplotlib.font_manager: findfont: score(FontEntry(fname='C:\\Windows\\Fonts\\seguisym.ttf', name='Segoe UI Symbol', style='normal', variant='normal', weight=400, stretch='normal', size='scalable')) = 10.05
14:39:16 [DEBUG] matplotlib.font_manager: findfont: score(FontEntry(fname='C:\\Windows\\Fonts\\STSONG.TTF', name='STSong', style='normal', variant='normal', weight=400, stretch='normal', size='scalable')) = 10.05
14:39:16 [DEBUG] matplotlib.font_manager: findfont: score(FontEntry(fname='C:\\Windows\\Fonts\\cambriaz.ttf', name='Cambria', style='italic', variant='normal', weight=700, stretch='normal', size='scalable')) = 11.335
14:39:16 [DEBUG] matplotlib.font_manager: findfont: score(FontEntry(fname='C:\\Windows\\Fonts\\segoeui.ttf', name='Segoe UI', style='normal', variant='normal', weight=400, stretch='normal', size='scalable')) = 10.05
14:39:16 [DEBUG] matplotlib.font_manager: findfont: score(FontEntry(fname='C:\\Windows\\Fonts\\malgunbd.ttf', name='Malgun Gothic', style='normal', variant='normal', weight=700, stretch='normal', size='scalable')) = 10.335
14:39:16 [DEBUG] matplotlib.font_manager: findfont: score(FontEntry(fname='C:\\Windows\\Fonts\\FZSTK.TTF', name='FZShuTi', style='normal', variant='normal', weight=400, stretch='normal', size='scalable')) = 10.05
14:39:16 [DEBUG] matplotlib.font_manager: findfont: score(FontEntry(fname='C:\\Windows\\Fonts\\DUBAI-LIGHT.TTF', name='Dubai', style='normal', variant='normal', weight=300, stretch='normal', size='scalable')) = 10.145
14:39:16 [DEBUG] matplotlib.font_manager: findfont: score(FontEntry(fname='C:\\Windows\\Fonts\\STFANGSO.TTF', name='STFangsong', style='normal', variant='normal', weight=400, stretch='normal', size='scalable')) = 10.05
14:39:16 [DEBUG] matplotlib.font_manager: findfont: score(FontEntry(fname='C:\\Windows\\Fonts\\LEELAWAD.TTF', name='Leelawadee', style='normal', variant='normal', weight=400, stretch='normal', size='scalable')) = 10.05
14:39:16 [DEBUG] matplotlib.font_manager: findfont: score(FontEntry(fname='C:\\Windows\\Fonts\\BOOKOSB.TTF', name='Bookman Old Style', style='normal', variant='normal', weight=600, stretch='normal', size='scalable')) = 10.24
14:39:16 [DEBUG] matplotlib.font_manager: findfont: score(FontEntry(fname='C:\\Windows\\Fonts\\cambria.ttc', name='Cambria', style='normal', variant='normal', weight=400, stretch='normal', size='scalable')) = 10.05
14:39:16 [DEBUG] matplotlib.font_manager: findfont: score(FontEntry(fname='C:\\Windows\\Fonts\\Candaraz.ttf', name='Candara', style='italic', variant='normal', weight=700, stretch='normal', size='scalable')) = 11.335
14:39:16 [DEBUG] matplotlib.font_manager: findfont: score(FontEntry(fname='C:\\Windows\\Fonts\\segoepr.ttf', name='Segoe Print', style='normal', variant='normal', weight=400, stretch='normal', size='scalable')) = 10.05
14:39:16 [DEBUG] matplotlib.font_manager: findfont: score(FontEntry(fname='C:\\Windows\\Fonts\\comic.ttf', name='Comic Sans MS', style='normal', variant='normal', weight=400, stretch='normal', size='scalable')) = 10.05
14:39:16 [DEBUG] matplotlib.font_manager: findfont: score(FontEntry(fname='C:\\Windows\\Fonts\\phagspab.ttf', name='Microsoft PhagsPa', style='normal', variant='normal', weight=700, stretch='normal', size='scalable')) = 10.335
14:39:16 [DEBUG] matplotlib.font_manager: findfont: score(FontEntry(fname='C:\\Windows\\Fonts\\timesbi.ttf', name='Times New Roman', style='italic', variant='normal', weight=700, stretch='normal', size='scalable')) = 11.335
14:39:16 [DEBUG] matplotlib.font_manager: findfont: score(FontEntry(fname='C:\\Windows\\Fonts\\SansSerifCollection.ttf', name='Sans Serif Collection', style='normal', variant='normal', weight=400, stretch='normal', size='scalable')) = 10.05
14:39:16 [DEBUG] matplotlib.font_manager: findfont: score(FontEntry(fname='C:\\Windows\\Fonts\\ariali.ttf', name='Arial', style='italic', variant='normal', weight=400, stretch='normal', size='scalable')) = 11.05
14:39:16 [DEBUG] matplotlib.font_manager: findfont: score(FontEntry(fname='C:\\Windows\\Fonts\\LHANDW.TTF', name='Lucida Handwriting', style='italic', variant='normal', weight=400, stretch='normal', size='scalable')) = 11.05
14:39:16 [DEBUG] matplotlib.font_manager: findfont: score(FontEntry(fname='C:\\Windows\\Fonts\\Gabriola.ttf', name='Gabriola', style='normal', variant='normal', weight=400, stretch='normal', size='scalable')) = 10.05
14:39:16 [DEBUG] matplotlib.font_manager: findfont: score(FontEntry(fname='C:\\Windows\\Fonts\\mvboli.ttf', name='MV Boli', style='normal', variant='normal', weight=400, stretch='normal', size='scalable')) = 10.05
14:39:16 [DEBUG] matplotlib.font_manager: findfont: score(FontEntry(fname='C:\\Windows\\Fonts\\WINGDNG3.TTF', name='Wingdings 3', style='normal', variant='normal', weight=400, stretch='normal', size='scalable')) = 10.05
14:39:16 [DEBUG] matplotlib.font_manager: findfont: score(FontEntry(fname='C:\\Windows\\Fonts\\seguili.ttf', name='Segoe UI', style='italic', variant='normal', weight=300, stretch='normal', size='scalable')) = 11.145
14:39:16 [DEBUG] matplotlib.font_manager: findfont: score(FontEntry(fname='C:\\Windows\\Fonts\\micross.ttf', name='Microsoft Sans Serif', style='normal', variant='normal', weight=400, stretch='normal', size='scalable')) = 10.05
14:39:16 [DEBUG] matplotlib.font_manager: findfont: score(FontEntry(fname='C:\\Windows\\Fonts\\tahomabd.ttf', name='Tahoma', style='normal', variant='normal', weight=700, stretch='normal', size='scalable')) = 10.335
14:39:16 [DEBUG] matplotlib.font_manager: findfont: score(FontEntry(fname='C:\\Windows\\Fonts\\calibrili.ttf', name='Calibri', style='italic', variant='normal', weight=300, stretch='normal', size='scalable')) = 11.145
14:39:16 [DEBUG] matplotlib.font_manager: findfont: score(FontEntry(fname='C:\\Windows\\Fonts\\msyhl.ttc', name='Microsoft YaHei', style='normal', variant='normal', weight=290, stretch='normal', size='scalable')) = 2.1545
14:39:16 [DEBUG] matplotlib.font_manager: findfont: score(FontEntry(fname='C:\\Windows\\Fonts\\MSUIGHUR.TTF', name='Microsoft Uighur', style='normal', variant='normal', weight=400, stretch='normal', size='scalable')) = 10.05
14:39:16 [DEBUG] matplotlib.font_manager: findfont: score(FontEntry(fname='C:\\Windows\\Fonts\\segoeuii.ttf', name='Segoe UI', style='italic', variant='normal', weight=400, stretch='normal', size='scalable')) = 11.05
14:39:16 [DEBUG] matplotlib.font_manager: findfont: score(FontEntry(fname='C:\\Windows\\Fonts\\STXINWEI.TTF', name='STXinwei', style='normal', variant='normal', weight=400, stretch='normal', size='scalable')) = 10.05
14:39:16 [DEBUG] matplotlib.font_manager: findfont: score(FontEntry(fname='C:\\Windows\\Fonts\\seguisb.ttf', name='Segoe UI', style='normal', variant='normal', weight=600, stretch='normal', size='scalable')) = 10.24
14:39:16 [DEBUG] matplotlib.font_manager: findfont: score(FontEntry(fname='C:\\Windows\\Fonts\\seguihis.ttf', name='Segoe UI Historic', style='normal', variant='normal', weight=400, stretch='normal', size='scalable')) = 10.05
14:39:16 [DEBUG] matplotlib.font_manager: findfont: score(FontEntry(fname='C:\\Windows\\Fonts\\comici.ttf', name='Comic Sans MS', style='italic', variant='normal', weight=400, stretch='normal', size='scalable')) = 11.05
14:39:16 [DEBUG] matplotlib.font_manager: findfont: score(FontEntry(fname='C:\\Windows\\Fonts\\holomdl2.ttf', name='HoloLens MDL2 Assets', style='normal', variant='normal', weight=400, stretch='normal', size='scalable')) = 10.05
14:39:16 [DEBUG] matplotlib.font_manager: findfont: score(FontEntry(fname='C:\\Windows\\Fonts\\segoeuisl.ttf', name='Segoe UI', style='normal', variant='normal', weight=350, stretch='normal', size='scalable')) = 10.0975
14:39:16 [DEBUG] matplotlib.font_manager: findfont: score(FontEntry(fname='C:\\Windows\\Fonts\\constanb.ttf', name='Constantia', style='normal', variant='normal', weight=700, stretch='normal', size='scalable')) = 10.335
14:39:16 [DEBUG] matplotlib.font_manager: findfont: score(FontEntry(fname='C:\\Windows\\Fonts\\SegUIVar.ttf', name='Segoe UI Variable', style='normal', variant='normal', weight=400, stretch='normal', size='scalable')) = 10.05
14:39:16 [DEBUG] matplotlib.font_manager: findfont: score(FontEntry(fname='C:\\Windows\\Fonts\\couri.ttf', name='Courier New', style='italic', variant='normal', weight=400, stretch='normal', size='scalable')) = 11.05
14:39:16 [DEBUG] matplotlib.font_manager: findfont: score(FontEntry(fname='C:\\Windows\\Fonts\\JUICE___.TTF', name='Juice ITC', style='normal', variant='normal', weight=400, stretch='normal', size='scalable')) = 10.05
14:39:16 [DEBUG] matplotlib.font_manager: findfont: score(FontEntry(fname='C:\\Windows\\Fonts\\taileb.ttf', name='Microsoft Tai Le', style='normal', variant='normal', weight=700, stretch='normal', size='scalable')) = 10.335
14:39:16 [DEBUG] matplotlib.font_manager: findfont: score(FontEntry(fname='C:\\Windows\\Fonts\\wingding.ttf', name='Wingdings', style='normal', variant='normal', weight=400, stretch='normal', size='scalable')) = 10.05
14:39:16 [DEBUG] matplotlib.font_manager: findfont: score(FontEntry(fname='C:\\Windows\\Fonts\\trebuc.ttf', name='Trebuchet MS', style='normal', variant='normal', weight=400, stretch='normal', size='scalable')) = 10.05
14:39:16 [DEBUG] matplotlib.font_manager: findfont: score(FontEntry(fname='C:\\Windows\\Fonts\\Candarali.ttf', name='Candara', style='italic', variant='normal', weight=400, stretch='normal', size='scalable')) = 11.05
14:39:16 [DEBUG] matplotlib.font_manager: findfont: score(FontEntry(fname='C:\\Windows\\Fonts\\Dengl.ttf', name='DengXian', style='normal', variant='normal', weight=300, stretch='normal', size='scalable')) = 10.145
14:39:16 [DEBUG] matplotlib.font_manager: findfont: score(FontEntry(fname='C:\\Windows\\Fonts\\constan.ttf', name='Constantia', style='normal', variant='normal', weight=400, stretch='normal', size='scalable')) = 10.05
14:39:16 [DEBUG] matplotlib.font_manager: findfont: score(FontEntry(fname='C:\\Users\\Administrator\\AppData\\Local\\Microsoft\\Windows\\Fonts\\UbuntuMono[wght].ttf', name='Ubuntu Mono', style='normal', variant='normal', weight=400, stretch='normal', size='scalable')) = 10.05
14:39:16 [DEBUG] matplotlib.font_manager: findfont: score(FontEntry(fname='C:\\Windows\\Fonts\\taile.ttf', name='Microsoft Tai Le', style='normal', variant='normal', weight=400, stretch='normal', size='scalable')) = 10.05
14:39:16 [DEBUG] matplotlib.font_manager: findfont: score(FontEntry(fname='C:\\Windows\\Fonts\\corbel.ttf', name='Corbel', style='normal', variant='normal', weight=400, stretch='normal', size='scalable')) = 10.05
14:39:16 [DEBUG] matplotlib.font_manager: findfont: score(FontEntry(fname='C:\\Windows\\Fonts\\MSUIGHUB.TTF', name='Microsoft Uighur', style='normal', variant='normal', weight=700, stretch='normal', size='scalable')) = 10.335
14:39:16 [DEBUG] matplotlib.font_manager: findfont: score(FontEntry(fname='C:\\Windows\\Fonts\\msjhl.ttc', name='Microsoft JhengHei', style='normal', variant='normal', weight=290, stretch='normal', size='scalable')) = 10.1545
14:39:16 [DEBUG] matplotlib.font_manager: findfont: score(FontEntry(fname='C:\\Windows\\Fonts\\gadugi.ttf', name='Gadugi', style='normal', variant='normal', weight=400, stretch='normal', size='scalable')) = 10.05
14:39:16 [DEBUG] matplotlib.font_manager: findfont: score(FontEntry(fname='C:\\Windows\\Fonts\\LeelawUI.ttf', name='Leelawadee UI', style='normal', variant='normal', weight=400, stretch='normal', size='scalable')) = 10.05
14:39:16 [DEBUG] matplotlib.font_manager: findfont: score(FontEntry(fname='C:\\Windows\\Fonts\\framd.ttf', name='Franklin Gothic Medium', style='normal', variant='normal', weight=400, stretch='normal', size='scalable')) = 10.05
14:39:16 [DEBUG] matplotlib.font_manager: findfont: score(FontEntry(fname='C:\\Windows\\Fonts\\javatext.ttf', name='Javanese Text', style='normal', variant='normal', weight=400, stretch='normal', size='scalable')) = 10.05
14:39:16 [DEBUG] matplotlib.font_manager: findfont: score(FontEntry(fname='C:\\Windows\\Fonts\\NirmalaB.ttf', name='Nirmala UI', style='normal', variant='normal', weight=700, stretch='normal', size='scalable')) = 10.335
14:39:16 [DEBUG] matplotlib.font_manager: findfont: score(FontEntry(fname='C:\\Windows\\Fonts\\monbaiti.ttf', name='Mongolian Baiti', style='normal', variant='normal', weight=400, stretch='normal', size='scalable')) = 10.05
14:39:16 [DEBUG] matplotlib.font_manager: findfont: score(FontEntry(fname='C:\\Windows\\Fonts\\YuGothB.ttc', name='Yu Gothic', style='normal', variant='normal', weight=700, stretch='normal', size='scalable')) = 10.335
14:39:16 [DEBUG] matplotlib.font_manager: findfont: score(FontEntry(fname='C:\\Windows\\Fonts\\timesi.ttf', name='Times New Roman', style='italic', variant='normal', weight=400, stretch='normal', size='scalable')) = 11.05
14:39:16 [DEBUG] matplotlib.font_manager: findfont: score(FontEntry(fname='C:\\Windows\\Fonts\\YuGothL.ttc', name='Yu Gothic', style='normal', variant='normal', weight=300, stretch='normal', size='scalable')) = 10.145
14:39:16 [DEBUG] matplotlib.font_manager: findfont: score(FontEntry(fname='C:\\Windows\\Fonts\\framdit.ttf', name='Franklin Gothic Medium', style='italic', variant='normal', weight=400, stretch='normal', size='scalable')) = 11.05
14:39:16 [DEBUG] matplotlib.font_manager: findfont: score(FontEntry(fname='C:\\Windows\\Fonts\\SitkaVF-Italic.ttf', name='Sitka', style='italic', variant='normal', weight=400, stretch='normal', size='scalable')) = 11.05
14:39:16 [DEBUG] matplotlib.font_manager: findfont: score(FontEntry(fname='C:\\Windows\\Fonts\\BKANT.TTF', name='Book Antiqua', style='normal', variant='normal', weight=400, stretch='normal', size='scalable')) = 10.05
14:39:16 [DEBUG] matplotlib.font_manager: findfont: score(FontEntry(fname='C:\\Windows\\Fonts\\ntailu.ttf', name='Microsoft New Tai Lue', style='normal', variant='normal', weight=400, stretch='normal', size='scalable')) = 10.05
14:39:16 [DEBUG] matplotlib.font_manager: findfont: score(FontEntry(fname='C:\\Windows\\Fonts\\ebrima.ttf', name='Ebrima', style='normal', variant='normal', weight=400, stretch='normal', size='scalable')) = 10.05
14:39:16 [DEBUG] matplotlib.font_manager: findfont: score(FontEntry(fname='C:\\Windows\\Fonts\\seguisbi.ttf', name='Segoe UI', style='italic', variant='normal', weight=600, stretch='normal', size='scalable')) = 11.24
14:39:16 [DEBUG] matplotlib.font_manager: findfont: score(FontEntry(fname='C:\\Windows\\Fonts\\STLITI.TTF', name='STLiti', style='normal', variant='normal', weight=400, stretch='normal', size='scalable')) = 10.05
14:39:16 [DEBUG] matplotlib.font_manager: findfont: score(FontEntry(fname='C:\\Windows\\Fonts\\seguiemj.ttf', name='Segoe UI Emoji', style='normal', variant='normal', weight=400, stretch='normal', size='scalable')) = 10.05
14:39:16 [DEBUG] matplotlib.font_manager: findfont: score(FontEntry(fname='C:\\Windows\\Fonts\\Candara.ttf', name='Candara', style='normal', variant='normal', weight=400, stretch='normal', size='scalable')) = 10.05
14:39:16 [DEBUG] matplotlib.font_manager: findfont: score(FontEntry(fname='C:\\Windows\\Fonts\\seguibl.ttf', name='Segoe UI', style='normal', variant='normal', weight=900, stretch='normal', size='scalable')) = 10.525
14:39:16 [DEBUG] matplotlib.font_manager: findfont: score(FontEntry(fname='C:\\Windows\\Fonts\\NirmalaS.ttf', name='Nirmala UI', style='normal', variant='normal', weight=350, stretch='normal', size='scalable')) = 10.0975
14:39:16 [DEBUG] matplotlib.font_manager: findfont: score(FontEntry(fname='C:\\Windows\\Fonts\\segoeprb.ttf', name='Segoe Print', style='normal', variant='normal', weight=700, stretch='normal', size='scalable')) = 10.335
14:39:16 [DEBUG] matplotlib.font_manager: findfont: score(FontEntry(fname='C:\\Windows\\Fonts\\GOTHICBI.TTF', name='Century Gothic', style='italic', variant='normal', weight=700, stretch='normal', size='scalable')) = 11.335
14:39:16 [DEBUG] matplotlib.font_manager: findfont: score(FontEntry(fname='C:\\Windows\\Fonts\\cambriai.ttf', name='Cambria', style='italic', variant='normal', weight=400, stretch='normal', size='scalable')) = 11.05
14:39:16 [DEBUG] matplotlib.font_manager: findfont: score(FontEntry(fname='C:\\Windows\\Fonts\\CENTURY.TTF', name='Century', style='normal', variant='normal', weight=400, stretch='normal', size='scalable')) = 10.05
14:39:16 [DEBUG] matplotlib.font_manager: findfont: score(FontEntry(fname='C:\\Windows\\Fonts\\symbol.ttf', name='Symbol', style='normal', variant='normal', weight=400, stretch='normal', size='scalable')) = 10.05
14:39:16 [DEBUG] matplotlib.font_manager: findfont: score(FontEntry(fname='C:\\Windows\\Fonts\\msjh.ttc', name='Microsoft JhengHei', style='normal', variant='normal', weight=400, stretch='normal', size='scalable')) = 10.05
14:39:16 [DEBUG] matplotlib.font_manager: findfont: score(FontEntry(fname='C:\\Windows\\Fonts\\FREESCPT.TTF', name='Freestyle Script', style='normal', variant='normal', weight=400, stretch='normal', size='scalable')) = 10.05
14:39:16 [DEBUG] matplotlib.font_manager: findfont: score(FontEntry(fname='C:\\Windows\\Fonts\\timesbd.ttf', name='Times New Roman', style='normal', variant='normal', weight=700, stretch='normal', size='scalable')) = 10.335
14:39:16 [DEBUG] matplotlib.font_manager: findfont: score(FontEntry(fname='C:\\Windows\\Fonts\\MISTRAL.TTF', name='Mistral', style='normal', variant='normal', weight=400, stretch='normal', size='scalable')) = 10.05
14:39:16 [DEBUG] matplotlib.font_manager: findfont: score(FontEntry(fname='C:\\Windows\\Fonts\\ITCKRIST.TTF', name='Kristen ITC', style='normal', variant='normal', weight=400, stretch='normal', size='scalable')) = 10.05
14:39:16 [DEBUG] matplotlib.font_manager: findfont: score(FontEntry(fname='C:\\Windows\\Fonts\\ARIALNI.TTF', name='Arial', style='italic', variant='normal', weight=400, stretch='condensed', size='scalable')) = 11.25
14:39:16 [DEBUG] matplotlib.font_manager: findfont: score(FontEntry(fname='C:\\Windows\\Fonts\\mmrtextb.ttf', name='Myanmar Text', style='normal', variant='normal', weight=700, stretch='normal', size='scalable')) = 10.335
14:39:16 [DEBUG] matplotlib.font_manager: findfont: score(FontEntry(fname='C:\\Windows\\Fonts\\LeelUIsl.ttf', name='Leelawadee UI', style='normal', variant='normal', weight=350, stretch='normal', size='scalable')) = 10.0975
14:39:16 [DEBUG] matplotlib.font_manager: findfont: score(FontEntry(fname='C:\\Windows\\Fonts\\BRADHITC.TTF', name='Bradley Hand ITC', style='normal', variant='normal', weight=400, stretch='normal', size='scalable')) = 10.05
14:39:16 [DEBUG] matplotlib.font_manager: findfont: score(FontEntry(fname='C:\\Windows\\Fonts\\calibri.ttf', name='Calibri', style='normal', variant='normal', weight=400, stretch='normal', size='scalable')) = 10.05
14:39:16 [DEBUG] matplotlib.font_manager: findfont: score(FontEntry(fname='C:\\Windows\\Fonts\\Deng.ttf', name='DengXian', style='normal', variant='normal', weight=400, stretch='normal', size='scalable')) = 10.05
14:39:16 [DEBUG] matplotlib.font_manager: findfont: score(FontEntry(fname='C:\\Windows\\Fonts\\STKAITI.TTF', name='STKaiti', style='normal', variant='normal', weight=400, stretch='normal', size='scalable')) = 10.05
14:39:16 [DEBUG] matplotlib.font_manager: findfont: score(FontEntry(fname='C:\\Windows\\Fonts\\Inkfree.ttf', name='Ink Free', style='normal', variant='normal', weight=400, stretch='normal', size='scalable')) = 10.05
14:39:16 [DEBUG] matplotlib.font_manager: findfont: score(FontEntry(fname='C:\\Windows\\Fonts\\msjhbd.ttc', name='Microsoft JhengHei', style='normal', variant='normal', weight=700, stretch='normal', size='scalable')) = 10.335
14:39:16 [DEBUG] matplotlib.font_manager: findfont: score(FontEntry(fname='C:\\Windows\\Fonts\\simhei.ttf', name='SimHei', style='normal', variant='normal', weight=400, stretch='normal', size='scalable')) = 0.05
14:39:16 [DEBUG] matplotlib.font_manager: findfont: score(FontEntry(fname='C:\\Windows\\Fonts\\STZHONGS.TTF', name='STZhongsong', style='normal', variant='normal', weight=400, stretch='normal', size='scalable')) = 10.05
14:39:16 [DEBUG] matplotlib.font_manager: findfont: score(FontEntry(fname='C:\\Windows\\Fonts\\georgiai.ttf', name='Georgia', style='italic', variant='normal', weight=400, stretch='normal', size='scalable')) = 11.05
14:39:16 [DEBUG] matplotlib.font_manager: findfont: score(FontEntry(fname='C:\\Windows\\Fonts\\calibriz.ttf', name='Calibri', style='italic', variant='normal', weight=700, stretch='normal', size='scalable')) = 11.335
14:39:16 [DEBUG] matplotlib.font_manager: findfont: score(FontEntry(fname='C:\\Windows\\Fonts\\comicz.ttf', name='Comic Sans MS', style='italic', variant='normal', weight=700, stretch='normal', size='scalable')) = 11.335
14:39:16 [DEBUG] matplotlib.font_manager: findfont: score(FontEntry(fname='C:\\Windows\\Fonts\\impact.ttf', name='Impact', style='normal', variant='normal', weight=400, stretch='normal', size='scalable')) = 10.05
14:39:16 [DEBUG] matplotlib.font_manager: findfont: score(FontEntry(fname='C:\\Windows\\Fonts\\pala.ttf', name='Palatino Linotype', style='normal', variant='normal', weight=400, stretch='normal', size='scalable')) = 10.05
14:39:16 [DEBUG] matplotlib.font_manager: findfont: score(FontEntry(fname='C:\\Windows\\Fonts\\Candarai.ttf', name='Candara', style='italic', variant='normal', weight=400, stretch='normal', size='scalable')) = 11.05
14:39:16 [DEBUG] matplotlib.font_manager: findfont: score(FontEntry(fname='C:\\Windows\\Fonts\\consolai.ttf', name='Consolas', style='italic', variant='normal', weight=400, stretch='normal', size='scalable')) = 11.05
14:39:16 [DEBUG] matplotlib.font_manager: findfont: score(FontEntry(fname='C:\\Windows\\Fonts\\msyh.ttc', name='Microsoft YaHei', style='normal', variant='normal', weight=400, stretch='normal', size='scalable')) = 2.05
14:39:16 [DEBUG] matplotlib.font_manager: findfont: score(FontEntry(fname='C:\\Windows\\Fonts\\STHUPO.TTF', name='STHupo', style='normal', variant='normal', weight=400, stretch='normal', size='scalable')) = 10.05
14:39:16 [DEBUG] matplotlib.font_manager: findfont: score(FontEntry(fname='C:\\Windows\\Fonts\\GARA.TTF', name='Garamond', style='normal', variant='normal', weight=400, stretch='normal', size='scalable')) = 10.05
14:39:16 [DEBUG] matplotlib.font_manager: findfont: score(FontEntry(fname='C:\\Windows\\Fonts\\arial.ttf', name='Arial', style='normal', variant='normal', weight=400, stretch='normal', size='scalable')) = 10.05
14:39:16 [DEBUG] matplotlib.font_manager: findfont: score(FontEntry(fname='C:\\Windows\\Fonts\\georgiaz.ttf', name='Georgia', style='italic', variant='normal', weight=700, stretch='normal', size='scalable')) = 11.335
14:39:16 [DEBUG] matplotlib.font_manager: findfont: score(FontEntry(fname='C:\\Windows\\Fonts\\trebucbi.ttf', name='Trebuchet MS', style='italic', variant='normal', weight=700, stretch='normal', size='scalable')) = 11.335
14:39:16 [DEBUG] matplotlib.font_manager: findfont: score(FontEntry(fname='C:\\Windows\\Fonts\\simsun.ttc', name='SimSun', style='normal', variant='normal', weight=400, stretch='normal', size='scalable')) = 10.05
14:39:16 [DEBUG] matplotlib.font_manager: findfont: score(FontEntry(fname='C:\\Windows\\Fonts\\mmrtext.ttf', name='Myanmar Text', style='normal', variant='normal', weight=400, stretch='normal', size='scalable')) = 10.05
14:39:16 [DEBUG] matplotlib.font_manager: findfont: score(FontEntry(fname='C:\\Windows\\Fonts\\palai.ttf', name='Palatino Linotype', style='italic', variant='normal', weight=400, stretch='normal', size='scalable')) = 11.05
14:39:16 [DEBUG] matplotlib.font_manager: findfont: score(FontEntry(fname='C:\\Windows\\Fonts\\trebucit.ttf', name='Trebuchet MS', style='italic', variant='normal', weight=400, stretch='normal', size='scalable')) = 11.05
14:39:16 [DEBUG] matplotlib.font_manager: findfont: score(FontEntry(fname='C:\\Windows\\Fonts\\GARABD.TTF', name='Garamond', style='normal', variant='normal', weight=700, stretch='normal', size='scalable')) = 10.335
14:39:16 [DEBUG] matplotlib.font_manager: findfont: score(FontEntry(fname='C:\\Windows\\Fonts\\ANTQUAI.TTF', name='Book Antiqua', style='italic', variant='normal', weight=400, stretch='normal', size='scalable')) = 11.05
14:39:16 [DEBUG] matplotlib.font_manager: findfont: score(FontEntry(fname='C:\\Windows\\Fonts\\corbelz.ttf', name='Corbel', style='italic', variant='normal', weight=700, stretch='normal', size='scalable')) = 11.335
14:39:16 [DEBUG] matplotlib.font_manager: findfont: score(FontEntry(fname='C:\\Windows\\Fonts\\gadugib.ttf', name='Gadugi', style='normal', variant='normal', weight=700, stretch='normal', size='scalable')) = 10.335
14:39:16 [DEBUG] matplotlib.font_manager: findfont: score(FontEntry(fname='C:\\Windows\\Fonts\\ANTQUAB.TTF', name='Book Antiqua', style='normal', variant='normal', weight=700, stretch='normal', size='scalable')) = 10.335
14:39:16 [DEBUG] matplotlib.font_manager: findfont: score(FontEntry(fname='C:\\Windows\\Fonts\\courbd.ttf', name='Courier New', style='normal', variant='normal', weight=700, stretch='normal', size='scalable')) = 10.335
14:39:16 [DEBUG] matplotlib.font_manager: findfont: score(FontEntry(fname='C:\\Windows\\Fonts\\courbi.ttf', name='Courier New', style='italic', variant='normal', weight=700, stretch='normal', size='scalable')) = 11.335
14:39:16 [DEBUG] matplotlib.font_manager: findfont: score(FontEntry(fname='C:\\Windows\\Fonts\\himalaya.ttf', name='Microsoft Himalaya', style='normal', variant='normal', weight=400, stretch='normal', size='scalable')) = 10.05
14:39:16 [DEBUG] matplotlib.font_manager: findfont: score(FontEntry(fname='C:\\Windows\\Fonts\\GOTHICB.TTF', name='Century Gothic', style='normal', variant='normal', weight=700, stretch='normal', size='scalable')) = 10.335
14:39:16 [DEBUG] matplotlib.font_manager: findfont: score(FontEntry(fname='C:\\Windows\\Fonts\\cambriab.ttf', name='Cambria', style='normal', variant='normal', weight=700, stretch='normal', size='scalable')) = 10.335
14:39:16 [DEBUG] matplotlib.font_manager: findfont: score(FontEntry(fname='C:\\Windows\\Fonts\\STCAIYUN.TTF', name='STCaiyun', style='normal', variant='normal', weight=400, stretch='normal', size='scalable')) = 10.05
14:39:16 [DEBUG] matplotlib.font_manager: findfont: score(FontEntry(fname='C:\\Windows\\Fonts\\REFSPCL.TTF', name='MS Reference Specialty', style='normal', variant='normal', weight=400, stretch='normal', size='scalable')) = 10.05
14:39:16 [DEBUG] matplotlib.font_manager: findfont: score(FontEntry(fname='C:\\Windows\\Fonts\\GARAIT.TTF', name='Garamond', style='italic', variant='normal', weight=400, stretch='normal', size='scalable')) = 11.05
14:39:16 [DEBUG] matplotlib.font_manager: findfont: score(FontEntry(fname='C:\\Windows\\Fonts\\constanz.ttf', name='Constantia', style='italic', variant='normal', weight=700, stretch='normal', size='scalable')) = 11.335
14:39:16 [DEBUG] matplotlib.font_manager: findfont: score(FontEntry(fname='C:\\Windows\\Fonts\\SIMLI.TTF', name='LiSu', style='normal', variant='normal', weight=400, stretch='normal', size='scalable')) = 10.05
14:39:16 [DEBUG] matplotlib.font_manager: findfont: score(FontEntry(fname='C:\\Windows\\Fonts\\cour.ttf', name='Courier New', style='normal', variant='normal', weight=400, stretch='normal', size='scalable')) = 10.05
14:39:16 [DEBUG] matplotlib.font_manager: findfont: score(FontEntry(fname='C:\\Windows\\Fonts\\MTCORSVA.TTF', name='Monotype Corsiva', style='normal', variant='normal', weight=400, stretch='normal', size='scalable')) = 10.05
14:39:16 [DEBUG] matplotlib.font_manager: findfont: score(FontEntry(fname='C:\\Windows\\Fonts\\simkai.ttf', name='KaiTi', style='normal', variant='normal', weight=400, stretch='normal', size='scalable')) = 10.05
14:39:16 [DEBUG] matplotlib.font_manager: findfont: score(FontEntry(fname='C:\\Windows\\Fonts\\segoeuil.ttf', name='Segoe UI', style='normal', variant='normal', weight=300, stretch='normal', size='scalable')) = 10.145
14:39:16 [DEBUG] matplotlib.font_manager: findfont: score(FontEntry(fname='C:\\Windows\\Fonts\\consolab.ttf', name='Consolas', style='normal', variant='normal', weight=700, stretch='normal', size='scalable')) = 10.335
14:39:16 [DEBUG] matplotlib.font_manager: findfont: score(FontEntry(fname='C:\\Windows\\Fonts\\segoesc.ttf', name='Segoe Script', style='normal', variant='normal', weight=400, stretch='normal', size='scalable')) = 10.05
14:39:16 [DEBUG] matplotlib.font_manager: findfont: score(FontEntry(fname='C:\\Windows\\Fonts\\ARIALN.TTF', name='Arial', style='normal', variant='normal', weight=400, stretch='condensed', size='scalable')) = 10.25
14:39:16 [DEBUG] matplotlib.font_manager: findfont: score(FontEntry(fname='C:\\Windows\\Fonts\\verdana.ttf', name='Verdana', style='normal', variant='normal', weight=400, stretch='normal', size='scalable')) = 10.05
14:39:16 [DEBUG] matplotlib.font_manager: findfont: score(FontEntry(fname='C:\\Windows\\Fonts\\DUBAI-BOLD.TTF', name='Dubai', style='normal', variant='normal', weight=700, stretch='normal', size='scalable')) = 10.335
14:39:16 [DEBUG] matplotlib.font_manager: findfont: score(FontEntry(fname='C:\\Windows\\Fonts\\BOOKOSI.TTF', name='Bookman Old Style', style='italic', variant='normal', weight=300, stretch='normal', size='scalable')) = 11.145
14:39:16 [DEBUG] matplotlib.font_manager: findfont: score(FontEntry(fname='C:\\Windows\\Fonts\\TEMPSITC.TTF', name='Tempus Sans ITC', style='normal', variant='normal', weight=400, stretch='normal', size='scalable')) = 10.05
14:39:16 [DEBUG] matplotlib.font_manager: findfont: score(FontEntry(fname='C:\\Windows\\Fonts\\palabi.ttf', name='Palatino Linotype', style='italic', variant='normal', weight=700, stretch='normal', size='scalable')) = 11.335
14:39:16 [DEBUG] matplotlib.font_manager: findfont: score(FontEntry(fname='C:\\Windows\\Fonts\\corbeli.ttf', name='Corbel', style='italic', variant='normal', weight=400, stretch='normal', size='scalable')) = 11.05
14:39:16 [DEBUG] matplotlib.font_manager: findfont: score(FontEntry(fname='C:\\Windows\\Fonts\\msyhbd.ttc', name='Microsoft YaHei', style='normal', variant='normal', weight=700, stretch='normal', size='scalable')) = 2.335
14:39:16 [DEBUG] matplotlib.font_manager: findfont: score(FontEntry(fname='C:\\Windows\\Fonts\\corbelb.ttf', name='Corbel', style='normal', variant='normal', weight=700, stretch='normal', size='scalable')) = 10.335
14:39:16 [DEBUG] matplotlib.font_manager: findfont: score(FontEntry(fname='C:\\Windows\\Fonts\\Candaral.ttf', name='Candara', style='normal', variant='normal', weight=400, stretch='normal', size='scalable')) = 10.05
14:39:16 [DEBUG] matplotlib.font_manager: findfont: score(FontEntry(fname='C:\\Windows\\Fonts\\bahnschrift.ttf', name='Bahnschrift', style='normal', variant='normal', weight=400, stretch='normal', size='scalable')) = 10.05
14:39:16 [DEBUG] matplotlib.font_manager: findfont: score(FontEntry(fname='C:\\Windows\\Fonts\\mingliub.ttc', name='MingLiU-ExtB', style='normal', variant='normal', weight=400, stretch='normal', size='scalable')) = 10.05
14:39:16 [DEBUG] matplotlib.font_manager: findfont: score(FontEntry(fname='C:\\Windows\\Fonts\\YuGothR.ttc', name='Yu Gothic', style='normal', variant='normal', weight=400, stretch='normal', size='scalable')) = 10.05
14:39:16 [DEBUG] matplotlib.font_manager: findfont: score(FontEntry(fname='C:\\Windows\\Fonts\\segoeuiz.ttf', name='Segoe UI', style='italic', variant='normal', weight=700, stretch='normal', size='scalable')) = 11.335
14:39:16 [DEBUG] matplotlib.font_manager: findfont: score(FontEntry(fname='C:\\Windows\\Fonts\\phagspa.ttf', name='Microsoft PhagsPa', style='normal', variant='normal', weight=400, stretch='normal', size='scalable')) = 10.05
14:39:16 [DEBUG] matplotlib.font_manager: findfont: score(FontEntry(fname='C:\\Windows\\Fonts\\segoeuib.ttf', name='Segoe UI', style='normal', variant='normal', weight=700, stretch='normal', size='scalable')) = 10.335
14:39:16 [DEBUG] matplotlib.font_manager: findfont: score(FontEntry(fname='C:\\Windows\\Fonts\\georgiab.ttf', name='Georgia', style='normal', variant='normal', weight=700, stretch='normal', size='scalable')) = 10.335
14:39:16 [DEBUG] matplotlib.font_manager: findfont: score(FontEntry(fname='C:\\Windows\\Fonts\\ebrimabd.ttf', name='Ebrima', style='normal', variant='normal', weight=700, stretch='normal', size='scalable')) = 10.335
14:39:16 [DEBUG] matplotlib.font_manager: findfont: score(FontEntry(fname='C:\\Windows\\Fonts\\constani.ttf', name='Constantia', style='italic', variant='normal', weight=400, stretch='normal', size='scalable')) = 11.05
14:39:16 [DEBUG] matplotlib.font_manager: findfont: score(FontEntry(fname='C:\\Windows\\Fonts\\segmdl2.ttf', name='Segoe MDL2 Assets', style='normal', variant='normal', weight=400, stretch='normal', size='scalable')) = 10.05
14:39:16 [DEBUG] matplotlib.font_manager: findfont: score(FontEntry(fname='C:\\Windows\\Fonts\\BOOKOSBI.TTF', name='Bookman Old Style', style='italic', variant='normal', weight=600, stretch='normal', size='scalable')) = 11.24
14:39:16 [DEBUG] matplotlib.font_manager: findfont: score(FontEntry(fname='C:\\Windows\\Fonts\\corbelli.ttf', name='Corbel', style='italic', variant='normal', weight=300, stretch='normal', size='scalable')) = 11.145
14:39:16 [DEBUG] matplotlib.font_manager: findfont: score(FontEntry(fname='C:\\Windows\\Fonts\\SegoeIcons.ttf', name='Segoe Fluent Icons', style='normal', variant='normal', weight=400, stretch='normal', size='scalable')) = 10.05
14:39:16 [DEBUG] matplotlib.font_manager: findfont: score(FontEntry(fname='C:\\Windows\\Fonts\\BSSYM7.TTF', name='Bookshelf Symbol 7', style='normal', variant='normal', weight=400, stretch='normal', size='scalable')) = 10.05
14:39:16 [DEBUG] matplotlib.font_manager: findfont: score(FontEntry(fname='C:\\Windows\\Fonts\\DUBAI-REGULAR.TTF', name='Dubai', style='normal', variant='normal', weight=400, stretch='normal', size='scalable')) = 10.05
14:39:16 [DEBUG] matplotlib.font_manager: findfont: score(FontEntry(fname='C:\\Windows\\Fonts\\ariblk.ttf', name='Arial', style='normal', variant='normal', weight=900, stretch='normal', size='scalable')) = 10.525
14:39:16 [DEBUG] matplotlib.font_manager: findfont: score(FontEntry(fname='C:\\Windows\\Fonts\\ARIALNB.TTF', name='Arial', style='normal', variant='normal', weight=700, stretch='condensed', size='scalable')) = 10.535
14:39:16 [DEBUG] matplotlib.font_manager: findfont: score(FontEntry(fname='C:\\Windows\\Fonts\\WINGDNG2.TTF', name='Wingdings 2', style='normal', variant='normal', weight=400, stretch='normal', size='scalable')) = 10.05
14:39:16 [DEBUG] matplotlib.font_manager: findfont: score(FontEntry(fname='C:\\Windows\\Fonts\\Nirmala.ttf', name='Nirmala UI', style='normal', variant='normal', weight=400, stretch='normal', size='scalable')) = 10.05
14:39:16 [DEBUG] matplotlib.font_manager: findfont: score(FontEntry(fname='C:\\Windows\\Fonts\\YuGothM.ttc', name='Yu Gothic', style='normal', variant='normal', weight=500, stretch='normal', size='scalable')) = 10.145
14:39:16 [DEBUG] matplotlib.font_manager: findfont: score(FontEntry(fname='C:\\Windows\\Fonts\\calibrib.ttf', name='Calibri', style='normal', variant='normal', weight=700, stretch='normal', size='scalable')) = 10.335
14:39:16 [DEBUG] matplotlib.font_manager: findfont: score(FontEntry(fname='C:\\Windows\\Fonts\\STXINGKA.TTF', name='STXingkai', style='normal', variant='normal', weight=400, stretch='normal', size='scalable')) = 10.05
14:39:16 [DEBUG] matplotlib.font_manager: findfont: score(FontEntry(fname='C:\\Windows\\Fonts\\arialbd.ttf', name='Arial', style='normal', variant='normal', weight=700, stretch='normal', size='scalable')) = 10.335
14:39:16 [DEBUG] matplotlib.font_manager: findfont: score(FontEntry(fname='C:\\Windows\\Fonts\\DUBAI-MEDIUM.TTF', name='Dubai', style='normal', variant='normal', weight=500, stretch='normal', size='scalable')) = 10.145
14:39:16 [DEBUG] matplotlib.font_manager: findfont: score(FontEntry(fname='C:\\Windows\\Fonts\\calibrii.ttf', name='Calibri', style='italic', variant='normal', weight=400, stretch='normal', size='scalable')) = 11.05
14:39:16 [DEBUG] matplotlib.font_manager: findfont: score(FontEntry(fname='C:\\Windows\\Fonts\\trebucbd.ttf', name='Trebuchet MS', style='normal', variant='normal', weight=700, stretch='normal', size='scalable')) = 10.335
14:39:16 [DEBUG] matplotlib.font_manager: findfont: score(FontEntry(fname='C:\\Windows\\Fonts\\verdanab.ttf', name='Verdana', style='normal', variant='normal', weight=700, stretch='normal', size='scalable')) = 10.335
14:39:16 [DEBUG] matplotlib.font_manager: findfont: score(FontEntry(fname='C:\\Windows\\Fonts\\REFSAN.TTF', name='MS Reference Sans Serif', style='normal', variant='normal', weight=400, stretch='normal', size='scalable')) = 10.05
14:39:16 [DEBUG] matplotlib.font_manager: findfont: score(FontEntry(fname='C:\\Windows\\Fonts\\l_10646.ttf', name='Lucida Sans Unicode', style='normal', variant='normal', weight=400, stretch='normal', size='scalable')) = 10.05
14:39:16 [DEBUG] matplotlib.font_manager: findfont: score(FontEntry(fname='C:\\Windows\\Fonts\\arialbi.ttf', name='Arial', style='italic', variant='normal', weight=700, stretch='normal', size='scalable')) = 11.335
14:39:16 [DEBUG] matplotlib.font_manager: findfont: score(FontEntry(fname='C:\\Windows\\Fonts\\LEELAWDB.TTF', name='Leelawadee', style='normal', variant='normal', weight=700, stretch='normal', size='scalable')) = 10.335
14:39:16 [DEBUG] matplotlib.font_manager: findfont: score(FontEntry(fname='C:\\Windows\\Fonts\\georgia.ttf', name='Georgia', style='normal', variant='normal', weight=400, stretch='normal', size='scalable')) = 10.05
14:39:16 [DEBUG] matplotlib.font_manager: findfont: score(FontEntry(fname='C:\\Windows\\Fonts\\tahoma.ttf', name='Tahoma', style='normal', variant='normal', weight=400, stretch='normal', size='scalable')) = 10.05
14:39:16 [DEBUG] matplotlib.font_manager: findfont: score(FontEntry(fname='C:\\Windows\\Fonts\\FRSCRIPT.TTF', name='French Script MT', style='normal', variant='normal', weight=400, stretch='normal', size='scalable')) = 10.05
14:39:16 [DEBUG] matplotlib.font_manager: findfont: score(FontEntry(fname='C:\\Windows\\Fonts\\GOTHICI.TTF', name='Century Gothic', style='italic', variant='normal', weight=400, stretch='normal', size='scalable')) = 11.05
14:39:16 [DEBUG] matplotlib.font_manager: findfont: score(FontEntry(fname='C:\\Windows\\Fonts\\segoescb.ttf', name='Segoe Script', style='normal', variant='normal', weight=700, stretch='normal', size='scalable')) = 10.335
14:39:16 [DEBUG] matplotlib.font_manager: findfont: score(FontEntry(fname='C:\\Windows\\Fonts\\PRISTINA.TTF', name='Pristina', style='normal', variant='normal', weight=400, stretch='normal', size='scalable')) = 10.05
14:39:16 [DEBUG] matplotlib.font_manager: findfont: score(FontEntry(fname='C:\\Windows\\Fonts\\sylfaen.ttf', name='Sylfaen', style='normal', variant='normal', weight=400, stretch='normal', size='scalable')) = 10.05
14:39:16 [DEBUG] matplotlib.font_manager: findfont: score(FontEntry(fname='C:\\Windows\\Fonts\\ntailub.ttf', name='Microsoft New Tai Lue', style='normal', variant='normal', weight=700, stretch='normal', size='scalable')) = 10.335
14:39:16 [DEBUG] matplotlib.font_manager: findfont: score(FontEntry(fname='C:\\Windows\\Fonts\\seguisli.ttf', name='Segoe UI', style='italic', variant='normal', weight=350, stretch='normal', size='scalable')) = 11.0975
14:39:16 [DEBUG] matplotlib.font_manager: findfont: score(FontEntry(fname='C:\\Windows\\Fonts\\verdanaz.ttf', name='Verdana', style='italic', variant='normal', weight=700, stretch='normal', size='scalable')) = 11.335
14:39:16 [DEBUG] matplotlib.font_manager: findfont: score(FontEntry(fname='C:\\Windows\\Fonts\\webdings.ttf', name='Webdings', style='normal', variant='normal', weight=400, stretch='normal', size='scalable')) = 10.05
14:39:16 [DEBUG] matplotlib.font_manager: findfont: score(FontEntry(fname='C:\\Windows\\Fonts\\PAPYRUS.TTF', name='Papyrus', style='normal', variant='normal', weight=400, stretch='normal', size='scalable')) = 10.05
14:39:16 [DEBUG] matplotlib.font_manager: findfont: Matching sans\-serif:style=normal:variant=normal:weight=normal:stretch=normal:size=9.0 to SimHei ('C:\\Windows\\Fonts\\simhei.ttf') with score of 0.050000.
14:39:16 [INFO] charts:   图表已保存: output/charts/01_index_overview.png
14:39:16 [INFO] charts: [图表2] 大小盘轮动...
14:39:16 [DEBUG] PIL.PngImagePlugin: STREAM b'IHDR' 16 13
14:39:16 [DEBUG] PIL.PngImagePlugin: STREAM b'sBIT' 41 4
14:39:16 [DEBUG] PIL.PngImagePlugin: b'sBIT' 41 4 (unknown)
14:39:16 [DEBUG] PIL.PngImagePlugin: STREAM b'pHYs' 57 9
14:39:16 [DEBUG] PIL.PngImagePlugin: STREAM b'IDAT' 78 1189
14:39:16 [DEBUG] PIL.PngImagePlugin: STREAM b'IHDR' 16 13
14:39:16 [DEBUG] PIL.PngImagePlugin: STREAM b'sBIT' 41 4
14:39:16 [DEBUG] PIL.PngImagePlugin: b'sBIT' 41 4 (unknown)
14:39:16 [DEBUG] PIL.PngImagePlugin: STREAM b'pHYs' 57 9
14:39:16 [DEBUG] PIL.PngImagePlugin: STREAM b'IDAT' 78 2994
14:39:16 [DEBUG] PIL.PngImagePlugin: STREAM b'IHDR' 16 13
14:39:16 [DEBUG] PIL.PngImagePlugin: STREAM b'sBIT' 41 4
14:39:16 [DEBUG] PIL.PngImagePlugin: b'sBIT' 41 4 (unknown)
14:39:16 [DEBUG] PIL.PngImagePlugin: STREAM b'pHYs' 57 9
14:39:16 [DEBUG] PIL.PngImagePlugin: STREAM b'IDAT' 78 696
14:39:16 [DEBUG] PIL.PngImagePlugin: STREAM b'IHDR' 16 13
14:39:16 [DEBUG] PIL.PngImagePlugin: STREAM b'sBIT' 41 4
14:39:16 [DEBUG] PIL.PngImagePlugin: b'sBIT' 41 4 (unknown)
14:39:16 [DEBUG] PIL.PngImagePlugin: STREAM b'pHYs' 57 9
14:39:16 [DEBUG] PIL.PngImagePlugin: STREAM b'IDAT' 78 526
14:39:16 [DEBUG] PIL.PngImagePlugin: STREAM b'IHDR' 16 13
14:39:16 [DEBUG] PIL.PngImagePlugin: STREAM b'sBIT' 41 4
14:39:16 [DEBUG] PIL.PngImagePlugin: b'sBIT' 41 4 (unknown)
14:39:16 [DEBUG] PIL.PngImagePlugin: STREAM b'pHYs' 57 9
14:39:16 [DEBUG] PIL.PngImagePlugin: STREAM b'IDAT' 78 499
14:39:16 [DEBUG] PIL.PngImagePlugin: STREAM b'IHDR' 16 13
14:39:16 [DEBUG] PIL.PngImagePlugin: STREAM b'sBIT' 41 4
14:39:16 [DEBUG] PIL.PngImagePlugin: b'sBIT' 41 4 (unknown)
14:39:16 [DEBUG] PIL.PngImagePlugin: STREAM b'pHYs' 57 9
14:39:16 [DEBUG] PIL.PngImagePlugin: STREAM b'IDAT' 78 673
14:39:16 [DEBUG] PIL.PngImagePlugin: STREAM b'IHDR' 16 13
14:39:16 [DEBUG] PIL.PngImagePlugin: STREAM b'sBIT' 41 4
14:39:16 [DEBUG] PIL.PngImagePlugin: b'sBIT' 41 4 (unknown)
14:39:16 [DEBUG] PIL.PngImagePlugin: STREAM b'pHYs' 57 9
14:39:16 [DEBUG] PIL.PngImagePlugin: STREAM b'IDAT' 78 922
14:39:16 [DEBUG] PIL.PngImagePlugin: STREAM b'IHDR' 16 13
14:39:16 [DEBUG] PIL.PngImagePlugin: STREAM b'sBIT' 41 4
14:39:16 [DEBUG] PIL.PngImagePlugin: b'sBIT' 41 4 (unknown)
14:39:16 [DEBUG] PIL.PngImagePlugin: STREAM b'pHYs' 57 9
14:39:16 [DEBUG] PIL.PngImagePlugin: STREAM b'IDAT' 78 568
14:39:16 [DEBUG] PIL.PngImagePlugin: STREAM b'IHDR' 16 13
14:39:16 [DEBUG] PIL.PngImagePlugin: STREAM b'sBIT' 41 4
14:39:16 [DEBUG] PIL.PngImagePlugin: b'sBIT' 41 4 (unknown)
14:39:16 [DEBUG] PIL.PngImagePlugin: STREAM b'pHYs' 57 9
14:39:16 [DEBUG] PIL.PngImagePlugin: STREAM b'IDAT' 78 626
14:39:16 [DEBUG] matplotlib.font_manager: findfont: Matching sans\-serif:style=normal:variant=normal:weight=normal:stretch=normal:size=11.0.
14:39:16 [DEBUG] matplotlib.font_manager: findfont: score(FontEntry(fname='C:\\Users\\Administrator\\AppData\\Local\\Programs\\Python\\Python313\\Lib\\site-packages\\matplotlib\\mpl-data\\fonts\\ttf\\STIXSizFourSymReg.ttf', name='STIXSizeFourSym', style='normal', variant='normal', weight=400, stretch='normal', size='scalable')) = 10.05
14:39:16 [DEBUG] matplotlib.font_manager: findfont: score(FontEntry(fname='C:\\Users\\Administrator\\AppData\\Local\\Programs\\Python\\Python313\\Lib\\site-packages\\matplotlib\\mpl-data\\fonts\\ttf\\DejaVuSans-Oblique.ttf', name='DejaVu Sans', style='oblique', variant='normal', weight=400, stretch='normal', size='scalable')) = 9.05
14:39:16 [DEBUG] matplotlib.font_manager: findfont: score(FontEntry(fname='C:\\Users\\Administrator\\AppData\\Local\\Programs\\Python\\Python313\\Lib\\site-packages\\matplotlib\\mpl-data\\fonts\\ttf\\STIXGeneral.ttf', name='STIXGeneral', style='normal', variant='normal', weight=400, stretch='normal', size='scalable')) = 10.05
14:39:16 [DEBUG] matplotlib.font_manager: findfont: score(FontEntry(fname='C:\\Users\\Administrator\\AppData\\Local\\Programs\\Python\\Python313\\Lib\\site-packages\\matplotlib\\mpl-data\\fonts\\ttf\\STIXSizTwoSymBol.ttf', name='STIXSizeTwoSym', style='normal', variant='normal', weight=700, stretch='normal', size='scalable')) = 10.335
14:39:16 [DEBUG] matplotlib.font_manager: findfont: score(FontEntry(fname='C:\\Users\\Administrator\\AppData\\Local\\Programs\\Python\\Python313\\Lib\\site-packages\\matplotlib\\mpl-data\\fonts\\ttf\\STIXSizTwoSymReg.ttf', name='STIXSizeTwoSym', style='normal', variant='normal', weight=400, stretch='normal', size='scalable')) = 10.05
14:39:16 [DEBUG] matplotlib.font_manager: findfont: score(FontEntry(fname='C:\\Users\\Administrator\\AppData\\Local\\Programs\\Python\\Python313\\Lib\\site-packages\\matplotlib\\mpl-data\\fonts\\ttf\\DejaVuSansDisplay.ttf', name='DejaVu Sans Display', style='normal', variant='normal', weight=400, stretch='normal', size='scalable')) = 10.05
14:39:16 [DEBUG] matplotlib.font_manager: findfont: score(FontEntry(fname='C:\\Users\\Administrator\\AppData\\Local\\Programs\\Python\\Python313\\Lib\\site-packages\\matplotlib\\mpl-data\\fonts\\ttf\\cmsy10.ttf', name='cmsy10', style='normal', variant='normal', weight=400, stretch='normal', size='scalable')) = 10.05
14:39:16 [DEBUG] matplotlib.font_manager: findfont: score(FontEntry(fname='C:\\Users\\Administrator\\AppData\\Local\\Programs\\Python\\Python313\\Lib\\site-packages\\matplotlib\\mpl-data\\fonts\\ttf\\cmss10.ttf', name='cmss10', style='normal', variant='normal', weight=400, stretch='normal', size='scalable')) = 10.05
14:39:16 [DEBUG] matplotlib.font_manager: findfont: score(FontEntry(fname='C:\\Users\\Administrator\\AppData\\Local\\Programs\\Python\\Python313\\Lib\\site-packages\\matplotlib\\mpl-data\\fonts\\ttf\\cmtt10.ttf', name='cmtt10', style='normal', variant='normal', weight=400, stretch='normal', size='scalable')) = 10.05
14:39:16 [DEBUG] matplotlib.font_manager: findfont: score(FontEntry(fname='C:\\Users\\Administrator\\AppData\\Local\\Programs\\Python\\Python313\\Lib\\site-packages\\matplotlib\\mpl-data\\fonts\\ttf\\STIXNonUniIta.ttf', name='STIXNonUnicode', style='italic', variant='normal', weight=400, stretch='normal', size='scalable')) = 11.05
14:39:16 [DEBUG] matplotlib.font_manager: findfont: score(FontEntry(fname='C:\\Users\\Administrator\\AppData\\Local\\Programs\\Python\\Python313\\Lib\\site-packages\\matplotlib\\mpl-data\\fonts\\ttf\\DejaVuSansMono.ttf', name='DejaVu Sans Mono', style='normal', variant='normal', weight=400, stretch='normal', size='scalable')) = 10.05
14:39:16 [DEBUG] matplotlib.font_manager: findfont: score(FontEntry(fname='C:\\Users\\Administrator\\AppData\\Local\\Programs\\Python\\Python313\\Lib\\site-packages\\matplotlib\\mpl-data\\fonts\\ttf\\STIXSizOneSymBol.ttf', name='STIXSizeOneSym', style='normal', variant='normal', weight=700, stretch='normal', size='scalable')) = 10.335
14:39:16 [DEBUG] matplotlib.font_manager: findfont: score(FontEntry(fname='C:\\Users\\Administrator\\AppData\\Local\\Programs\\Python\\Python313\\Lib\\site-packages\\matplotlib\\mpl-data\\fonts\\ttf\\STIXGeneralItalic.ttf', name='STIXGeneral', style='italic', variant='normal', weight=400, stretch='normal', size='scalable')) = 11.05
14:39:16 [DEBUG] matplotlib.font_manager: findfont: score(FontEntry(fname='C:\\Users\\Administrator\\AppData\\Local\\Programs\\Python\\Python313\\Lib\\site-packages\\matplotlib\\mpl-data\\fonts\\ttf\\STIXSizThreeSymReg.ttf', name='STIXSizeThreeSym', style='normal', variant='normal', weight=400, stretch='normal', size='scalable')) = 10.05
14:39:16 [DEBUG] matplotlib.font_manager: findfont: score(FontEntry(fname='C:\\Users\\Administrator\\AppData\\Local\\Programs\\Python\\Python313\\Lib\\site-packages\\matplotlib\\mpl-data\\fonts\\ttf\\STIXSizThreeSymBol.ttf', name='STIXSizeThreeSym', style='normal', variant='normal', weight=700, stretch='normal', size='scalable')) = 10.335
14:39:16 [DEBUG] matplotlib.font_manager: findfont: score(FontEntry(fname='C:\\Users\\Administrator\\AppData\\Local\\Programs\\Python\\Python313\\Lib\\site-packages\\matplotlib\\mpl-data\\fonts\\ttf\\DejaVuSerif-Bold.ttf', name='DejaVu Serif', style='normal', variant='normal', weight=700, stretch='normal', size='scalable')) = 10.335
14:39:16 [DEBUG] matplotlib.font_manager: findfont: score(FontEntry(fname='C:\\Users\\Administrator\\AppData\\Local\\Programs\\Python\\Python313\\Lib\\site-packages\\matplotlib\\mpl-data\\fonts\\ttf\\DejaVuSansMono-Oblique.ttf', name='DejaVu Sans Mono', style='oblique', variant='normal', weight=400, stretch='normal', size='scalable')) = 11.05
14:39:16 [DEBUG] matplotlib.font_manager: findfont: score(FontEntry(fname='C:\\Users\\Administrator\\AppData\\Local\\Programs\\Python\\Python313\\Lib\\site-packages\\matplotlib\\mpl-data\\fonts\\ttf\\DejaVuSansMono-BoldOblique.ttf', name='DejaVu Sans Mono', style='oblique', variant='normal', weight=700, stretch='normal', size='scalable')) = 11.335
14:39:16 [DEBUG] matplotlib.font_manager: findfont: score(FontEntry(fname='C:\\Users\\Administrator\\AppData\\Local\\Programs\\Python\\Python313\\Lib\\site-packages\\matplotlib\\mpl-data\\fonts\\ttf\\DejaVuSerif.ttf', name='DejaVu Serif', style='normal', variant='normal', weight=400, stretch='normal', size='scalable')) = 10.05
14:39:16 [DEBUG] matplotlib.font_manager: findfont: score(FontEntry(fname='C:\\Users\\Administrator\\AppData\\Local\\Programs\\Python\\Python313\\Lib\\site-packages\\matplotlib\\mpl-data\\fonts\\ttf\\DejaVuSansMono-Bold.ttf', name='DejaVu Sans Mono', style='normal', variant='normal', weight=700, stretch='normal', size='scalable')) = 10.335
14:39:16 [DEBUG] matplotlib.font_manager: findfont: score(FontEntry(fname='C:\\Users\\Administrator\\AppData\\Local\\Programs\\Python\\Python313\\Lib\\site-packages\\matplotlib\\mpl-data\\fonts\\ttf\\cmex10.ttf', name='cmex10', style='normal', variant='normal', weight=400, stretch='normal', size='scalable')) = 10.05
14:39:16 [DEBUG] matplotlib.font_manager: findfont: score(FontEntry(fname='C:\\Users\\Administrator\\AppData\\Local\\Programs\\Python\\Python313\\Lib\\site-packages\\matplotlib\\mpl-data\\fonts\\ttf\\cmr10.ttf', name='cmr10', style='normal', variant='normal', weight=400, stretch='normal', size='scalable')) = 10.05
14:39:16 [DEBUG] matplotlib.font_manager: findfont: score(FontEntry(fname='C:\\Users\\Administrator\\AppData\\Local\\Programs\\Python\\Python313\\Lib\\site-packages\\matplotlib\\mpl-data\\fonts\\ttf\\STIXNonUniBolIta.ttf', name='STIXNonUnicode', style='italic', variant='normal', weight=700, stretch='normal', size='scalable')) = 11.335
14:39:16 [DEBUG] matplotlib.font_manager: findfont: score(FontEntry(fname='C:\\Users\\Administrator\\AppData\\Local\\Programs\\Python\\Python313\\Lib\\site-packages\\matplotlib\\mpl-data\\fonts\\ttf\\DejaVuSerif-Italic.ttf', name='DejaVu Serif', style='italic', variant='normal', weight=400, stretch='normal', size='scalable')) = 11.05
14:39:16 [DEBUG] matplotlib.font_manager: findfont: score(FontEntry(fname='C:\\Users\\Administrator\\AppData\\Local\\Programs\\Python\\Python313\\Lib\\site-packages\\matplotlib\\mpl-data\\fonts\\ttf\\DejaVuSans-Bold.ttf', name='DejaVu Sans', style='normal', variant='normal', weight=700, stretch='normal', size='scalable')) = 8.335
14:39:16 [DEBUG] matplotlib.font_manager: findfont: score(FontEntry(fname='C:\\Users\\Administrator\\AppData\\Local\\Programs\\Python\\Python313\\Lib\\site-packages\\matplotlib\\mpl-data\\fonts\\ttf\\STIXSizOneSymReg.ttf', name='STIXSizeOneSym', style='normal', variant='normal', weight=400, stretch='normal', size='scalable')) = 10.05
14:39:16 [DEBUG] matplotlib.font_manager: findfont: score(FontEntry(fname='C:\\Users\\Administrator\\AppData\\Local\\Programs\\Python\\Python313\\Lib\\site-packages\\matplotlib\\mpl-data\\fonts\\ttf\\cmb10.ttf', name='cmb10', style='normal', variant='normal', weight=400, stretch='normal', size='scalable')) = 10.05
14:39:16 [DEBUG] matplotlib.font_manager: findfont: score(FontEntry(fname='C:\\Users\\Administrator\\AppData\\Local\\Programs\\Python\\Python313\\Lib\\site-packages\\matplotlib\\mpl-data\\fonts\\ttf\\STIXSizFourSymBol.ttf', name='STIXSizeFourSym', style='normal', variant='normal', weight=700, stretch='normal', size='scalable')) = 10.335
14:39:16 [DEBUG] matplotlib.font_manager: findfont: score(FontEntry(fname='C:\\Users\\Administrator\\AppData\\Local\\Programs\\Python\\Python313\\Lib\\site-packages\\matplotlib\\mpl-data\\fonts\\ttf\\DejaVuSerif-BoldItalic.ttf', name='DejaVu Serif', style='italic', variant='normal', weight=700, stretch='normal', size='scalable')) = 11.335
14:39:16 [DEBUG] matplotlib.font_manager: findfont: score(FontEntry(fname='C:\\Users\\Administrator\\AppData\\Local\\Programs\\Python\\Python313\\Lib\\site-packages\\matplotlib\\mpl-data\\fonts\\ttf\\DejaVuSans.ttf', name='DejaVu Sans', style='normal', variant='normal', weight=400, stretch='normal', size='scalable')) = 8.05
14:39:16 [DEBUG] matplotlib.font_manager: findfont: score(FontEntry(fname='C:\\Users\\Administrator\\AppData\\Local\\Programs\\Python\\Python313\\Lib\\site-packages\\matplotlib\\mpl-data\\fonts\\ttf\\STIXGeneralBol.ttf', name='STIXGeneral', style='normal', variant='normal', weight=700, stretch='normal', size='scalable')) = 10.335
14:39:16 [DEBUG] matplotlib.font_manager: findfont: score(FontEntry(fname='C:\\Users\\Administrator\\AppData\\Local\\Programs\\Python\\Python313\\Lib\\site-packages\\matplotlib\\mpl-data\\fonts\\ttf\\STIXGeneralBolIta.ttf', name='STIXGeneral', style='italic', variant='normal', weight=700, stretch='normal', size='scalable')) = 11.335
14:39:16 [DEBUG] matplotlib.font_manager: findfont: score(FontEntry(fname='C:\\Users\\Administrator\\AppData\\Local\\Programs\\Python\\Python313\\Lib\\site-packages\\matplotlib\\mpl-data\\fonts\\ttf\\STIXNonUniBol.ttf', name='STIXNonUnicode', style='normal', variant='normal', weight=700, stretch='normal', size='scalable')) = 10.335
14:39:16 [DEBUG] matplotlib.font_manager: findfont: score(FontEntry(fname='C:\\Users\\Administrator\\AppData\\Local\\Programs\\Python\\Python313\\Lib\\site-packages\\matplotlib\\mpl-data\\fonts\\ttf\\DejaVuSerifDisplay.ttf', name='DejaVu Serif Display', style='normal', variant='normal', weight=400, stretch='normal', size='scalable')) = 10.05
14:39:16 [DEBUG] matplotlib.font_manager: findfont: score(FontEntry(fname='C:\\Users\\Administrator\\AppData\\Local\\Programs\\Python\\Python313\\Lib\\site-packages\\matplotlib\\mpl-data\\fonts\\ttf\\DejaVuSans-BoldOblique.ttf', name='DejaVu Sans', style='oblique', variant='normal', weight=700, stretch='normal', size='scalable')) = 9.335
14:39:16 [DEBUG] matplotlib.font_manager: findfont: score(FontEntry(fname='C:\\Users\\Administrator\\AppData\\Local\\Programs\\Python\\Python313\\Lib\\site-packages\\matplotlib\\mpl-data\\fonts\\ttf\\STIXNonUni.ttf', name='STIXNonUnicode', style='normal', variant='normal', weight=400, stretch='normal', size='scalable')) = 10.05
14:39:16 [DEBUG] matplotlib.font_manager: findfont: score(FontEntry(fname='C:\\Users\\Administrator\\AppData\\Local\\Programs\\Python\\Python313\\Lib\\site-packages\\matplotlib\\mpl-data\\fonts\\ttf\\STIXSizFiveSymReg.ttf', name='STIXSizeFiveSym', style='normal', variant='normal', weight=400, stretch='normal', size='scalable')) = 10.05
14:39:16 [DEBUG] matplotlib.font_manager: findfont: score(FontEntry(fname='C:\\Users\\Administrator\\AppData\\Local\\Programs\\Python\\Python313\\Lib\\site-packages\\matplotlib\\mpl-data\\fonts\\ttf\\cmmi10.ttf', name='cmmi10', style='normal', variant='normal', weight=400, stretch='normal', size='scalable')) = 10.05
14:39:16 [DEBUG] matplotlib.font_manager: findfont: score(FontEntry(fname='C:\\Windows\\Fonts\\SitkaVF.ttf', name='Sitka', style='normal', variant='normal', weight=400, stretch='normal', size='scalable')) = 10.05
14:39:16 [DEBUG] matplotlib.font_manager: findfont: score(FontEntry(fname='C:\\Windows\\Fonts\\msyi.ttf', name='Microsoft Yi Baiti', style='normal', variant='normal', weight=400, stretch='normal', size='scalable')) = 10.05
14:39:16 [DEBUG] matplotlib.font_manager: findfont: score(FontEntry(fname='C:\\Windows\\Fonts\\simfang.ttf', name='FangSong', style='normal', variant='normal', weight=400, stretch='normal', size='scalable')) = 10.05
14:39:16 [DEBUG] matplotlib.font_manager: findfont: score(FontEntry(fname='C:\\Windows\\Fonts\\calibril.ttf', name='Calibri', style='normal', variant='normal', weight=300, stretch='normal', size='scalable')) = 10.145
14:39:16 [DEBUG] matplotlib.font_manager: findfont: score(FontEntry(fname='C:\\Windows\\Fonts\\malgunsl.ttf', name='Malgun Gothic', style='normal', variant='normal', weight=300, stretch='normal', size='scalable')) = 10.145
14:39:16 [DEBUG] matplotlib.font_manager: findfont: score(FontEntry(fname='C:\\Windows\\Fonts\\times.ttf', name='Times New Roman', style='normal', variant='normal', weight=400, stretch='normal', size='scalable')) = 10.05
14:39:16 [DEBUG] matplotlib.font_manager: findfont: score(FontEntry(fname='C:\\Windows\\Fonts\\corbell.ttf', name='Corbel', style='normal', variant='normal', weight=300, stretch='normal', size='scalable')) = 10.145
14:39:16 [DEBUG] matplotlib.font_manager: findfont: score(FontEntry(fname='C:\\Windows\\Fonts\\Dengb.ttf', name='DengXian', style='normal', variant='normal', weight=700, stretch='normal', size='scalable')) = 10.335
14:39:16 [DEBUG] matplotlib.font_manager: findfont: score(FontEntry(fname='C:\\Windows\\Fonts\\Candarab.ttf', name='Candara', style='normal', variant='normal', weight=700, stretch='normal', size='scalable')) = 10.335
14:39:16 [DEBUG] matplotlib.font_manager: findfont: score(FontEntry(fname='C:\\Windows\\Fonts\\STXIHEI.TTF', name='STXihei', style='normal', variant='normal', weight=400, stretch='normal', size='scalable')) = 10.05
14:39:16 [DEBUG] matplotlib.font_manager: findfont: score(FontEntry(fname='C:\\Windows\\Fonts\\FZYTK.TTF', name='FZYaoTi', style='normal', variant='normal', weight=400, stretch='normal', size='scalable')) = 10.05
14:39:16 [DEBUG] matplotlib.font_manager: findfont: score(FontEntry(fname='C:\\Windows\\Fonts\\palab.ttf', name='Palatino Linotype', style='normal', variant='normal', weight=700, stretch='normal', size='scalable')) = 10.335
14:39:16 [DEBUG] matplotlib.font_manager: findfont: score(FontEntry(fname='C:\\Windows\\Fonts\\BOOKOS.TTF', name='Bookman Old Style', style='normal', variant='normal', weight=300, stretch='normal', size='scalable')) = 10.145
14:39:16 [DEBUG] matplotlib.font_manager: findfont: score(FontEntry(fname='C:\\Windows\\Fonts\\GOTHIC.TTF', name='Century Gothic', style='normal', variant='normal', weight=400, stretch='normal', size='scalable')) = 10.05
14:39:16 [DEBUG] matplotlib.font_manager: findfont: score(FontEntry(fname='C:\\Windows\\Fonts\\comicbd.ttf', name='Comic Sans MS', style='normal', variant='normal', weight=700, stretch='normal', size='scalable')) = 10.335
14:39:16 [DEBUG] matplotlib.font_manager: findfont: score(FontEntry(fname='C:\\Windows\\Fonts\\ARIALNBI.TTF', name='Arial', style='italic', variant='normal', weight=700, stretch='condensed', size='scalable')) = 11.535
14:39:16 [DEBUG] matplotlib.font_manager: findfont: score(FontEntry(fname='C:\\Windows\\Fonts\\msgothic.ttc', name='MS Gothic', style='normal', variant='normal', weight=400, stretch='normal', size='scalable')) = 10.05
14:39:16 [DEBUG] matplotlib.font_manager: findfont: score(FontEntry(fname='C:\\Windows\\Fonts\\malgun.ttf', name='Malgun Gothic', style='normal', variant='normal', weight=400, stretch='normal', size='scalable')) = 10.05
14:39:16 [DEBUG] matplotlib.font_manager: findfont: score(FontEntry(fname='C:\\Windows\\Fonts\\consola.ttf', name='Consolas', style='normal', variant='normal', weight=400, stretch='normal', size='scalable')) = 10.05
14:39:16 [DEBUG] matplotlib.font_manager: findfont: score(FontEntry(fname='C:\\Windows\\Fonts\\seguibli.ttf', name='Segoe UI', style='italic', variant='normal', weight=900, stretch='normal', size='scalable')) = 11.525
14:39:16 [DEBUG] matplotlib.font_manager: findfont: score(FontEntry(fname='C:\\Windows\\Fonts\\LeelaUIb.ttf', name='Leelawadee UI', style='normal', variant='normal', weight=700, stretch='normal', size='scalable')) = 10.335
14:39:16 [DEBUG] matplotlib.font_manager: findfont: score(FontEntry(fname='C:\\Windows\\Fonts\\simsunb.ttf', name='SimSun-ExtB', style='normal', variant='normal', weight=400, stretch='normal', size='scalable')) = 10.05
14:39:16 [DEBUG] matplotlib.font_manager: findfont: score(FontEntry(fname='C:\\Windows\\Fonts\\verdanai.ttf', name='Verdana', style='italic', variant='normal', weight=400, stretch='normal', size='scalable')) = 11.05
14:39:16 [DEBUG] matplotlib.font_manager: findfont: score(FontEntry(fname='C:\\Windows\\Fonts\\consolaz.ttf', name='Consolas', style='italic', variant='normal', weight=700, stretch='normal', size='scalable')) = 11.335
14:39:16 [DEBUG] matplotlib.font_manager: findfont: score(FontEntry(fname='C:\\Windows\\Fonts\\SIMYOU.TTF', name='YouYuan', style='normal', variant='normal', weight=400, stretch='normal', size='scalable')) = 10.05
14:39:16 [DEBUG] matplotlib.font_manager: findfont: score(FontEntry(fname='C:\\Windows\\Fonts\\lucon.ttf', name='Lucida Console', style='normal', variant='normal', weight=400, stretch='normal', size='scalable')) = 10.05
14:39:16 [DEBUG] matplotlib.font_manager: findfont: score(FontEntry(fname='C:\\Windows\\Fonts\\ANTQUABI.TTF', name='Book Antiqua', style='italic', variant='normal', weight=700, stretch='normal', size='scalable')) = 11.335
14:39:16 [DEBUG] matplotlib.font_manager: findfont: score(FontEntry(fname='C:\\Windows\\Fonts\\seguisym.ttf', name='Segoe UI Symbol', style='normal', variant='normal', weight=400, stretch='normal', size='scalable')) = 10.05
14:39:16 [DEBUG] matplotlib.font_manager: findfont: score(FontEntry(fname='C:\\Windows\\Fonts\\STSONG.TTF', name='STSong', style='normal', variant='normal', weight=400, stretch='normal', size='scalable')) = 10.05
14:39:16 [DEBUG] matplotlib.font_manager: findfont: score(FontEntry(fname='C:\\Windows\\Fonts\\cambriaz.ttf', name='Cambria', style='italic', variant='normal', weight=700, stretch='normal', size='scalable')) = 11.335
14:39:16 [DEBUG] matplotlib.font_manager: findfont: score(FontEntry(fname='C:\\Windows\\Fonts\\segoeui.ttf', name='Segoe UI', style='normal', variant='normal', weight=400, stretch='normal', size='scalable')) = 10.05
14:39:16 [DEBUG] matplotlib.font_manager: findfont: score(FontEntry(fname='C:\\Windows\\Fonts\\malgunbd.ttf', name='Malgun Gothic', style='normal', variant='normal', weight=700, stretch='normal', size='scalable')) = 10.335
14:39:16 [DEBUG] matplotlib.font_manager: findfont: score(FontEntry(fname='C:\\Windows\\Fonts\\FZSTK.TTF', name='FZShuTi', style='normal', variant='normal', weight=400, stretch='normal', size='scalable')) = 10.05
14:39:16 [DEBUG] matplotlib.font_manager: findfont: score(FontEntry(fname='C:\\Windows\\Fonts\\DUBAI-LIGHT.TTF', name='Dubai', style='normal', variant='normal', weight=300, stretch='normal', size='scalable')) = 10.145
14:39:16 [DEBUG] matplotlib.font_manager: findfont: score(FontEntry(fname='C:\\Windows\\Fonts\\STFANGSO.TTF', name='STFangsong', style='normal', variant='normal', weight=400, stretch='normal', size='scalable')) = 10.05
14:39:16 [DEBUG] matplotlib.font_manager: findfont: score(FontEntry(fname='C:\\Windows\\Fonts\\LEELAWAD.TTF', name='Leelawadee', style='normal', variant='normal', weight=400, stretch='normal', size='scalable')) = 10.05
14:39:16 [DEBUG] matplotlib.font_manager: findfont: score(FontEntry(fname='C:\\Windows\\Fonts\\BOOKOSB.TTF', name='Bookman Old Style', style='normal', variant='normal', weight=600, stretch='normal', size='scalable')) = 10.24
14:39:16 [DEBUG] matplotlib.font_manager: findfont: score(FontEntry(fname='C:\\Windows\\Fonts\\cambria.ttc', name='Cambria', style='normal', variant='normal', weight=400, stretch='normal', size='scalable')) = 10.05
14:39:16 [DEBUG] matplotlib.font_manager: findfont: score(FontEntry(fname='C:\\Windows\\Fonts\\Candaraz.ttf', name='Candara', style='italic', variant='normal', weight=700, stretch='normal', size='scalable')) = 11.335
14:39:16 [DEBUG] matplotlib.font_manager: findfont: score(FontEntry(fname='C:\\Windows\\Fonts\\segoepr.ttf', name='Segoe Print', style='normal', variant='normal', weight=400, stretch='normal', size='scalable')) = 10.05
14:39:16 [DEBUG] matplotlib.font_manager: findfont: score(FontEntry(fname='C:\\Windows\\Fonts\\comic.ttf', name='Comic Sans MS', style='normal', variant='normal', weight=400, stretch='normal', size='scalable')) = 10.05
14:39:16 [DEBUG] matplotlib.font_manager: findfont: score(FontEntry(fname='C:\\Windows\\Fonts\\phagspab.ttf', name='Microsoft PhagsPa', style='normal', variant='normal', weight=700, stretch='normal', size='scalable')) = 10.335
14:39:16 [DEBUG] matplotlib.font_manager: findfont: score(FontEntry(fname='C:\\Windows\\Fonts\\timesbi.ttf', name='Times New Roman', style='italic', variant='normal', weight=700, stretch='normal', size='scalable')) = 11.335
14:39:16 [DEBUG] matplotlib.font_manager: findfont: score(FontEntry(fname='C:\\Windows\\Fonts\\SansSerifCollection.ttf', name='Sans Serif Collection', style='normal', variant='normal', weight=400, stretch='normal', size='scalable')) = 10.05
14:39:16 [DEBUG] matplotlib.font_manager: findfont: score(FontEntry(fname='C:\\Windows\\Fonts\\ariali.ttf', name='Arial', style='italic', variant='normal', weight=400, stretch='normal', size='scalable')) = 11.05
14:39:16 [DEBUG] matplotlib.font_manager: findfont: score(FontEntry(fname='C:\\Windows\\Fonts\\LHANDW.TTF', name='Lucida Handwriting', style='italic', variant='normal', weight=400, stretch='normal', size='scalable')) = 11.05
14:39:16 [DEBUG] matplotlib.font_manager: findfont: score(FontEntry(fname='C:\\Windows\\Fonts\\Gabriola.ttf', name='Gabriola', style='normal', variant='normal', weight=400, stretch='normal', size='scalable')) = 10.05
14:39:16 [DEBUG] matplotlib.font_manager: findfont: score(FontEntry(fname='C:\\Windows\\Fonts\\mvboli.ttf', name='MV Boli', style='normal', variant='normal', weight=400, stretch='normal', size='scalable')) = 10.05
14:39:16 [DEBUG] matplotlib.font_manager: findfont: score(FontEntry(fname='C:\\Windows\\Fonts\\WINGDNG3.TTF', name='Wingdings 3', style='normal', variant='normal', weight=400, stretch='normal', size='scalable')) = 10.05
14:39:16 [DEBUG] matplotlib.font_manager: findfont: score(FontEntry(fname='C:\\Windows\\Fonts\\seguili.ttf', name='Segoe UI', style='italic', variant='normal', weight=300, stretch='normal', size='scalable')) = 11.145
14:39:16 [DEBUG] matplotlib.font_manager: findfont: score(FontEntry(fname='C:\\Windows\\Fonts\\micross.ttf', name='Microsoft Sans Serif', style='normal', variant='normal', weight=400, stretch='normal', size='scalable')) = 10.05
14:39:16 [DEBUG] matplotlib.font_manager: findfont: score(FontEntry(fname='C:\\Windows\\Fonts\\tahomabd.ttf', name='Tahoma', style='normal', variant='normal', weight=700, stretch='normal', size='scalable')) = 10.335
14:39:16 [DEBUG] matplotlib.font_manager: findfont: score(FontEntry(fname='C:\\Windows\\Fonts\\calibrili.ttf', name='Calibri', style='italic', variant='normal', weight=300, stretch='normal', size='scalable')) = 11.145
14:39:16 [DEBUG] matplotlib.font_manager: findfont: score(FontEntry(fname='C:\\Windows\\Fonts\\msyhl.ttc', name='Microsoft YaHei', style='normal', variant='normal', weight=290, stretch='normal', size='scalable')) = 2.1545
14:39:16 [DEBUG] matplotlib.font_manager: findfont: score(FontEntry(fname='C:\\Windows\\Fonts\\MSUIGHUR.TTF', name='Microsoft Uighur', style='normal', variant='normal', weight=400, stretch='normal', size='scalable')) = 10.05
14:39:16 [DEBUG] matplotlib.font_manager: findfont: score(FontEntry(fname='C:\\Windows\\Fonts\\segoeuii.ttf', name='Segoe UI', style='italic', variant='normal', weight=400, stretch='normal', size='scalable')) = 11.05
14:39:16 [DEBUG] matplotlib.font_manager: findfont: score(FontEntry(fname='C:\\Windows\\Fonts\\STXINWEI.TTF', name='STXinwei', style='normal', variant='normal', weight=400, stretch='normal', size='scalable')) = 10.05
14:39:16 [DEBUG] matplotlib.font_manager: findfont: score(FontEntry(fname='C:\\Windows\\Fonts\\seguisb.ttf', name='Segoe UI', style='normal', variant='normal', weight=600, stretch='normal', size='scalable')) = 10.24
14:39:16 [DEBUG] matplotlib.font_manager: findfont: score(FontEntry(fname='C:\\Windows\\Fonts\\seguihis.ttf', name='Segoe UI Historic', style='normal', variant='normal', weight=400, stretch='normal', size='scalable')) = 10.05
14:39:16 [DEBUG] matplotlib.font_manager: findfont: score(FontEntry(fname='C:\\Windows\\Fonts\\comici.ttf', name='Comic Sans MS', style='italic', variant='normal', weight=400, stretch='normal', size='scalable')) = 11.05
14:39:16 [DEBUG] matplotlib.font_manager: findfont: score(FontEntry(fname='C:\\Windows\\Fonts\\holomdl2.ttf', name='HoloLens MDL2 Assets', style='normal', variant='normal', weight=400, stretch='normal', size='scalable')) = 10.05
14:39:16 [DEBUG] matplotlib.font_manager: findfont: score(FontEntry(fname='C:\\Windows\\Fonts\\segoeuisl.ttf', name='Segoe UI', style='normal', variant='normal', weight=350, stretch='normal', size='scalable')) = 10.0975
14:39:16 [DEBUG] matplotlib.font_manager: findfont: score(FontEntry(fname='C:\\Windows\\Fonts\\constanb.ttf', name='Constantia', style='normal', variant='normal', weight=700, stretch='normal', size='scalable')) = 10.335
14:39:16 [DEBUG] matplotlib.font_manager: findfont: score(FontEntry(fname='C:\\Windows\\Fonts\\SegUIVar.ttf', name='Segoe UI Variable', style='normal', variant='normal', weight=400, stretch='normal', size='scalable')) = 10.05
14:39:16 [DEBUG] matplotlib.font_manager: findfont: score(FontEntry(fname='C:\\Windows\\Fonts\\couri.ttf', name='Courier New', style='italic', variant='normal', weight=400, stretch='normal', size='scalable')) = 11.05
14:39:16 [DEBUG] matplotlib.font_manager: findfont: score(FontEntry(fname='C:\\Windows\\Fonts\\JUICE___.TTF', name='Juice ITC', style='normal', variant='normal', weight=400, stretch='normal', size='scalable')) = 10.05
14:39:16 [DEBUG] matplotlib.font_manager: findfont: score(FontEntry(fname='C:\\Windows\\Fonts\\taileb.ttf', name='Microsoft Tai Le', style='normal', variant='normal', weight=700, stretch='normal', size='scalable')) = 10.335
14:39:16 [DEBUG] matplotlib.font_manager: findfont: score(FontEntry(fname='C:\\Windows\\Fonts\\wingding.ttf', name='Wingdings', style='normal', variant='normal', weight=400, stretch='normal', size='scalable')) = 10.05
14:39:16 [DEBUG] matplotlib.font_manager: findfont: score(FontEntry(fname='C:\\Windows\\Fonts\\trebuc.ttf', name='Trebuchet MS', style='normal', variant='normal', weight=400, stretch='normal', size='scalable')) = 10.05
14:39:16 [DEBUG] matplotlib.font_manager: findfont: score(FontEntry(fname='C:\\Windows\\Fonts\\Candarali.ttf', name='Candara', style='italic', variant='normal', weight=400, stretch='normal', size='scalable')) = 11.05
14:39:16 [DEBUG] matplotlib.font_manager: findfont: score(FontEntry(fname='C:\\Windows\\Fonts\\Dengl.ttf', name='DengXian', style='normal', variant='normal', weight=300, stretch='normal', size='scalable')) = 10.145
14:39:16 [DEBUG] matplotlib.font_manager: findfont: score(FontEntry(fname='C:\\Windows\\Fonts\\constan.ttf', name='Constantia', style='normal', variant='normal', weight=400, stretch='normal', size='scalable')) = 10.05
14:39:16 [DEBUG] matplotlib.font_manager: findfont: score(FontEntry(fname='C:\\Users\\Administrator\\AppData\\Local\\Microsoft\\Windows\\Fonts\\UbuntuMono[wght].ttf', name='Ubuntu Mono', style='normal', variant='normal', weight=400, stretch='normal', size='scalable')) = 10.05
14:39:16 [DEBUG] matplotlib.font_manager: findfont: score(FontEntry(fname='C:\\Windows\\Fonts\\taile.ttf', name='Microsoft Tai Le', style='normal', variant='normal', weight=400, stretch='normal', size='scalable')) = 10.05
14:39:16 [DEBUG] matplotlib.font_manager: findfont: score(FontEntry(fname='C:\\Windows\\Fonts\\corbel.ttf', name='Corbel', style='normal', variant='normal', weight=400, stretch='normal', size='scalable')) = 10.05
14:39:16 [DEBUG] matplotlib.font_manager: findfont: score(FontEntry(fname='C:\\Windows\\Fonts\\MSUIGHUB.TTF', name='Microsoft Uighur', style='normal', variant='normal', weight=700, stretch='normal', size='scalable')) = 10.335
14:39:16 [DEBUG] matplotlib.font_manager: findfont: score(FontEntry(fname='C:\\Windows\\Fonts\\msjhl.ttc', name='Microsoft JhengHei', style='normal', variant='normal', weight=290, stretch='normal', size='scalable')) = 10.1545
14:39:16 [DEBUG] matplotlib.font_manager: findfont: score(FontEntry(fname='C:\\Windows\\Fonts\\gadugi.ttf', name='Gadugi', style='normal', variant='normal', weight=400, stretch='normal', size='scalable')) = 10.05
14:39:16 [DEBUG] matplotlib.font_manager: findfont: score(FontEntry(fname='C:\\Windows\\Fonts\\LeelawUI.ttf', name='Leelawadee UI', style='normal', variant='normal', weight=400, stretch='normal', size='scalable')) = 10.05
14:39:16 [DEBUG] matplotlib.font_manager: findfont: score(FontEntry(fname='C:\\Windows\\Fonts\\framd.ttf', name='Franklin Gothic Medium', style='normal', variant='normal', weight=400, stretch='normal', size='scalable')) = 10.05
14:39:16 [DEBUG] matplotlib.font_manager: findfont: score(FontEntry(fname='C:\\Windows\\Fonts\\javatext.ttf', name='Javanese Text', style='normal', variant='normal', weight=400, stretch='normal', size='scalable')) = 10.05
14:39:16 [DEBUG] matplotlib.font_manager: findfont: score(FontEntry(fname='C:\\Windows\\Fonts\\NirmalaB.ttf', name='Nirmala UI', style='normal', variant='normal', weight=700, stretch='normal', size='scalable')) = 10.335
14:39:16 [DEBUG] matplotlib.font_manager: findfont: score(FontEntry(fname='C:\\Windows\\Fonts\\monbaiti.ttf', name='Mongolian Baiti', style='normal', variant='normal', weight=400, stretch='normal', size='scalable')) = 10.05
14:39:16 [DEBUG] matplotlib.font_manager: findfont: score(FontEntry(fname='C:\\Windows\\Fonts\\YuGothB.ttc', name='Yu Gothic', style='normal', variant='normal', weight=700, stretch='normal', size='scalable')) = 10.335
14:39:16 [DEBUG] matplotlib.font_manager: findfont: score(FontEntry(fname='C:\\Windows\\Fonts\\timesi.ttf', name='Times New Roman', style='italic', variant='normal', weight=400, stretch='normal', size='scalable')) = 11.05
14:39:16 [DEBUG] matplotlib.font_manager: findfont: score(FontEntry(fname='C:\\Windows\\Fonts\\YuGothL.ttc', name='Yu Gothic', style='normal', variant='normal', weight=300, stretch='normal', size='scalable')) = 10.145
14:39:16 [DEBUG] matplotlib.font_manager: findfont: score(FontEntry(fname='C:\\Windows\\Fonts\\framdit.ttf', name='Franklin Gothic Medium', style='italic', variant='normal', weight=400, stretch='normal', size='scalable')) = 11.05
14:39:16 [DEBUG] matplotlib.font_manager: findfont: score(FontEntry(fname='C:\\Windows\\Fonts\\SitkaVF-Italic.ttf', name='Sitka', style='italic', variant='normal', weight=400, stretch='normal', size='scalable')) = 11.05
14:39:16 [DEBUG] matplotlib.font_manager: findfont: score(FontEntry(fname='C:\\Windows\\Fonts\\BKANT.TTF', name='Book Antiqua', style='normal', variant='normal', weight=400, stretch='normal', size='scalable')) = 10.05
14:39:16 [DEBUG] matplotlib.font_manager: findfont: score(FontEntry(fname='C:\\Windows\\Fonts\\ntailu.ttf', name='Microsoft New Tai Lue', style='normal', variant='normal', weight=400, stretch='normal', size='scalable')) = 10.05
14:39:16 [DEBUG] matplotlib.font_manager: findfont: score(FontEntry(fname='C:\\Windows\\Fonts\\ebrima.ttf', name='Ebrima', style='normal', variant='normal', weight=400, stretch='normal', size='scalable')) = 10.05
14:39:16 [DEBUG] matplotlib.font_manager: findfont: score(FontEntry(fname='C:\\Windows\\Fonts\\seguisbi.ttf', name='Segoe UI', style='italic', variant='normal', weight=600, stretch='normal', size='scalable')) = 11.24
14:39:16 [DEBUG] matplotlib.font_manager: findfont: score(FontEntry(fname='C:\\Windows\\Fonts\\STLITI.TTF', name='STLiti', style='normal', variant='normal', weight=400, stretch='normal', size='scalable')) = 10.05
14:39:16 [DEBUG] matplotlib.font_manager: findfont: score(FontEntry(fname='C:\\Windows\\Fonts\\seguiemj.ttf', name='Segoe UI Emoji', style='normal', variant='normal', weight=400, stretch='normal', size='scalable')) = 10.05
14:39:16 [DEBUG] matplotlib.font_manager: findfont: score(FontEntry(fname='C:\\Windows\\Fonts\\Candara.ttf', name='Candara', style='normal', variant='normal', weight=400, stretch='normal', size='scalable')) = 10.05
14:39:16 [DEBUG] matplotlib.font_manager: findfont: score(FontEntry(fname='C:\\Windows\\Fonts\\seguibl.ttf', name='Segoe UI', style='normal', variant='normal', weight=900, stretch='normal', size='scalable')) = 10.525
14:39:16 [DEBUG] matplotlib.font_manager: findfont: score(FontEntry(fname='C:\\Windows\\Fonts\\NirmalaS.ttf', name='Nirmala UI', style='normal', variant='normal', weight=350, stretch='normal', size='scalable')) = 10.0975
14:39:16 [DEBUG] matplotlib.font_manager: findfont: score(FontEntry(fname='C:\\Windows\\Fonts\\segoeprb.ttf', name='Segoe Print', style='normal', variant='normal', weight=700, stretch='normal', size='scalable')) = 10.335
14:39:16 [DEBUG] matplotlib.font_manager: findfont: score(FontEntry(fname='C:\\Windows\\Fonts\\GOTHICBI.TTF', name='Century Gothic', style='italic', variant='normal', weight=700, stretch='normal', size='scalable')) = 11.335
14:39:16 [DEBUG] matplotlib.font_manager: findfont: score(FontEntry(fname='C:\\Windows\\Fonts\\cambriai.ttf', name='Cambria', style='italic', variant='normal', weight=400, stretch='normal', size='scalable')) = 11.05
14:39:16 [DEBUG] matplotlib.font_manager: findfont: score(FontEntry(fname='C:\\Windows\\Fonts\\CENTURY.TTF', name='Century', style='normal', variant='normal', weight=400, stretch='normal', size='scalable')) = 10.05
14:39:16 [DEBUG] matplotlib.font_manager: findfont: score(FontEntry(fname='C:\\Windows\\Fonts\\symbol.ttf', name='Symbol', style='normal', variant='normal', weight=400, stretch='normal', size='scalable')) = 10.05
14:39:16 [DEBUG] matplotlib.font_manager: findfont: score(FontEntry(fname='C:\\Windows\\Fonts\\msjh.ttc', name='Microsoft JhengHei', style='normal', variant='normal', weight=400, stretch='normal', size='scalable')) = 10.05
14:39:16 [DEBUG] matplotlib.font_manager: findfont: score(FontEntry(fname='C:\\Windows\\Fonts\\FREESCPT.TTF', name='Freestyle Script', style='normal', variant='normal', weight=400, stretch='normal', size='scalable')) = 10.05
14:39:16 [DEBUG] matplotlib.font_manager: findfont: score(FontEntry(fname='C:\\Windows\\Fonts\\timesbd.ttf', name='Times New Roman', style='normal', variant='normal', weight=700, stretch='normal', size='scalable')) = 10.335
14:39:16 [DEBUG] matplotlib.font_manager: findfont: score(FontEntry(fname='C:\\Windows\\Fonts\\MISTRAL.TTF', name='Mistral', style='normal', variant='normal', weight=400, stretch='normal', size='scalable')) = 10.05
14:39:16 [DEBUG] matplotlib.font_manager: findfont: score(FontEntry(fname='C:\\Windows\\Fonts\\ITCKRIST.TTF', name='Kristen ITC', style='normal', variant='normal', weight=400, stretch='normal', size='scalable')) = 10.05
14:39:16 [DEBUG] matplotlib.font_manager: findfont: score(FontEntry(fname='C:\\Windows\\Fonts\\ARIALNI.TTF', name='Arial', style='italic', variant='normal', weight=400, stretch='condensed', size='scalable')) = 11.25
14:39:16 [DEBUG] matplotlib.font_manager: findfont: score(FontEntry(fname='C:\\Windows\\Fonts\\mmrtextb.ttf', name='Myanmar Text', style='normal', variant='normal', weight=700, stretch='normal', size='scalable')) = 10.335
14:39:16 [DEBUG] matplotlib.font_manager: findfont: score(FontEntry(fname='C:\\Windows\\Fonts\\LeelUIsl.ttf', name='Leelawadee UI', style='normal', variant='normal', weight=350, stretch='normal', size='scalable')) = 10.0975
14:39:16 [DEBUG] matplotlib.font_manager: findfont: score(FontEntry(fname='C:\\Windows\\Fonts\\BRADHITC.TTF', name='Bradley Hand ITC', style='normal', variant='normal', weight=400, stretch='normal', size='scalable')) = 10.05
14:39:16 [DEBUG] matplotlib.font_manager: findfont: score(FontEntry(fname='C:\\Windows\\Fonts\\calibri.ttf', name='Calibri', style='normal', variant='normal', weight=400, stretch='normal', size='scalable')) = 10.05
14:39:16 [DEBUG] matplotlib.font_manager: findfont: score(FontEntry(fname='C:\\Windows\\Fonts\\Deng.ttf', name='DengXian', style='normal', variant='normal', weight=400, stretch='normal', size='scalable')) = 10.05
14:39:16 [DEBUG] matplotlib.font_manager: findfont: score(FontEntry(fname='C:\\Windows\\Fonts\\STKAITI.TTF', name='STKaiti', style='normal', variant='normal', weight=400, stretch='normal', size='scalable')) = 10.05
14:39:16 [DEBUG] matplotlib.font_manager: findfont: score(FontEntry(fname='C:\\Windows\\Fonts\\Inkfree.ttf', name='Ink Free', style='normal', variant='normal', weight=400, stretch='normal', size='scalable')) = 10.05
14:39:16 [DEBUG] matplotlib.font_manager: findfont: score(FontEntry(fname='C:\\Windows\\Fonts\\msjhbd.ttc', name='Microsoft JhengHei', style='normal', variant='normal', weight=700, stretch='normal', size='scalable')) = 10.335
14:39:16 [DEBUG] matplotlib.font_manager: findfont: score(FontEntry(fname='C:\\Windows\\Fonts\\simhei.ttf', name='SimHei', style='normal', variant='normal', weight=400, stretch='normal', size='scalable')) = 0.05
14:39:16 [DEBUG] matplotlib.font_manager: findfont: score(FontEntry(fname='C:\\Windows\\Fonts\\STZHONGS.TTF', name='STZhongsong', style='normal', variant='normal', weight=400, stretch='normal', size='scalable')) = 10.05
14:39:16 [DEBUG] matplotlib.font_manager: findfont: score(FontEntry(fname='C:\\Windows\\Fonts\\georgiai.ttf', name='Georgia', style='italic', variant='normal', weight=400, stretch='normal', size='scalable')) = 11.05
14:39:16 [DEBUG] matplotlib.font_manager: findfont: score(FontEntry(fname='C:\\Windows\\Fonts\\calibriz.ttf', name='Calibri', style='italic', variant='normal', weight=700, stretch='normal', size='scalable')) = 11.335
14:39:16 [DEBUG] matplotlib.font_manager: findfont: score(FontEntry(fname='C:\\Windows\\Fonts\\comicz.ttf', name='Comic Sans MS', style='italic', variant='normal', weight=700, stretch='normal', size='scalable')) = 11.335
14:39:16 [DEBUG] matplotlib.font_manager: findfont: score(FontEntry(fname='C:\\Windows\\Fonts\\impact.ttf', name='Impact', style='normal', variant='normal', weight=400, stretch='normal', size='scalable')) = 10.05
14:39:16 [DEBUG] matplotlib.font_manager: findfont: score(FontEntry(fname='C:\\Windows\\Fonts\\pala.ttf', name='Palatino Linotype', style='normal', variant='normal', weight=400, stretch='normal', size='scalable')) = 10.05
14:39:16 [DEBUG] matplotlib.font_manager: findfont: score(FontEntry(fname='C:\\Windows\\Fonts\\Candarai.ttf', name='Candara', style='italic', variant='normal', weight=400, stretch='normal', size='scalable')) = 11.05
14:39:16 [DEBUG] matplotlib.font_manager: findfont: score(FontEntry(fname='C:\\Windows\\Fonts\\consolai.ttf', name='Consolas', style='italic', variant='normal', weight=400, stretch='normal', size='scalable')) = 11.05
14:39:16 [DEBUG] matplotlib.font_manager: findfont: score(FontEntry(fname='C:\\Windows\\Fonts\\msyh.ttc', name='Microsoft YaHei', style='normal', variant='normal', weight=400, stretch='normal', size='scalable')) = 2.05
14:39:16 [DEBUG] matplotlib.font_manager: findfont: score(FontEntry(fname='C:\\Windows\\Fonts\\STHUPO.TTF', name='STHupo', style='normal', variant='normal', weight=400, stretch='normal', size='scalable')) = 10.05
14:39:16 [DEBUG] matplotlib.font_manager: findfont: score(FontEntry(fname='C:\\Windows\\Fonts\\GARA.TTF', name='Garamond', style='normal', variant='normal', weight=400, stretch='normal', size='scalable')) = 10.05
14:39:16 [DEBUG] matplotlib.font_manager: findfont: score(FontEntry(fname='C:\\Windows\\Fonts\\arial.ttf', name='Arial', style='normal', variant='normal', weight=400, stretch='normal', size='scalable')) = 10.05
14:39:16 [DEBUG] matplotlib.font_manager: findfont: score(FontEntry(fname='C:\\Windows\\Fonts\\georgiaz.ttf', name='Georgia', style='italic', variant='normal', weight=700, stretch='normal', size='scalable')) = 11.335
14:39:16 [DEBUG] matplotlib.font_manager: findfont: score(FontEntry(fname='C:\\Windows\\Fonts\\trebucbi.ttf', name='Trebuchet MS', style='italic', variant='normal', weight=700, stretch='normal', size='scalable')) = 11.335
14:39:16 [DEBUG] matplotlib.font_manager: findfont: score(FontEntry(fname='C:\\Windows\\Fonts\\simsun.ttc', name='SimSun', style='normal', variant='normal', weight=400, stretch='normal', size='scalable')) = 10.05
14:39:16 [DEBUG] matplotlib.font_manager: findfont: score(FontEntry(fname='C:\\Windows\\Fonts\\mmrtext.ttf', name='Myanmar Text', style='normal', variant='normal', weight=400, stretch='normal', size='scalable')) = 10.05
14:39:16 [DEBUG] matplotlib.font_manager: findfont: score(FontEntry(fname='C:\\Windows\\Fonts\\palai.ttf', name='Palatino Linotype', style='italic', variant='normal', weight=400, stretch='normal', size='scalable')) = 11.05
14:39:16 [DEBUG] matplotlib.font_manager: findfont: score(FontEntry(fname='C:\\Windows\\Fonts\\trebucit.ttf', name='Trebuchet MS', style='italic', variant='normal', weight=400, stretch='normal', size='scalable')) = 11.05
14:39:16 [DEBUG] matplotlib.font_manager: findfont: score(FontEntry(fname='C:\\Windows\\Fonts\\GARABD.TTF', name='Garamond', style='normal', variant='normal', weight=700, stretch='normal', size='scalable')) = 10.335
14:39:16 [DEBUG] matplotlib.font_manager: findfont: score(FontEntry(fname='C:\\Windows\\Fonts\\ANTQUAI.TTF', name='Book Antiqua', style='italic', variant='normal', weight=400, stretch='normal', size='scalable')) = 11.05
14:39:16 [DEBUG] matplotlib.font_manager: findfont: score(FontEntry(fname='C:\\Windows\\Fonts\\corbelz.ttf', name='Corbel', style='italic', variant='normal', weight=700, stretch='normal', size='scalable')) = 11.335
14:39:16 [DEBUG] matplotlib.font_manager: findfont: score(FontEntry(fname='C:\\Windows\\Fonts\\gadugib.ttf', name='Gadugi', style='normal', variant='normal', weight=700, stretch='normal', size='scalable')) = 10.335
14:39:16 [DEBUG] matplotlib.font_manager: findfont: score(FontEntry(fname='C:\\Windows\\Fonts\\ANTQUAB.TTF', name='Book Antiqua', style='normal', variant='normal', weight=700, stretch='normal', size='scalable')) = 10.335
14:39:16 [DEBUG] matplotlib.font_manager: findfont: score(FontEntry(fname='C:\\Windows\\Fonts\\courbd.ttf', name='Courier New', style='normal', variant='normal', weight=700, stretch='normal', size='scalable')) = 10.335
14:39:16 [DEBUG] matplotlib.font_manager: findfont: score(FontEntry(fname='C:\\Windows\\Fonts\\courbi.ttf', name='Courier New', style='italic', variant='normal', weight=700, stretch='normal', size='scalable')) = 11.335
14:39:16 [DEBUG] matplotlib.font_manager: findfont: score(FontEntry(fname='C:\\Windows\\Fonts\\himalaya.ttf', name='Microsoft Himalaya', style='normal', variant='normal', weight=400, stretch='normal', size='scalable')) = 10.05
14:39:16 [DEBUG] matplotlib.font_manager: findfont: score(FontEntry(fname='C:\\Windows\\Fonts\\GOTHICB.TTF', name='Century Gothic', style='normal', variant='normal', weight=700, stretch='normal', size='scalable')) = 10.335
14:39:16 [DEBUG] matplotlib.font_manager: findfont: score(FontEntry(fname='C:\\Windows\\Fonts\\cambriab.ttf', name='Cambria', style='normal', variant='normal', weight=700, stretch='normal', size='scalable')) = 10.335
14:39:16 [DEBUG] matplotlib.font_manager: findfont: score(FontEntry(fname='C:\\Windows\\Fonts\\STCAIYUN.TTF', name='STCaiyun', style='normal', variant='normal', weight=400, stretch='normal', size='scalable')) = 10.05
14:39:16 [DEBUG] matplotlib.font_manager: findfont: score(FontEntry(fname='C:\\Windows\\Fonts\\REFSPCL.TTF', name='MS Reference Specialty', style='normal', variant='normal', weight=400, stretch='normal', size='scalable')) = 10.05
14:39:16 [DEBUG] matplotlib.font_manager: findfont: score(FontEntry(fname='C:\\Windows\\Fonts\\GARAIT.TTF', name='Garamond', style='italic', variant='normal', weight=400, stretch='normal', size='scalable')) = 11.05
14:39:16 [DEBUG] matplotlib.font_manager: findfont: score(FontEntry(fname='C:\\Windows\\Fonts\\constanz.ttf', name='Constantia', style='italic', variant='normal', weight=700, stretch='normal', size='scalable')) = 11.335
14:39:16 [DEBUG] matplotlib.font_manager: findfont: score(FontEntry(fname='C:\\Windows\\Fonts\\SIMLI.TTF', name='LiSu', style='normal', variant='normal', weight=400, stretch='normal', size='scalable')) = 10.05
14:39:16 [DEBUG] matplotlib.font_manager: findfont: score(FontEntry(fname='C:\\Windows\\Fonts\\cour.ttf', name='Courier New', style='normal', variant='normal', weight=400, stretch='normal', size='scalable')) = 10.05
14:39:16 [DEBUG] matplotlib.font_manager: findfont: score(FontEntry(fname='C:\\Windows\\Fonts\\MTCORSVA.TTF', name='Monotype Corsiva', style='normal', variant='normal', weight=400, stretch='normal', size='scalable')) = 10.05
14:39:16 [DEBUG] matplotlib.font_manager: findfont: score(FontEntry(fname='C:\\Windows\\Fonts\\simkai.ttf', name='KaiTi', style='normal', variant='normal', weight=400, stretch='normal', size='scalable')) = 10.05
14:39:16 [DEBUG] matplotlib.font_manager: findfont: score(FontEntry(fname='C:\\Windows\\Fonts\\segoeuil.ttf', name='Segoe UI', style='normal', variant='normal', weight=300, stretch='normal', size='scalable')) = 10.145
14:39:16 [DEBUG] matplotlib.font_manager: findfont: score(FontEntry(fname='C:\\Windows\\Fonts\\consolab.ttf', name='Consolas', style='normal', variant='normal', weight=700, stretch='normal', size='scalable')) = 10.335
14:39:16 [DEBUG] matplotlib.font_manager: findfont: score(FontEntry(fname='C:\\Windows\\Fonts\\segoesc.ttf', name='Segoe Script', style='normal', variant='normal', weight=400, stretch='normal', size='scalable')) = 10.05
14:39:16 [DEBUG] matplotlib.font_manager: findfont: score(FontEntry(fname='C:\\Windows\\Fonts\\ARIALN.TTF', name='Arial', style='normal', variant='normal', weight=400, stretch='condensed', size='scalable')) = 10.25
14:39:16 [DEBUG] matplotlib.font_manager: findfont: score(FontEntry(fname='C:\\Windows\\Fonts\\verdana.ttf', name='Verdana', style='normal', variant='normal', weight=400, stretch='normal', size='scalable')) = 10.05
14:39:16 [DEBUG] matplotlib.font_manager: findfont: score(FontEntry(fname='C:\\Windows\\Fonts\\DUBAI-BOLD.TTF', name='Dubai', style='normal', variant='normal', weight=700, stretch='normal', size='scalable')) = 10.335
14:39:16 [DEBUG] matplotlib.font_manager: findfont: score(FontEntry(fname='C:\\Windows\\Fonts\\BOOKOSI.TTF', name='Bookman Old Style', style='italic', variant='normal', weight=300, stretch='normal', size='scalable')) = 11.145
14:39:16 [DEBUG] matplotlib.font_manager: findfont: score(FontEntry(fname='C:\\Windows\\Fonts\\TEMPSITC.TTF', name='Tempus Sans ITC', style='normal', variant='normal', weight=400, stretch='normal', size='scalable')) = 10.05
14:39:16 [DEBUG] matplotlib.font_manager: findfont: score(FontEntry(fname='C:\\Windows\\Fonts\\palabi.ttf', name='Palatino Linotype', style='italic', variant='normal', weight=700, stretch='normal', size='scalable')) = 11.335
14:39:16 [DEBUG] matplotlib.font_manager: findfont: score(FontEntry(fname='C:\\Windows\\Fonts\\corbeli.ttf', name='Corbel', style='italic', variant='normal', weight=400, stretch='normal', size='scalable')) = 11.05
14:39:16 [DEBUG] matplotlib.font_manager: findfont: score(FontEntry(fname='C:\\Windows\\Fonts\\msyhbd.ttc', name='Microsoft YaHei', style='normal', variant='normal', weight=700, stretch='normal', size='scalable')) = 2.335
14:39:16 [DEBUG] matplotlib.font_manager: findfont: score(FontEntry(fname='C:\\Windows\\Fonts\\corbelb.ttf', name='Corbel', style='normal', variant='normal', weight=700, stretch='normal', size='scalable')) = 10.335
14:39:16 [DEBUG] matplotlib.font_manager: findfont: score(FontEntry(fname='C:\\Windows\\Fonts\\Candaral.ttf', name='Candara', style='normal', variant='normal', weight=400, stretch='normal', size='scalable')) = 10.05
14:39:16 [DEBUG] matplotlib.font_manager: findfont: score(FontEntry(fname='C:\\Windows\\Fonts\\bahnschrift.ttf', name='Bahnschrift', style='normal', variant='normal', weight=400, stretch='normal', size='scalable')) = 10.05
14:39:16 [DEBUG] matplotlib.font_manager: findfont: score(FontEntry(fname='C:\\Windows\\Fonts\\mingliub.ttc', name='MingLiU-ExtB', style='normal', variant='normal', weight=400, stretch='normal', size='scalable')) = 10.05
14:39:16 [DEBUG] matplotlib.font_manager: findfont: score(FontEntry(fname='C:\\Windows\\Fonts\\YuGothR.ttc', name='Yu Gothic', style='normal', variant='normal', weight=400, stretch='normal', size='scalable')) = 10.05
14:39:16 [DEBUG] matplotlib.font_manager: findfont: score(FontEntry(fname='C:\\Windows\\Fonts\\segoeuiz.ttf', name='Segoe UI', style='italic', variant='normal', weight=700, stretch='normal', size='scalable')) = 11.335
14:39:16 [DEBUG] matplotlib.font_manager: findfont: score(FontEntry(fname='C:\\Windows\\Fonts\\phagspa.ttf', name='Microsoft PhagsPa', style='normal', variant='normal', weight=400, stretch='normal', size='scalable')) = 10.05
14:39:16 [DEBUG] matplotlib.font_manager: findfont: score(FontEntry(fname='C:\\Windows\\Fonts\\segoeuib.ttf', name='Segoe UI', style='normal', variant='normal', weight=700, stretch='normal', size='scalable')) = 10.335
14:39:16 [DEBUG] matplotlib.font_manager: findfont: score(FontEntry(fname='C:\\Windows\\Fonts\\georgiab.ttf', name='Georgia', style='normal', variant='normal', weight=700, stretch='normal', size='scalable')) = 10.335
14:39:16 [DEBUG] matplotlib.font_manager: findfont: score(FontEntry(fname='C:\\Windows\\Fonts\\ebrimabd.ttf', name='Ebrima', style='normal', variant='normal', weight=700, stretch='normal', size='scalable')) = 10.335
14:39:16 [DEBUG] matplotlib.font_manager: findfont: score(FontEntry(fname='C:\\Windows\\Fonts\\constani.ttf', name='Constantia', style='italic', variant='normal', weight=400, stretch='normal', size='scalable')) = 11.05
14:39:16 [DEBUG] matplotlib.font_manager: findfont: score(FontEntry(fname='C:\\Windows\\Fonts\\segmdl2.ttf', name='Segoe MDL2 Assets', style='normal', variant='normal', weight=400, stretch='normal', size='scalable')) = 10.05
14:39:16 [DEBUG] matplotlib.font_manager: findfont: score(FontEntry(fname='C:\\Windows\\Fonts\\BOOKOSBI.TTF', name='Bookman Old Style', style='italic', variant='normal', weight=600, stretch='normal', size='scalable')) = 11.24
14:39:16 [DEBUG] matplotlib.font_manager: findfont: score(FontEntry(fname='C:\\Windows\\Fonts\\corbelli.ttf', name='Corbel', style='italic', variant='normal', weight=300, stretch='normal', size='scalable')) = 11.145
14:39:16 [DEBUG] matplotlib.font_manager: findfont: score(FontEntry(fname='C:\\Windows\\Fonts\\SegoeIcons.ttf', name='Segoe Fluent Icons', style='normal', variant='normal', weight=400, stretch='normal', size='scalable')) = 10.05
14:39:16 [DEBUG] matplotlib.font_manager: findfont: score(FontEntry(fname='C:\\Windows\\Fonts\\BSSYM7.TTF', name='Bookshelf Symbol 7', style='normal', variant='normal', weight=400, stretch='normal', size='scalable')) = 10.05
14:39:16 [DEBUG] matplotlib.font_manager: findfont: score(FontEntry(fname='C:\\Windows\\Fonts\\DUBAI-REGULAR.TTF', name='Dubai', style='normal', variant='normal', weight=400, stretch='normal', size='scalable')) = 10.05
14:39:16 [DEBUG] matplotlib.font_manager: findfont: score(FontEntry(fname='C:\\Windows\\Fonts\\ariblk.ttf', name='Arial', style='normal', variant='normal', weight=900, stretch='normal', size='scalable')) = 10.525
14:39:16 [DEBUG] matplotlib.font_manager: findfont: score(FontEntry(fname='C:\\Windows\\Fonts\\ARIALNB.TTF', name='Arial', style='normal', variant='normal', weight=700, stretch='condensed', size='scalable')) = 10.535
14:39:16 [DEBUG] matplotlib.font_manager: findfont: score(FontEntry(fname='C:\\Windows\\Fonts\\WINGDNG2.TTF', name='Wingdings 2', style='normal', variant='normal', weight=400, stretch='normal', size='scalable')) = 10.05
14:39:16 [DEBUG] matplotlib.font_manager: findfont: score(FontEntry(fname='C:\\Windows\\Fonts\\Nirmala.ttf', name='Nirmala UI', style='normal', variant='normal', weight=400, stretch='normal', size='scalable')) = 10.05
14:39:16 [DEBUG] matplotlib.font_manager: findfont: score(FontEntry(fname='C:\\Windows\\Fonts\\YuGothM.ttc', name='Yu Gothic', style='normal', variant='normal', weight=500, stretch='normal', size='scalable')) = 10.145
14:39:16 [DEBUG] matplotlib.font_manager: findfont: score(FontEntry(fname='C:\\Windows\\Fonts\\calibrib.ttf', name='Calibri', style='normal', variant='normal', weight=700, stretch='normal', size='scalable')) = 10.335
14:39:16 [DEBUG] matplotlib.font_manager: findfont: score(FontEntry(fname='C:\\Windows\\Fonts\\STXINGKA.TTF', name='STXingkai', style='normal', variant='normal', weight=400, stretch='normal', size='scalable')) = 10.05
14:39:16 [DEBUG] matplotlib.font_manager: findfont: score(FontEntry(fname='C:\\Windows\\Fonts\\arialbd.ttf', name='Arial', style='normal', variant='normal', weight=700, stretch='normal', size='scalable')) = 10.335
14:39:16 [DEBUG] matplotlib.font_manager: findfont: score(FontEntry(fname='C:\\Windows\\Fonts\\DUBAI-MEDIUM.TTF', name='Dubai', style='normal', variant='normal', weight=500, stretch='normal', size='scalable')) = 10.145
14:39:16 [DEBUG] matplotlib.font_manager: findfont: score(FontEntry(fname='C:\\Windows\\Fonts\\calibrii.ttf', name='Calibri', style='italic', variant='normal', weight=400, stretch='normal', size='scalable')) = 11.05
14:39:16 [DEBUG] matplotlib.font_manager: findfont: score(FontEntry(fname='C:\\Windows\\Fonts\\trebucbd.ttf', name='Trebuchet MS', style='normal', variant='normal', weight=700, stretch='normal', size='scalable')) = 10.335
14:39:16 [DEBUG] matplotlib.font_manager: findfont: score(FontEntry(fname='C:\\Windows\\Fonts\\verdanab.ttf', name='Verdana', style='normal', variant='normal', weight=700, stretch='normal', size='scalable')) = 10.335
14:39:16 [DEBUG] matplotlib.font_manager: findfont: score(FontEntry(fname='C:\\Windows\\Fonts\\REFSAN.TTF', name='MS Reference Sans Serif', style='normal', variant='normal', weight=400, stretch='normal', size='scalable')) = 10.05
14:39:16 [DEBUG] matplotlib.font_manager: findfont: score(FontEntry(fname='C:\\Windows\\Fonts\\l_10646.ttf', name='Lucida Sans Unicode', style='normal', variant='normal', weight=400, stretch='normal', size='scalable')) = 10.05
14:39:16 [DEBUG] matplotlib.font_manager: findfont: score(FontEntry(fname='C:\\Windows\\Fonts\\arialbi.ttf', name='Arial', style='italic', variant='normal', weight=700, stretch='normal', size='scalable')) = 11.335
14:39:16 [DEBUG] matplotlib.font_manager: findfont: score(FontEntry(fname='C:\\Windows\\Fonts\\LEELAWDB.TTF', name='Leelawadee', style='normal', variant='normal', weight=700, stretch='normal', size='scalable')) = 10.335
14:39:16 [DEBUG] matplotlib.font_manager: findfont: score(FontEntry(fname='C:\\Windows\\Fonts\\georgia.ttf', name='Georgia', style='normal', variant='normal', weight=400, stretch='normal', size='scalable')) = 10.05
14:39:16 [DEBUG] matplotlib.font_manager: findfont: score(FontEntry(fname='C:\\Windows\\Fonts\\tahoma.ttf', name='Tahoma', style='normal', variant='normal', weight=400, stretch='normal', size='scalable')) = 10.05
14:39:16 [DEBUG] matplotlib.font_manager: findfont: score(FontEntry(fname='C:\\Windows\\Fonts\\FRSCRIPT.TTF', name='French Script MT', style='normal', variant='normal', weight=400, stretch='normal', size='scalable')) = 10.05
14:39:16 [DEBUG] matplotlib.font_manager: findfont: score(FontEntry(fname='C:\\Windows\\Fonts\\GOTHICI.TTF', name='Century Gothic', style='italic', variant='normal', weight=400, stretch='normal', size='scalable')) = 11.05
14:39:16 [DEBUG] matplotlib.font_manager: findfont: score(FontEntry(fname='C:\\Windows\\Fonts\\segoescb.ttf', name='Segoe Script', style='normal', variant='normal', weight=700, stretch='normal', size='scalable')) = 10.335
14:39:16 [DEBUG] matplotlib.font_manager: findfont: score(FontEntry(fname='C:\\Windows\\Fonts\\PRISTINA.TTF', name='Pristina', style='normal', variant='normal', weight=400, stretch='normal', size='scalable')) = 10.05
14:39:16 [DEBUG] matplotlib.font_manager: findfont: score(FontEntry(fname='C:\\Windows\\Fonts\\sylfaen.ttf', name='Sylfaen', style='normal', variant='normal', weight=400, stretch='normal', size='scalable')) = 10.05
14:39:16 [DEBUG] matplotlib.font_manager: findfont: score(FontEntry(fname='C:\\Windows\\Fonts\\ntailub.ttf', name='Microsoft New Tai Lue', style='normal', variant='normal', weight=700, stretch='normal', size='scalable')) = 10.335
14:39:16 [DEBUG] matplotlib.font_manager: findfont: score(FontEntry(fname='C:\\Windows\\Fonts\\seguisli.ttf', name='Segoe UI', style='italic', variant='normal', weight=350, stretch='normal', size='scalable')) = 11.0975
14:39:16 [DEBUG] matplotlib.font_manager: findfont: score(FontEntry(fname='C:\\Windows\\Fonts\\verdanaz.ttf', name='Verdana', style='italic', variant='normal', weight=700, stretch='normal', size='scalable')) = 11.335
14:39:16 [DEBUG] matplotlib.font_manager: findfont: score(FontEntry(fname='C:\\Windows\\Fonts\\webdings.ttf', name='Webdings', style='normal', variant='normal', weight=400, stretch='normal', size='scalable')) = 10.05
14:39:16 [DEBUG] matplotlib.font_manager: findfont: score(FontEntry(fname='C:\\Windows\\Fonts\\PAPYRUS.TTF', name='Papyrus', style='normal', variant='normal', weight=400, stretch='normal', size='scalable')) = 10.05
14:39:16 [DEBUG] matplotlib.font_manager: findfont: Matching sans\-serif:style=normal:variant=normal:weight=normal:stretch=normal:size=11.0 to SimHei ('C:\\Windows\\Fonts\\simhei.ttf') with score of 0.050000.
14:39:16 [DEBUG] matplotlib.font_manager: findfont: Matching sans\-serif:style=normal:variant=normal:weight=normal:stretch=normal:size=8.0.
14:39:16 [DEBUG] matplotlib.font_manager: findfont: score(FontEntry(fname='C:\\Users\\Administrator\\AppData\\Local\\Programs\\Python\\Python313\\Lib\\site-packages\\matplotlib\\mpl-data\\fonts\\ttf\\STIXSizFourSymReg.ttf', name='STIXSizeFourSym', style='normal', variant='normal', weight=400, stretch='normal', size='scalable')) = 10.05
14:39:16 [DEBUG] matplotlib.font_manager: findfont: score(FontEntry(fname='C:\\Users\\Administrator\\AppData\\Local\\Programs\\Python\\Python313\\Lib\\site-packages\\matplotlib\\mpl-data\\fonts\\ttf\\DejaVuSans-Oblique.ttf', name='DejaVu Sans', style='oblique', variant='normal', weight=400, stretch='normal', size='scalable')) = 9.05
14:39:16 [DEBUG] matplotlib.font_manager: findfont: score(FontEntry(fname='C:\\Users\\Administrator\\AppData\\Local\\Programs\\Python\\Python313\\Lib\\site-packages\\matplotlib\\mpl-data\\fonts\\ttf\\STIXGeneral.ttf', name='STIXGeneral', style='normal', variant='normal', weight=400, stretch='normal', size='scalable')) = 10.05
14:39:16 [DEBUG] matplotlib.font_manager: findfont: score(FontEntry(fname='C:\\Users\\Administrator\\AppData\\Local\\Programs\\Python\\Python313\\Lib\\site-packages\\matplotlib\\mpl-data\\fonts\\ttf\\STIXSizTwoSymBol.ttf', name='STIXSizeTwoSym', style='normal', variant='normal', weight=700, stretch='normal', size='scalable')) = 10.335
14:39:16 [DEBUG] matplotlib.font_manager: findfont: score(FontEntry(fname='C:\\Users\\Administrator\\AppData\\Local\\Programs\\Python\\Python313\\Lib\\site-packages\\matplotlib\\mpl-data\\fonts\\ttf\\STIXSizTwoSymReg.ttf', name='STIXSizeTwoSym', style='normal', variant='normal', weight=400, stretch='normal', size='scalable')) = 10.05
14:39:16 [DEBUG] matplotlib.font_manager: findfont: score(FontEntry(fname='C:\\Users\\Administrator\\AppData\\Local\\Programs\\Python\\Python313\\Lib\\site-packages\\matplotlib\\mpl-data\\fonts\\ttf\\DejaVuSansDisplay.ttf', name='DejaVu Sans Display', style='normal', variant='normal', weight=400, stretch='normal', size='scalable')) = 10.05
14:39:16 [DEBUG] matplotlib.font_manager: findfont: score(FontEntry(fname='C:\\Users\\Administrator\\AppData\\Local\\Programs\\Python\\Python313\\Lib\\site-packages\\matplotlib\\mpl-data\\fonts\\ttf\\cmsy10.ttf', name='cmsy10', style='normal', variant='normal', weight=400, stretch='normal', size='scalable')) = 10.05
14:39:16 [DEBUG] matplotlib.font_manager: findfont: score(FontEntry(fname='C:\\Users\\Administrator\\AppData\\Local\\Programs\\Python\\Python313\\Lib\\site-packages\\matplotlib\\mpl-data\\fonts\\ttf\\cmss10.ttf', name='cmss10', style='normal', variant='normal', weight=400, stretch='normal', size='scalable')) = 10.05
14:39:16 [DEBUG] matplotlib.font_manager: findfont: score(FontEntry(fname='C:\\Users\\Administrator\\AppData\\Local\\Programs\\Python\\Python313\\Lib\\site-packages\\matplotlib\\mpl-data\\fonts\\ttf\\cmtt10.ttf', name='cmtt10', style='normal', variant='normal', weight=400, stretch='normal', size='scalable')) = 10.05
14:39:16 [DEBUG] matplotlib.font_manager: findfont: score(FontEntry(fname='C:\\Users\\Administrator\\AppData\\Local\\Programs\\Python\\Python313\\Lib\\site-packages\\matplotlib\\mpl-data\\fonts\\ttf\\STIXNonUniIta.ttf', name='STIXNonUnicode', style='italic', variant='normal', weight=400, stretch='normal', size='scalable')) = 11.05
14:39:16 [DEBUG] matplotlib.font_manager: findfont: score(FontEntry(fname='C:\\Users\\Administrator\\AppData\\Local\\Programs\\Python\\Python313\\Lib\\site-packages\\matplotlib\\mpl-data\\fonts\\ttf\\DejaVuSansMono.ttf', name='DejaVu Sans Mono', style='normal', variant='normal', weight=400, stretch='normal', size='scalable')) = 10.05
14:39:16 [DEBUG] matplotlib.font_manager: findfont: score(FontEntry(fname='C:\\Users\\Administrator\\AppData\\Local\\Programs\\Python\\Python313\\Lib\\site-packages\\matplotlib\\mpl-data\\fonts\\ttf\\STIXSizOneSymBol.ttf', name='STIXSizeOneSym', style='normal', variant='normal', weight=700, stretch='normal', size='scalable')) = 10.335
14:39:16 [DEBUG] matplotlib.font_manager: findfont: score(FontEntry(fname='C:\\Users\\Administrator\\AppData\\Local\\Programs\\Python\\Python313\\Lib\\site-packages\\matplotlib\\mpl-data\\fonts\\ttf\\STIXGeneralItalic.ttf', name='STIXGeneral', style='italic', variant='normal', weight=400, stretch='normal', size='scalable')) = 11.05
14:39:16 [DEBUG] matplotlib.font_manager: findfont: score(FontEntry(fname='C:\\Users\\Administrator\\AppData\\Local\\Programs\\Python\\Python313\\Lib\\site-packages\\matplotlib\\mpl-data\\fonts\\ttf\\STIXSizThreeSymReg.ttf', name='STIXSizeThreeSym', style='normal', variant='normal', weight=400, stretch='normal', size='scalable')) = 10.05
14:39:16 [DEBUG] matplotlib.font_manager: findfont: score(FontEntry(fname='C:\\Users\\Administrator\\AppData\\Local\\Programs\\Python\\Python313\\Lib\\site-packages\\matplotlib\\mpl-data\\fonts\\ttf\\STIXSizThreeSymBol.ttf', name='STIXSizeThreeSym', style='normal', variant='normal', weight=700, stretch='normal', size='scalable')) = 10.335
14:39:16 [DEBUG] matplotlib.font_manager: findfont: score(FontEntry(fname='C:\\Users\\Administrator\\AppData\\Local\\Programs\\Python\\Python313\\Lib\\site-packages\\matplotlib\\mpl-data\\fonts\\ttf\\DejaVuSerif-Bold.ttf', name='DejaVu Serif', style='normal', variant='normal', weight=700, stretch='normal', size='scalable')) = 10.335
14:39:16 [DEBUG] matplotlib.font_manager: findfont: score(FontEntry(fname='C:\\Users\\Administrator\\AppData\\Local\\Programs\\Python\\Python313\\Lib\\site-packages\\matplotlib\\mpl-data\\fonts\\ttf\\DejaVuSansMono-Oblique.ttf', name='DejaVu Sans Mono', style='oblique', variant='normal', weight=400, stretch='normal', size='scalable')) = 11.05
14:39:16 [DEBUG] matplotlib.font_manager: findfont: score(FontEntry(fname='C:\\Users\\Administrator\\AppData\\Local\\Programs\\Python\\Python313\\Lib\\site-packages\\matplotlib\\mpl-data\\fonts\\ttf\\DejaVuSansMono-BoldOblique.ttf', name='DejaVu Sans Mono', style='oblique', variant='normal', weight=700, stretch='normal', size='scalable')) = 11.335
14:39:16 [DEBUG] matplotlib.font_manager: findfont: score(FontEntry(fname='C:\\Users\\Administrator\\AppData\\Local\\Programs\\Python\\Python313\\Lib\\site-packages\\matplotlib\\mpl-data\\fonts\\ttf\\DejaVuSerif.ttf', name='DejaVu Serif', style='normal', variant='normal', weight=400, stretch='normal', size='scalable')) = 10.05
14:39:16 [DEBUG] matplotlib.font_manager: findfont: score(FontEntry(fname='C:\\Users\\Administrator\\AppData\\Local\\Programs\\Python\\Python313\\Lib\\site-packages\\matplotlib\\mpl-data\\fonts\\ttf\\DejaVuSansMono-Bold.ttf', name='DejaVu Sans Mono', style='normal', variant='normal', weight=700, stretch='normal', size='scalable')) = 10.335
14:39:16 [DEBUG] matplotlib.font_manager: findfont: score(FontEntry(fname='C:\\Users\\Administrator\\AppData\\Local\\Programs\\Python\\Python313\\Lib\\site-packages\\matplotlib\\mpl-data\\fonts\\ttf\\cmex10.ttf', name='cmex10', style='normal', variant='normal', weight=400, stretch='normal', size='scalable')) = 10.05
14:39:16 [DEBUG] matplotlib.font_manager: findfont: score(FontEntry(fname='C:\\Users\\Administrator\\AppData\\Local\\Programs\\Python\\Python313\\Lib\\site-packages\\matplotlib\\mpl-data\\fonts\\ttf\\cmr10.ttf', name='cmr10', style='normal', variant='normal', weight=400, stretch='normal', size='scalable')) = 10.05
14:39:16 [DEBUG] matplotlib.font_manager: findfont: score(FontEntry(fname='C:\\Users\\Administrator\\AppData\\Local\\Programs\\Python\\Python313\\Lib\\site-packages\\matplotlib\\mpl-data\\fonts\\ttf\\STIXNonUniBolIta.ttf', name='STIXNonUnicode', style='italic', variant='normal', weight=700, stretch='normal', size='scalable')) = 11.335
14:39:16 [DEBUG] matplotlib.font_manager: findfont: score(FontEntry(fname='C:\\Users\\Administrator\\AppData\\Local\\Programs\\Python\\Python313\\Lib\\site-packages\\matplotlib\\mpl-data\\fonts\\ttf\\DejaVuSerif-Italic.ttf', name='DejaVu Serif', style='italic', variant='normal', weight=400, stretch='normal', size='scalable')) = 11.05
14:39:16 [DEBUG] matplotlib.font_manager: findfont: score(FontEntry(fname='C:\\Users\\Administrator\\AppData\\Local\\Programs\\Python\\Python313\\Lib\\site-packages\\matplotlib\\mpl-data\\fonts\\ttf\\DejaVuSans-Bold.ttf', name='DejaVu Sans', style='normal', variant='normal', weight=700, stretch='normal', size='scalable')) = 8.335
14:39:16 [DEBUG] matplotlib.font_manager: findfont: score(FontEntry(fname='C:\\Users\\Administrator\\AppData\\Local\\Programs\\Python\\Python313\\Lib\\site-packages\\matplotlib\\mpl-data\\fonts\\ttf\\STIXSizOneSymReg.ttf', name='STIXSizeOneSym', style='normal', variant='normal', weight=400, stretch='normal', size='scalable')) = 10.05
14:39:16 [DEBUG] matplotlib.font_manager: findfont: score(FontEntry(fname='C:\\Users\\Administrator\\AppData\\Local\\Programs\\Python\\Python313\\Lib\\site-packages\\matplotlib\\mpl-data\\fonts\\ttf\\cmb10.ttf', name='cmb10', style='normal', variant='normal', weight=400, stretch='normal', size='scalable')) = 10.05
14:39:16 [DEBUG] matplotlib.font_manager: findfont: score(FontEntry(fname='C:\\Users\\Administrator\\AppData\\Local\\Programs\\Python\\Python313\\Lib\\site-packages\\matplotlib\\mpl-data\\fonts\\ttf\\STIXSizFourSymBol.ttf', name='STIXSizeFourSym', style='normal', variant='normal', weight=700, stretch='normal', size='scalable')) = 10.335
14:39:16 [DEBUG] matplotlib.font_manager: findfont: score(FontEntry(fname='C:\\Users\\Administrator\\AppData\\Local\\Programs\\Python\\Python313\\Lib\\site-packages\\matplotlib\\mpl-data\\fonts\\ttf\\DejaVuSerif-BoldItalic.ttf', name='DejaVu Serif', style='italic', variant='normal', weight=700, stretch='normal', size='scalable')) = 11.335
14:39:16 [DEBUG] matplotlib.font_manager: findfont: score(FontEntry(fname='C:\\Users\\Administrator\\AppData\\Local\\Programs\\Python\\Python313\\Lib\\site-packages\\matplotlib\\mpl-data\\fonts\\ttf\\DejaVuSans.ttf', name='DejaVu Sans', style='normal', variant='normal', weight=400, stretch='normal', size='scalable')) = 8.05
14:39:16 [DEBUG] matplotlib.font_manager: findfont: score(FontEntry(fname='C:\\Users\\Administrator\\AppData\\Local\\Programs\\Python\\Python313\\Lib\\site-packages\\matplotlib\\mpl-data\\fonts\\ttf\\STIXGeneralBol.ttf', name='STIXGeneral', style='normal', variant='normal', weight=700, stretch='normal', size='scalable')) = 10.335
14:39:16 [DEBUG] matplotlib.font_manager: findfont: score(FontEntry(fname='C:\\Users\\Administrator\\AppData\\Local\\Programs\\Python\\Python313\\Lib\\site-packages\\matplotlib\\mpl-data\\fonts\\ttf\\STIXGeneralBolIta.ttf', name='STIXGeneral', style='italic', variant='normal', weight=700, stretch='normal', size='scalable')) = 11.335
14:39:16 [DEBUG] matplotlib.font_manager: findfont: score(FontEntry(fname='C:\\Users\\Administrator\\AppData\\Local\\Programs\\Python\\Python313\\Lib\\site-packages\\matplotlib\\mpl-data\\fonts\\ttf\\STIXNonUniBol.ttf', name='STIXNonUnicode', style='normal', variant='normal', weight=700, stretch='normal', size='scalable')) = 10.335
14:39:16 [DEBUG] matplotlib.font_manager: findfont: score(FontEntry(fname='C:\\Users\\Administrator\\AppData\\Local\\Programs\\Python\\Python313\\Lib\\site-packages\\matplotlib\\mpl-data\\fonts\\ttf\\DejaVuSerifDisplay.ttf', name='DejaVu Serif Display', style='normal', variant='normal', weight=400, stretch='normal', size='scalable')) = 10.05
14:39:16 [DEBUG] matplotlib.font_manager: findfont: score(FontEntry(fname='C:\\Users\\Administrator\\AppData\\Local\\Programs\\Python\\Python313\\Lib\\site-packages\\matplotlib\\mpl-data\\fonts\\ttf\\DejaVuSans-BoldOblique.ttf', name='DejaVu Sans', style='oblique', variant='normal', weight=700, stretch='normal', size='scalable')) = 9.335
14:39:16 [DEBUG] matplotlib.font_manager: findfont: score(FontEntry(fname='C:\\Users\\Administrator\\AppData\\Local\\Programs\\Python\\Python313\\Lib\\site-packages\\matplotlib\\mpl-data\\fonts\\ttf\\STIXNonUni.ttf', name='STIXNonUnicode', style='normal', variant='normal', weight=400, stretch='normal', size='scalable')) = 10.05
14:39:16 [DEBUG] matplotlib.font_manager: findfont: score(FontEntry(fname='C:\\Users\\Administrator\\AppData\\Local\\Programs\\Python\\Python313\\Lib\\site-packages\\matplotlib\\mpl-data\\fonts\\ttf\\STIXSizFiveSymReg.ttf', name='STIXSizeFiveSym', style='normal', variant='normal', weight=400, stretch='normal', size='scalable')) = 10.05
14:39:16 [DEBUG] matplotlib.font_manager: findfont: score(FontEntry(fname='C:\\Users\\Administrator\\AppData\\Local\\Programs\\Python\\Python313\\Lib\\site-packages\\matplotlib\\mpl-data\\fonts\\ttf\\cmmi10.ttf', name='cmmi10', style='normal', variant='normal', weight=400, stretch='normal', size='scalable')) = 10.05
14:39:16 [DEBUG] matplotlib.font_manager: findfont: score(FontEntry(fname='C:\\Windows\\Fonts\\SitkaVF.ttf', name='Sitka', style='normal', variant='normal', weight=400, stretch='normal', size='scalable')) = 10.05
14:39:16 [DEBUG] matplotlib.font_manager: findfont: score(FontEntry(fname='C:\\Windows\\Fonts\\msyi.ttf', name='Microsoft Yi Baiti', style='normal', variant='normal', weight=400, stretch='normal', size='scalable')) = 10.05
14:39:16 [DEBUG] matplotlib.font_manager: findfont: score(FontEntry(fname='C:\\Windows\\Fonts\\simfang.ttf', name='FangSong', style='normal', variant='normal', weight=400, stretch='normal', size='scalable')) = 10.05
14:39:16 [DEBUG] matplotlib.font_manager: findfont: score(FontEntry(fname='C:\\Windows\\Fonts\\calibril.ttf', name='Calibri', style='normal', variant='normal', weight=300, stretch='normal', size='scalable')) = 10.145
14:39:16 [DEBUG] matplotlib.font_manager: findfont: score(FontEntry(fname='C:\\Windows\\Fonts\\malgunsl.ttf', name='Malgun Gothic', style='normal', variant='normal', weight=300, stretch='normal', size='scalable')) = 10.145
14:39:16 [DEBUG] matplotlib.font_manager: findfont: score(FontEntry(fname='C:\\Windows\\Fonts\\times.ttf', name='Times New Roman', style='normal', variant='normal', weight=400, stretch='normal', size='scalable')) = 10.05
14:39:16 [DEBUG] matplotlib.font_manager: findfont: score(FontEntry(fname='C:\\Windows\\Fonts\\corbell.ttf', name='Corbel', style='normal', variant='normal', weight=300, stretch='normal', size='scalable')) = 10.145
14:39:16 [DEBUG] matplotlib.font_manager: findfont: score(FontEntry(fname='C:\\Windows\\Fonts\\Dengb.ttf', name='DengXian', style='normal', variant='normal', weight=700, stretch='normal', size='scalable')) = 10.335
14:39:16 [DEBUG] matplotlib.font_manager: findfont: score(FontEntry(fname='C:\\Windows\\Fonts\\Candarab.ttf', name='Candara', style='normal', variant='normal', weight=700, stretch='normal', size='scalable')) = 10.335
14:39:16 [DEBUG] matplotlib.font_manager: findfont: score(FontEntry(fname='C:\\Windows\\Fonts\\STXIHEI.TTF', name='STXihei', style='normal', variant='normal', weight=400, stretch='normal', size='scalable')) = 10.05
14:39:16 [DEBUG] matplotlib.font_manager: findfont: score(FontEntry(fname='C:\\Windows\\Fonts\\FZYTK.TTF', name='FZYaoTi', style='normal', variant='normal', weight=400, stretch='normal', size='scalable')) = 10.05
14:39:16 [DEBUG] matplotlib.font_manager: findfont: score(FontEntry(fname='C:\\Windows\\Fonts\\palab.ttf', name='Palatino Linotype', style='normal', variant='normal', weight=700, stretch='normal', size='scalable')) = 10.335
14:39:16 [DEBUG] matplotlib.font_manager: findfont: score(FontEntry(fname='C:\\Windows\\Fonts\\BOOKOS.TTF', name='Bookman Old Style', style='normal', variant='normal', weight=300, stretch='normal', size='scalable')) = 10.145
14:39:16 [DEBUG] matplotlib.font_manager: findfont: score(FontEntry(fname='C:\\Windows\\Fonts\\GOTHIC.TTF', name='Century Gothic', style='normal', variant='normal', weight=400, stretch='normal', size='scalable')) = 10.05
14:39:16 [DEBUG] matplotlib.font_manager: findfont: score(FontEntry(fname='C:\\Windows\\Fonts\\comicbd.ttf', name='Comic Sans MS', style='normal', variant='normal', weight=700, stretch='normal', size='scalable')) = 10.335
14:39:16 [DEBUG] matplotlib.font_manager: findfont: score(FontEntry(fname='C:\\Windows\\Fonts\\ARIALNBI.TTF', name='Arial', style='italic', variant='normal', weight=700, stretch='condensed', size='scalable')) = 11.535
14:39:16 [DEBUG] matplotlib.font_manager: findfont: score(FontEntry(fname='C:\\Windows\\Fonts\\msgothic.ttc', name='MS Gothic', style='normal', variant='normal', weight=400, stretch='normal', size='scalable')) = 10.05
14:39:16 [DEBUG] matplotlib.font_manager: findfont: score(FontEntry(fname='C:\\Windows\\Fonts\\malgun.ttf', name='Malgun Gothic', style='normal', variant='normal', weight=400, stretch='normal', size='scalable')) = 10.05
14:39:16 [DEBUG] matplotlib.font_manager: findfont: score(FontEntry(fname='C:\\Windows\\Fonts\\consola.ttf', name='Consolas', style='normal', variant='normal', weight=400, stretch='normal', size='scalable')) = 10.05
14:39:16 [DEBUG] matplotlib.font_manager: findfont: score(FontEntry(fname='C:\\Windows\\Fonts\\seguibli.ttf', name='Segoe UI', style='italic', variant='normal', weight=900, stretch='normal', size='scalable')) = 11.525
14:39:16 [DEBUG] matplotlib.font_manager: findfont: score(FontEntry(fname='C:\\Windows\\Fonts\\LeelaUIb.ttf', name='Leelawadee UI', style='normal', variant='normal', weight=700, stretch='normal', size='scalable')) = 10.335
14:39:16 [DEBUG] matplotlib.font_manager: findfont: score(FontEntry(fname='C:\\Windows\\Fonts\\simsunb.ttf', name='SimSun-ExtB', style='normal', variant='normal', weight=400, stretch='normal', size='scalable')) = 10.05
14:39:16 [DEBUG] matplotlib.font_manager: findfont: score(FontEntry(fname='C:\\Windows\\Fonts\\verdanai.ttf', name='Verdana', style='italic', variant='normal', weight=400, stretch='normal', size='scalable')) = 11.05
14:39:16 [DEBUG] matplotlib.font_manager: findfont: score(FontEntry(fname='C:\\Windows\\Fonts\\consolaz.ttf', name='Consolas', style='italic', variant='normal', weight=700, stretch='normal', size='scalable')) = 11.335
14:39:16 [DEBUG] matplotlib.font_manager: findfont: score(FontEntry(fname='C:\\Windows\\Fonts\\SIMYOU.TTF', name='YouYuan', style='normal', variant='normal', weight=400, stretch='normal', size='scalable')) = 10.05
14:39:16 [DEBUG] matplotlib.font_manager: findfont: score(FontEntry(fname='C:\\Windows\\Fonts\\lucon.ttf', name='Lucida Console', style='normal', variant='normal', weight=400, stretch='normal', size='scalable')) = 10.05
14:39:16 [DEBUG] matplotlib.font_manager: findfont: score(FontEntry(fname='C:\\Windows\\Fonts\\ANTQUABI.TTF', name='Book Antiqua', style='italic', variant='normal', weight=700, stretch='normal', size='scalable')) = 11.335
14:39:16 [DEBUG] matplotlib.font_manager: findfont: score(FontEntry(fname='C:\\Windows\\Fonts\\seguisym.ttf', name='Segoe UI Symbol', style='normal', variant='normal', weight=400, stretch='normal', size='scalable')) = 10.05
14:39:16 [DEBUG] matplotlib.font_manager: findfont: score(FontEntry(fname='C:\\Windows\\Fonts\\STSONG.TTF', name='STSong', style='normal', variant='normal', weight=400, stretch='normal', size='scalable')) = 10.05
14:39:16 [DEBUG] matplotlib.font_manager: findfont: score(FontEntry(fname='C:\\Windows\\Fonts\\cambriaz.ttf', name='Cambria', style='italic', variant='normal', weight=700, stretch='normal', size='scalable')) = 11.335
14:39:16 [DEBUG] matplotlib.font_manager: findfont: score(FontEntry(fname='C:\\Windows\\Fonts\\segoeui.ttf', name='Segoe UI', style='normal', variant='normal', weight=400, stretch='normal', size='scalable')) = 10.05
14:39:16 [DEBUG] matplotlib.font_manager: findfont: score(FontEntry(fname='C:\\Windows\\Fonts\\malgunbd.ttf', name='Malgun Gothic', style='normal', variant='normal', weight=700, stretch='normal', size='scalable')) = 10.335
14:39:16 [DEBUG] matplotlib.font_manager: findfont: score(FontEntry(fname='C:\\Windows\\Fonts\\FZSTK.TTF', name='FZShuTi', style='normal', variant='normal', weight=400, stretch='normal', size='scalable')) = 10.05
14:39:16 [DEBUG] matplotlib.font_manager: findfont: score(FontEntry(fname='C:\\Windows\\Fonts\\DUBAI-LIGHT.TTF', name='Dubai', style='normal', variant='normal', weight=300, stretch='normal', size='scalable')) = 10.145
14:39:16 [DEBUG] matplotlib.font_manager: findfont: score(FontEntry(fname='C:\\Windows\\Fonts\\STFANGSO.TTF', name='STFangsong', style='normal', variant='normal', weight=400, stretch='normal', size='scalable')) = 10.05
14:39:16 [DEBUG] matplotlib.font_manager: findfont: score(FontEntry(fname='C:\\Windows\\Fonts\\LEELAWAD.TTF', name='Leelawadee', style='normal', variant='normal', weight=400, stretch='normal', size='scalable')) = 10.05
14:39:16 [DEBUG] matplotlib.font_manager: findfont: score(FontEntry(fname='C:\\Windows\\Fonts\\BOOKOSB.TTF', name='Bookman Old Style', style='normal', variant='normal', weight=600, stretch='normal', size='scalable')) = 10.24
14:39:16 [DEBUG] matplotlib.font_manager: findfont: score(FontEntry(fname='C:\\Windows\\Fonts\\cambria.ttc', name='Cambria', style='normal', variant='normal', weight=400, stretch='normal', size='scalable')) = 10.05
14:39:16 [DEBUG] matplotlib.font_manager: findfont: score(FontEntry(fname='C:\\Windows\\Fonts\\Candaraz.ttf', name='Candara', style='italic', variant='normal', weight=700, stretch='normal', size='scalable')) = 11.335
14:39:16 [DEBUG] matplotlib.font_manager: findfont: score(FontEntry(fname='C:\\Windows\\Fonts\\segoepr.ttf', name='Segoe Print', style='normal', variant='normal', weight=400, stretch='normal', size='scalable')) = 10.05
14:39:16 [DEBUG] matplotlib.font_manager: findfont: score(FontEntry(fname='C:\\Windows\\Fonts\\comic.ttf', name='Comic Sans MS', style='normal', variant='normal', weight=400, stretch='normal', size='scalable')) = 10.05
14:39:16 [DEBUG] matplotlib.font_manager: findfont: score(FontEntry(fname='C:\\Windows\\Fonts\\phagspab.ttf', name='Microsoft PhagsPa', style='normal', variant='normal', weight=700, stretch='normal', size='scalable')) = 10.335
14:39:16 [DEBUG] matplotlib.font_manager: findfont: score(FontEntry(fname='C:\\Windows\\Fonts\\timesbi.ttf', name='Times New Roman', style='italic', variant='normal', weight=700, stretch='normal', size='scalable')) = 11.335
14:39:16 [DEBUG] matplotlib.font_manager: findfont: score(FontEntry(fname='C:\\Windows\\Fonts\\SansSerifCollection.ttf', name='Sans Serif Collection', style='normal', variant='normal', weight=400, stretch='normal', size='scalable')) = 10.05
14:39:16 [DEBUG] matplotlib.font_manager: findfont: score(FontEntry(fname='C:\\Windows\\Fonts\\ariali.ttf', name='Arial', style='italic', variant='normal', weight=400, stretch='normal', size='scalable')) = 11.05
14:39:16 [DEBUG] matplotlib.font_manager: findfont: score(FontEntry(fname='C:\\Windows\\Fonts\\LHANDW.TTF', name='Lucida Handwriting', style='italic', variant='normal', weight=400, stretch='normal', size='scalable')) = 11.05
14:39:16 [DEBUG] matplotlib.font_manager: findfont: score(FontEntry(fname='C:\\Windows\\Fonts\\Gabriola.ttf', name='Gabriola', style='normal', variant='normal', weight=400, stretch='normal', size='scalable')) = 10.05
14:39:16 [DEBUG] matplotlib.font_manager: findfont: score(FontEntry(fname='C:\\Windows\\Fonts\\mvboli.ttf', name='MV Boli', style='normal', variant='normal', weight=400, stretch='normal', size='scalable')) = 10.05
14:39:16 [DEBUG] matplotlib.font_manager: findfont: score(FontEntry(fname='C:\\Windows\\Fonts\\WINGDNG3.TTF', name='Wingdings 3', style='normal', variant='normal', weight=400, stretch='normal', size='scalable')) = 10.05
14:39:16 [DEBUG] matplotlib.font_manager: findfont: score(FontEntry(fname='C:\\Windows\\Fonts\\seguili.ttf', name='Segoe UI', style='italic', variant='normal', weight=300, stretch='normal', size='scalable')) = 11.145
14:39:16 [DEBUG] matplotlib.font_manager: findfont: score(FontEntry(fname='C:\\Windows\\Fonts\\micross.ttf', name='Microsoft Sans Serif', style='normal', variant='normal', weight=400, stretch='normal', size='scalable')) = 10.05
14:39:16 [DEBUG] matplotlib.font_manager: findfont: score(FontEntry(fname='C:\\Windows\\Fonts\\tahomabd.ttf', name='Tahoma', style='normal', variant='normal', weight=700, stretch='normal', size='scalable')) = 10.335
14:39:16 [DEBUG] matplotlib.font_manager: findfont: score(FontEntry(fname='C:\\Windows\\Fonts\\calibrili.ttf', name='Calibri', style='italic', variant='normal', weight=300, stretch='normal', size='scalable')) = 11.145
14:39:16 [DEBUG] matplotlib.font_manager: findfont: score(FontEntry(fname='C:\\Windows\\Fonts\\msyhl.ttc', name='Microsoft YaHei', style='normal', variant='normal', weight=290, stretch='normal', size='scalable')) = 2.1545
14:39:16 [DEBUG] matplotlib.font_manager: findfont: score(FontEntry(fname='C:\\Windows\\Fonts\\MSUIGHUR.TTF', name='Microsoft Uighur', style='normal', variant='normal', weight=400, stretch='normal', size='scalable')) = 10.05
14:39:16 [DEBUG] matplotlib.font_manager: findfont: score(FontEntry(fname='C:\\Windows\\Fonts\\segoeuii.ttf', name='Segoe UI', style='italic', variant='normal', weight=400, stretch='normal', size='scalable')) = 11.05
14:39:16 [DEBUG] matplotlib.font_manager: findfont: score(FontEntry(fname='C:\\Windows\\Fonts\\STXINWEI.TTF', name='STXinwei', style='normal', variant='normal', weight=400, stretch='normal', size='scalable')) = 10.05
14:39:16 [DEBUG] matplotlib.font_manager: findfont: score(FontEntry(fname='C:\\Windows\\Fonts\\seguisb.ttf', name='Segoe UI', style='normal', variant='normal', weight=600, stretch='normal', size='scalable')) = 10.24
14:39:16 [DEBUG] matplotlib.font_manager: findfont: score(FontEntry(fname='C:\\Windows\\Fonts\\seguihis.ttf', name='Segoe UI Historic', style='normal', variant='normal', weight=400, stretch='normal', size='scalable')) = 10.05
14:39:16 [DEBUG] matplotlib.font_manager: findfont: score(FontEntry(fname='C:\\Windows\\Fonts\\comici.ttf', name='Comic Sans MS', style='italic', variant='normal', weight=400, stretch='normal', size='scalable')) = 11.05
14:39:16 [DEBUG] matplotlib.font_manager: findfont: score(FontEntry(fname='C:\\Windows\\Fonts\\holomdl2.ttf', name='HoloLens MDL2 Assets', style='normal', variant='normal', weight=400, stretch='normal', size='scalable')) = 10.05
14:39:16 [DEBUG] matplotlib.font_manager: findfont: score(FontEntry(fname='C:\\Windows\\Fonts\\segoeuisl.ttf', name='Segoe UI', style='normal', variant='normal', weight=350, stretch='normal', size='scalable')) = 10.0975
14:39:16 [DEBUG] matplotlib.font_manager: findfont: score(FontEntry(fname='C:\\Windows\\Fonts\\constanb.ttf', name='Constantia', style='normal', variant='normal', weight=700, stretch='normal', size='scalable')) = 10.335
14:39:16 [DEBUG] matplotlib.font_manager: findfont: score(FontEntry(fname='C:\\Windows\\Fonts\\SegUIVar.ttf', name='Segoe UI Variable', style='normal', variant='normal', weight=400, stretch='normal', size='scalable')) = 10.05
14:39:16 [DEBUG] matplotlib.font_manager: findfont: score(FontEntry(fname='C:\\Windows\\Fonts\\couri.ttf', name='Courier New', style='italic', variant='normal', weight=400, stretch='normal', size='scalable')) = 11.05
14:39:16 [DEBUG] matplotlib.font_manager: findfont: score(FontEntry(fname='C:\\Windows\\Fonts\\JUICE___.TTF', name='Juice ITC', style='normal', variant='normal', weight=400, stretch='normal', size='scalable')) = 10.05
14:39:16 [DEBUG] matplotlib.font_manager: findfont: score(FontEntry(fname='C:\\Windows\\Fonts\\taileb.ttf', name='Microsoft Tai Le', style='normal', variant='normal', weight=700, stretch='normal', size='scalable')) = 10.335
14:39:16 [DEBUG] matplotlib.font_manager: findfont: score(FontEntry(fname='C:\\Windows\\Fonts\\wingding.ttf', name='Wingdings', style='normal', variant='normal', weight=400, stretch='normal', size='scalable')) = 10.05
14:39:16 [DEBUG] matplotlib.font_manager: findfont: score(FontEntry(fname='C:\\Windows\\Fonts\\trebuc.ttf', name='Trebuchet MS', style='normal', variant='normal', weight=400, stretch='normal', size='scalable')) = 10.05
14:39:16 [DEBUG] matplotlib.font_manager: findfont: score(FontEntry(fname='C:\\Windows\\Fonts\\Candarali.ttf', name='Candara', style='italic', variant='normal', weight=400, stretch='normal', size='scalable')) = 11.05
14:39:16 [DEBUG] matplotlib.font_manager: findfont: score(FontEntry(fname='C:\\Windows\\Fonts\\Dengl.ttf', name='DengXian', style='normal', variant='normal', weight=300, stretch='normal', size='scalable')) = 10.145
14:39:16 [DEBUG] matplotlib.font_manager: findfont: score(FontEntry(fname='C:\\Windows\\Fonts\\constan.ttf', name='Constantia', style='normal', variant='normal', weight=400, stretch='normal', size='scalable')) = 10.05
14:39:16 [DEBUG] matplotlib.font_manager: findfont: score(FontEntry(fname='C:\\Users\\Administrator\\AppData\\Local\\Microsoft\\Windows\\Fonts\\UbuntuMono[wght].ttf', name='Ubuntu Mono', style='normal', variant='normal', weight=400, stretch='normal', size='scalable')) = 10.05
14:39:16 [DEBUG] matplotlib.font_manager: findfont: score(FontEntry(fname='C:\\Windows\\Fonts\\taile.ttf', name='Microsoft Tai Le', style='normal', variant='normal', weight=400, stretch='normal', size='scalable')) = 10.05
14:39:16 [DEBUG] matplotlib.font_manager: findfont: score(FontEntry(fname='C:\\Windows\\Fonts\\corbel.ttf', name='Corbel', style='normal', variant='normal', weight=400, stretch='normal', size='scalable')) = 10.05
14:39:16 [DEBUG] matplotlib.font_manager: findfont: score(FontEntry(fname='C:\\Windows\\Fonts\\MSUIGHUB.TTF', name='Microsoft Uighur', style='normal', variant='normal', weight=700, stretch='normal', size='scalable')) = 10.335
14:39:16 [DEBUG] matplotlib.font_manager: findfont: score(FontEntry(fname='C:\\Windows\\Fonts\\msjhl.ttc', name='Microsoft JhengHei', style='normal', variant='normal', weight=290, stretch='normal', size='scalable')) = 10.1545
14:39:16 [DEBUG] matplotlib.font_manager: findfont: score(FontEntry(fname='C:\\Windows\\Fonts\\gadugi.ttf', name='Gadugi', style='normal', variant='normal', weight=400, stretch='normal', size='scalable')) = 10.05
14:39:16 [DEBUG] matplotlib.font_manager: findfont: score(FontEntry(fname='C:\\Windows\\Fonts\\LeelawUI.ttf', name='Leelawadee UI', style='normal', variant='normal', weight=400, stretch='normal', size='scalable')) = 10.05
14:39:16 [DEBUG] matplotlib.font_manager: findfont: score(FontEntry(fname='C:\\Windows\\Fonts\\framd.ttf', name='Franklin Gothic Medium', style='normal', variant='normal', weight=400, stretch='normal', size='scalable')) = 10.05
14:39:16 [DEBUG] matplotlib.font_manager: findfont: score(FontEntry(fname='C:\\Windows\\Fonts\\javatext.ttf', name='Javanese Text', style='normal', variant='normal', weight=400, stretch='normal', size='scalable')) = 10.05
14:39:16 [DEBUG] matplotlib.font_manager: findfont: score(FontEntry(fname='C:\\Windows\\Fonts\\NirmalaB.ttf', name='Nirmala UI', style='normal', variant='normal', weight=700, stretch='normal', size='scalable')) = 10.335
14:39:16 [DEBUG] matplotlib.font_manager: findfont: score(FontEntry(fname='C:\\Windows\\Fonts\\monbaiti.ttf', name='Mongolian Baiti', style='normal', variant='normal', weight=400, stretch='normal', size='scalable')) = 10.05
14:39:16 [DEBUG] matplotlib.font_manager: findfont: score(FontEntry(fname='C:\\Windows\\Fonts\\YuGothB.ttc', name='Yu Gothic', style='normal', variant='normal', weight=700, stretch='normal', size='scalable')) = 10.335
14:39:16 [DEBUG] matplotlib.font_manager: findfont: score(FontEntry(fname='C:\\Windows\\Fonts\\timesi.ttf', name='Times New Roman', style='italic', variant='normal', weight=400, stretch='normal', size='scalable')) = 11.05
14:39:16 [DEBUG] matplotlib.font_manager: findfont: score(FontEntry(fname='C:\\Windows\\Fonts\\YuGothL.ttc', name='Yu Gothic', style='normal', variant='normal', weight=300, stretch='normal', size='scalable')) = 10.145
14:39:16 [DEBUG] matplotlib.font_manager: findfont: score(FontEntry(fname='C:\\Windows\\Fonts\\framdit.ttf', name='Franklin Gothic Medium', style='italic', variant='normal', weight=400, stretch='normal', size='scalable')) = 11.05
14:39:16 [DEBUG] matplotlib.font_manager: findfont: score(FontEntry(fname='C:\\Windows\\Fonts\\SitkaVF-Italic.ttf', name='Sitka', style='italic', variant='normal', weight=400, stretch='normal', size='scalable')) = 11.05
14:39:16 [DEBUG] matplotlib.font_manager: findfont: score(FontEntry(fname='C:\\Windows\\Fonts\\BKANT.TTF', name='Book Antiqua', style='normal', variant='normal', weight=400, stretch='normal', size='scalable')) = 10.05
14:39:16 [DEBUG] matplotlib.font_manager: findfont: score(FontEntry(fname='C:\\Windows\\Fonts\\ntailu.ttf', name='Microsoft New Tai Lue', style='normal', variant='normal', weight=400, stretch='normal', size='scalable')) = 10.05
14:39:16 [DEBUG] matplotlib.font_manager: findfont: score(FontEntry(fname='C:\\Windows\\Fonts\\ebrima.ttf', name='Ebrima', style='normal', variant='normal', weight=400, stretch='normal', size='scalable')) = 10.05
14:39:16 [DEBUG] matplotlib.font_manager: findfont: score(FontEntry(fname='C:\\Windows\\Fonts\\seguisbi.ttf', name='Segoe UI', style='italic', variant='normal', weight=600, stretch='normal', size='scalable')) = 11.24
14:39:16 [DEBUG] matplotlib.font_manager: findfont: score(FontEntry(fname='C:\\Windows\\Fonts\\STLITI.TTF', name='STLiti', style='normal', variant='normal', weight=400, stretch='normal', size='scalable')) = 10.05
14:39:16 [DEBUG] matplotlib.font_manager: findfont: score(FontEntry(fname='C:\\Windows\\Fonts\\seguiemj.ttf', name='Segoe UI Emoji', style='normal', variant='normal', weight=400, stretch='normal', size='scalable')) = 10.05
14:39:16 [DEBUG] matplotlib.font_manager: findfont: score(FontEntry(fname='C:\\Windows\\Fonts\\Candara.ttf', name='Candara', style='normal', variant='normal', weight=400, stretch='normal', size='scalable')) = 10.05
14:39:16 [DEBUG] matplotlib.font_manager: findfont: score(FontEntry(fname='C:\\Windows\\Fonts\\seguibl.ttf', name='Segoe UI', style='normal', variant='normal', weight=900, stretch='normal', size='scalable')) = 10.525
14:39:16 [DEBUG] matplotlib.font_manager: findfont: score(FontEntry(fname='C:\\Windows\\Fonts\\NirmalaS.ttf', name='Nirmala UI', style='normal', variant='normal', weight=350, stretch='normal', size='scalable')) = 10.0975
14:39:16 [DEBUG] matplotlib.font_manager: findfont: score(FontEntry(fname='C:\\Windows\\Fonts\\segoeprb.ttf', name='Segoe Print', style='normal', variant='normal', weight=700, stretch='normal', size='scalable')) = 10.335
14:39:16 [DEBUG] matplotlib.font_manager: findfont: score(FontEntry(fname='C:\\Windows\\Fonts\\GOTHICBI.TTF', name='Century Gothic', style='italic', variant='normal', weight=700, stretch='normal', size='scalable')) = 11.335
14:39:16 [DEBUG] matplotlib.font_manager: findfont: score(FontEntry(fname='C:\\Windows\\Fonts\\cambriai.ttf', name='Cambria', style='italic', variant='normal', weight=400, stretch='normal', size='scalable')) = 11.05
14:39:16 [DEBUG] matplotlib.font_manager: findfont: score(FontEntry(fname='C:\\Windows\\Fonts\\CENTURY.TTF', name='Century', style='normal', variant='normal', weight=400, stretch='normal', size='scalable')) = 10.05
14:39:16 [DEBUG] matplotlib.font_manager: findfont: score(FontEntry(fname='C:\\Windows\\Fonts\\symbol.ttf', name='Symbol', style='normal', variant='normal', weight=400, stretch='normal', size='scalable')) = 10.05
14:39:16 [DEBUG] matplotlib.font_manager: findfont: score(FontEntry(fname='C:\\Windows\\Fonts\\msjh.ttc', name='Microsoft JhengHei', style='normal', variant='normal', weight=400, stretch='normal', size='scalable')) = 10.05
14:39:16 [DEBUG] matplotlib.font_manager: findfont: score(FontEntry(fname='C:\\Windows\\Fonts\\FREESCPT.TTF', name='Freestyle Script', style='normal', variant='normal', weight=400, stretch='normal', size='scalable')) = 10.05
14:39:16 [DEBUG] matplotlib.font_manager: findfont: score(FontEntry(fname='C:\\Windows\\Fonts\\timesbd.ttf', name='Times New Roman', style='normal', variant='normal', weight=700, stretch='normal', size='scalable')) = 10.335
14:39:16 [DEBUG] matplotlib.font_manager: findfont: score(FontEntry(fname='C:\\Windows\\Fonts\\MISTRAL.TTF', name='Mistral', style='normal', variant='normal', weight=400, stretch='normal', size='scalable')) = 10.05
14:39:16 [DEBUG] matplotlib.font_manager: findfont: score(FontEntry(fname='C:\\Windows\\Fonts\\ITCKRIST.TTF', name='Kristen ITC', style='normal', variant='normal', weight=400, stretch='normal', size='scalable')) = 10.05
14:39:16 [DEBUG] matplotlib.font_manager: findfont: score(FontEntry(fname='C:\\Windows\\Fonts\\ARIALNI.TTF', name='Arial', style='italic', variant='normal', weight=400, stretch='condensed', size='scalable')) = 11.25
14:39:16 [DEBUG] matplotlib.font_manager: findfont: score(FontEntry(fname='C:\\Windows\\Fonts\\mmrtextb.ttf', name='Myanmar Text', style='normal', variant='normal', weight=700, stretch='normal', size='scalable')) = 10.335
14:39:16 [DEBUG] matplotlib.font_manager: findfont: score(FontEntry(fname='C:\\Windows\\Fonts\\LeelUIsl.ttf', name='Leelawadee UI', style='normal', variant='normal', weight=350, stretch='normal', size='scalable')) = 10.0975
14:39:16 [DEBUG] matplotlib.font_manager: findfont: score(FontEntry(fname='C:\\Windows\\Fonts\\BRADHITC.TTF', name='Bradley Hand ITC', style='normal', variant='normal', weight=400, stretch='normal', size='scalable')) = 10.05
14:39:16 [DEBUG] matplotlib.font_manager: findfont: score(FontEntry(fname='C:\\Windows\\Fonts\\calibri.ttf', name='Calibri', style='normal', variant='normal', weight=400, stretch='normal', size='scalable')) = 10.05
14:39:16 [DEBUG] matplotlib.font_manager: findfont: score(FontEntry(fname='C:\\Windows\\Fonts\\Deng.ttf', name='DengXian', style='normal', variant='normal', weight=400, stretch='normal', size='scalable')) = 10.05
14:39:16 [DEBUG] matplotlib.font_manager: findfont: score(FontEntry(fname='C:\\Windows\\Fonts\\STKAITI.TTF', name='STKaiti', style='normal', variant='normal', weight=400, stretch='normal', size='scalable')) = 10.05
14:39:16 [DEBUG] matplotlib.font_manager: findfont: score(FontEntry(fname='C:\\Windows\\Fonts\\Inkfree.ttf', name='Ink Free', style='normal', variant='normal', weight=400, stretch='normal', size='scalable')) = 10.05
14:39:16 [DEBUG] matplotlib.font_manager: findfont: score(FontEntry(fname='C:\\Windows\\Fonts\\msjhbd.ttc', name='Microsoft JhengHei', style='normal', variant='normal', weight=700, stretch='normal', size='scalable')) = 10.335
14:39:16 [DEBUG] matplotlib.font_manager: findfont: score(FontEntry(fname='C:\\Windows\\Fonts\\simhei.ttf', name='SimHei', style='normal', variant='normal', weight=400, stretch='normal', size='scalable')) = 0.05
14:39:16 [DEBUG] matplotlib.font_manager: findfont: score(FontEntry(fname='C:\\Windows\\Fonts\\STZHONGS.TTF', name='STZhongsong', style='normal', variant='normal', weight=400, stretch='normal', size='scalable')) = 10.05
14:39:16 [DEBUG] matplotlib.font_manager: findfont: score(FontEntry(fname='C:\\Windows\\Fonts\\georgiai.ttf', name='Georgia', style='italic', variant='normal', weight=400, stretch='normal', size='scalable')) = 11.05
14:39:16 [DEBUG] matplotlib.font_manager: findfont: score(FontEntry(fname='C:\\Windows\\Fonts\\calibriz.ttf', name='Calibri', style='italic', variant='normal', weight=700, stretch='normal', size='scalable')) = 11.335
14:39:16 [DEBUG] matplotlib.font_manager: findfont: score(FontEntry(fname='C:\\Windows\\Fonts\\comicz.ttf', name='Comic Sans MS', style='italic', variant='normal', weight=700, stretch='normal', size='scalable')) = 11.335
14:39:16 [DEBUG] matplotlib.font_manager: findfont: score(FontEntry(fname='C:\\Windows\\Fonts\\impact.ttf', name='Impact', style='normal', variant='normal', weight=400, stretch='normal', size='scalable')) = 10.05
14:39:16 [DEBUG] matplotlib.font_manager: findfont: score(FontEntry(fname='C:\\Windows\\Fonts\\pala.ttf', name='Palatino Linotype', style='normal', variant='normal', weight=400, stretch='normal', size='scalable')) = 10.05
14:39:16 [DEBUG] matplotlib.font_manager: findfont: score(FontEntry(fname='C:\\Windows\\Fonts\\Candarai.ttf', name='Candara', style='italic', variant='normal', weight=400, stretch='normal', size='scalable')) = 11.05
14:39:16 [DEBUG] matplotlib.font_manager: findfont: score(FontEntry(fname='C:\\Windows\\Fonts\\consolai.ttf', name='Consolas', style='italic', variant='normal', weight=400, stretch='normal', size='scalable')) = 11.05
14:39:16 [DEBUG] matplotlib.font_manager: findfont: score(FontEntry(fname='C:\\Windows\\Fonts\\msyh.ttc', name='Microsoft YaHei', style='normal', variant='normal', weight=400, stretch='normal', size='scalable')) = 2.05
14:39:16 [DEBUG] matplotlib.font_manager: findfont: score(FontEntry(fname='C:\\Windows\\Fonts\\STHUPO.TTF', name='STHupo', style='normal', variant='normal', weight=400, stretch='normal', size='scalable')) = 10.05
14:39:16 [DEBUG] matplotlib.font_manager: findfont: score(FontEntry(fname='C:\\Windows\\Fonts\\GARA.TTF', name='Garamond', style='normal', variant='normal', weight=400, stretch='normal', size='scalable')) = 10.05
14:39:16 [DEBUG] matplotlib.font_manager: findfont: score(FontEntry(fname='C:\\Windows\\Fonts\\arial.ttf', name='Arial', style='normal', variant='normal', weight=400, stretch='normal', size='scalable')) = 10.05
14:39:16 [DEBUG] matplotlib.font_manager: findfont: score(FontEntry(fname='C:\\Windows\\Fonts\\georgiaz.ttf', name='Georgia', style='italic', variant='normal', weight=700, stretch='normal', size='scalable')) = 11.335
14:39:16 [DEBUG] matplotlib.font_manager: findfont: score(FontEntry(fname='C:\\Windows\\Fonts\\trebucbi.ttf', name='Trebuchet MS', style='italic', variant='normal', weight=700, stretch='normal', size='scalable')) = 11.335
14:39:16 [DEBUG] matplotlib.font_manager: findfont: score(FontEntry(fname='C:\\Windows\\Fonts\\simsun.ttc', name='SimSun', style='normal', variant='normal', weight=400, stretch='normal', size='scalable')) = 10.05
14:39:16 [DEBUG] matplotlib.font_manager: findfont: score(FontEntry(fname='C:\\Windows\\Fonts\\mmrtext.ttf', name='Myanmar Text', style='normal', variant='normal', weight=400, stretch='normal', size='scalable')) = 10.05
14:39:16 [DEBUG] matplotlib.font_manager: findfont: score(FontEntry(fname='C:\\Windows\\Fonts\\palai.ttf', name='Palatino Linotype', style='italic', variant='normal', weight=400, stretch='normal', size='scalable')) = 11.05
14:39:16 [DEBUG] matplotlib.font_manager: findfont: score(FontEntry(fname='C:\\Windows\\Fonts\\trebucit.ttf', name='Trebuchet MS', style='italic', variant='normal', weight=400, stretch='normal', size='scalable')) = 11.05
14:39:16 [DEBUG] matplotlib.font_manager: findfont: score(FontEntry(fname='C:\\Windows\\Fonts\\GARABD.TTF', name='Garamond', style='normal', variant='normal', weight=700, stretch='normal', size='scalable')) = 10.335
14:39:16 [DEBUG] matplotlib.font_manager: findfont: score(FontEntry(fname='C:\\Windows\\Fonts\\ANTQUAI.TTF', name='Book Antiqua', style='italic', variant='normal', weight=400, stretch='normal', size='scalable')) = 11.05
14:39:16 [DEBUG] matplotlib.font_manager: findfont: score(FontEntry(fname='C:\\Windows\\Fonts\\corbelz.ttf', name='Corbel', style='italic', variant='normal', weight=700, stretch='normal', size='scalable')) = 11.335
14:39:16 [DEBUG] matplotlib.font_manager: findfont: score(FontEntry(fname='C:\\Windows\\Fonts\\gadugib.ttf', name='Gadugi', style='normal', variant='normal', weight=700, stretch='normal', size='scalable')) = 10.335
14:39:16 [DEBUG] matplotlib.font_manager: findfont: score(FontEntry(fname='C:\\Windows\\Fonts\\ANTQUAB.TTF', name='Book Antiqua', style='normal', variant='normal', weight=700, stretch='normal', size='scalable')) = 10.335
14:39:16 [DEBUG] matplotlib.font_manager: findfont: score(FontEntry(fname='C:\\Windows\\Fonts\\courbd.ttf', name='Courier New', style='normal', variant='normal', weight=700, stretch='normal', size='scalable')) = 10.335
14:39:16 [DEBUG] matplotlib.font_manager: findfont: score(FontEntry(fname='C:\\Windows\\Fonts\\courbi.ttf', name='Courier New', style='italic', variant='normal', weight=700, stretch='normal', size='scalable')) = 11.335
14:39:16 [DEBUG] matplotlib.font_manager: findfont: score(FontEntry(fname='C:\\Windows\\Fonts\\himalaya.ttf', name='Microsoft Himalaya', style='normal', variant='normal', weight=400, stretch='normal', size='scalable')) = 10.05
14:39:16 [DEBUG] matplotlib.font_manager: findfont: score(FontEntry(fname='C:\\Windows\\Fonts\\GOTHICB.TTF', name='Century Gothic', style='normal', variant='normal', weight=700, stretch='normal', size='scalable')) = 10.335
14:39:16 [DEBUG] matplotlib.font_manager: findfont: score(FontEntry(fname='C:\\Windows\\Fonts\\cambriab.ttf', name='Cambria', style='normal', variant='normal', weight=700, stretch='normal', size='scalable')) = 10.335
14:39:16 [DEBUG] matplotlib.font_manager: findfont: score(FontEntry(fname='C:\\Windows\\Fonts\\STCAIYUN.TTF', name='STCaiyun', style='normal', variant='normal', weight=400, stretch='normal', size='scalable')) = 10.05
14:39:16 [DEBUG] matplotlib.font_manager: findfont: score(FontEntry(fname='C:\\Windows\\Fonts\\REFSPCL.TTF', name='MS Reference Specialty', style='normal', variant='normal', weight=400, stretch='normal', size='scalable')) = 10.05
14:39:16 [DEBUG] matplotlib.font_manager: findfont: score(FontEntry(fname='C:\\Windows\\Fonts\\GARAIT.TTF', name='Garamond', style='italic', variant='normal', weight=400, stretch='normal', size='scalable')) = 11.05
14:39:16 [DEBUG] matplotlib.font_manager: findfont: score(FontEntry(fname='C:\\Windows\\Fonts\\constanz.ttf', name='Constantia', style='italic', variant='normal', weight=700, stretch='normal', size='scalable')) = 11.335
14:39:16 [DEBUG] matplotlib.font_manager: findfont: score(FontEntry(fname='C:\\Windows\\Fonts\\SIMLI.TTF', name='LiSu', style='normal', variant='normal', weight=400, stretch='normal', size='scalable')) = 10.05
14:39:16 [DEBUG] matplotlib.font_manager: findfont: score(FontEntry(fname='C:\\Windows\\Fonts\\cour.ttf', name='Courier New', style='normal', variant='normal', weight=400, stretch='normal', size='scalable')) = 10.05
14:39:16 [DEBUG] matplotlib.font_manager: findfont: score(FontEntry(fname='C:\\Windows\\Fonts\\MTCORSVA.TTF', name='Monotype Corsiva', style='normal', variant='normal', weight=400, stretch='normal', size='scalable')) = 10.05
14:39:16 [DEBUG] matplotlib.font_manager: findfont: score(FontEntry(fname='C:\\Windows\\Fonts\\simkai.ttf', name='KaiTi', style='normal', variant='normal', weight=400, stretch='normal', size='scalable')) = 10.05
14:39:16 [DEBUG] matplotlib.font_manager: findfont: score(FontEntry(fname='C:\\Windows\\Fonts\\segoeuil.ttf', name='Segoe UI', style='normal', variant='normal', weight=300, stretch='normal', size='scalable')) = 10.145
14:39:16 [DEBUG] matplotlib.font_manager: findfont: score(FontEntry(fname='C:\\Windows\\Fonts\\consolab.ttf', name='Consolas', style='normal', variant='normal', weight=700, stretch='normal', size='scalable')) = 10.335
14:39:16 [DEBUG] matplotlib.font_manager: findfont: score(FontEntry(fname='C:\\Windows\\Fonts\\segoesc.ttf', name='Segoe Script', style='normal', variant='normal', weight=400, stretch='normal', size='scalable')) = 10.05
14:39:16 [DEBUG] matplotlib.font_manager: findfont: score(FontEntry(fname='C:\\Windows\\Fonts\\ARIALN.TTF', name='Arial', style='normal', variant='normal', weight=400, stretch='condensed', size='scalable')) = 10.25
14:39:16 [DEBUG] matplotlib.font_manager: findfont: score(FontEntry(fname='C:\\Windows\\Fonts\\verdana.ttf', name='Verdana', style='normal', variant='normal', weight=400, stretch='normal', size='scalable')) = 10.05
14:39:16 [DEBUG] matplotlib.font_manager: findfont: score(FontEntry(fname='C:\\Windows\\Fonts\\DUBAI-BOLD.TTF', name='Dubai', style='normal', variant='normal', weight=700, stretch='normal', size='scalable')) = 10.335
14:39:16 [DEBUG] matplotlib.font_manager: findfont: score(FontEntry(fname='C:\\Windows\\Fonts\\BOOKOSI.TTF', name='Bookman Old Style', style='italic', variant='normal', weight=300, stretch='normal', size='scalable')) = 11.145
14:39:16 [DEBUG] matplotlib.font_manager: findfont: score(FontEntry(fname='C:\\Windows\\Fonts\\TEMPSITC.TTF', name='Tempus Sans ITC', style='normal', variant='normal', weight=400, stretch='normal', size='scalable')) = 10.05
14:39:16 [DEBUG] matplotlib.font_manager: findfont: score(FontEntry(fname='C:\\Windows\\Fonts\\palabi.ttf', name='Palatino Linotype', style='italic', variant='normal', weight=700, stretch='normal', size='scalable')) = 11.335
14:39:16 [DEBUG] matplotlib.font_manager: findfont: score(FontEntry(fname='C:\\Windows\\Fonts\\corbeli.ttf', name='Corbel', style='italic', variant='normal', weight=400, stretch='normal', size='scalable')) = 11.05
14:39:16 [DEBUG] matplotlib.font_manager: findfont: score(FontEntry(fname='C:\\Windows\\Fonts\\msyhbd.ttc', name='Microsoft YaHei', style='normal', variant='normal', weight=700, stretch='normal', size='scalable')) = 2.335
14:39:16 [DEBUG] matplotlib.font_manager: findfont: score(FontEntry(fname='C:\\Windows\\Fonts\\corbelb.ttf', name='Corbel', style='normal', variant='normal', weight=700, stretch='normal', size='scalable')) = 10.335
14:39:16 [DEBUG] matplotlib.font_manager: findfont: score(FontEntry(fname='C:\\Windows\\Fonts\\Candaral.ttf', name='Candara', style='normal', variant='normal', weight=400, stretch='normal', size='scalable')) = 10.05
14:39:16 [DEBUG] matplotlib.font_manager: findfont: score(FontEntry(fname='C:\\Windows\\Fonts\\bahnschrift.ttf', name='Bahnschrift', style='normal', variant='normal', weight=400, stretch='normal', size='scalable')) = 10.05
14:39:16 [DEBUG] matplotlib.font_manager: findfont: score(FontEntry(fname='C:\\Windows\\Fonts\\mingliub.ttc', name='MingLiU-ExtB', style='normal', variant='normal', weight=400, stretch='normal', size='scalable')) = 10.05
14:39:16 [DEBUG] matplotlib.font_manager: findfont: score(FontEntry(fname='C:\\Windows\\Fonts\\YuGothR.ttc', name='Yu Gothic', style='normal', variant='normal', weight=400, stretch='normal', size='scalable')) = 10.05
14:39:16 [DEBUG] matplotlib.font_manager: findfont: score(FontEntry(fname='C:\\Windows\\Fonts\\segoeuiz.ttf', name='Segoe UI', style='italic', variant='normal', weight=700, stretch='normal', size='scalable')) = 11.335
14:39:16 [DEBUG] matplotlib.font_manager: findfont: score(FontEntry(fname='C:\\Windows\\Fonts\\phagspa.ttf', name='Microsoft PhagsPa', style='normal', variant='normal', weight=400, stretch='normal', size='scalable')) = 10.05
14:39:16 [DEBUG] matplotlib.font_manager: findfont: score(FontEntry(fname='C:\\Windows\\Fonts\\segoeuib.ttf', name='Segoe UI', style='normal', variant='normal', weight=700, stretch='normal', size='scalable')) = 10.335
14:39:16 [DEBUG] matplotlib.font_manager: findfont: score(FontEntry(fname='C:\\Windows\\Fonts\\georgiab.ttf', name='Georgia', style='normal', variant='normal', weight=700, stretch='normal', size='scalable')) = 10.335
14:39:16 [DEBUG] matplotlib.font_manager: findfont: score(FontEntry(fname='C:\\Windows\\Fonts\\ebrimabd.ttf', name='Ebrima', style='normal', variant='normal', weight=700, stretch='normal', size='scalable')) = 10.335
14:39:16 [DEBUG] matplotlib.font_manager: findfont: score(FontEntry(fname='C:\\Windows\\Fonts\\constani.ttf', name='Constantia', style='italic', variant='normal', weight=400, stretch='normal', size='scalable')) = 11.05
14:39:16 [DEBUG] matplotlib.font_manager: findfont: score(FontEntry(fname='C:\\Windows\\Fonts\\segmdl2.ttf', name='Segoe MDL2 Assets', style='normal', variant='normal', weight=400, stretch='normal', size='scalable')) = 10.05
14:39:16 [DEBUG] matplotlib.font_manager: findfont: score(FontEntry(fname='C:\\Windows\\Fonts\\BOOKOSBI.TTF', name='Bookman Old Style', style='italic', variant='normal', weight=600, stretch='normal', size='scalable')) = 11.24
14:39:16 [DEBUG] matplotlib.font_manager: findfont: score(FontEntry(fname='C:\\Windows\\Fonts\\corbelli.ttf', name='Corbel', style='italic', variant='normal', weight=300, stretch='normal', size='scalable')) = 11.145
14:39:16 [DEBUG] matplotlib.font_manager: findfont: score(FontEntry(fname='C:\\Windows\\Fonts\\SegoeIcons.ttf', name='Segoe Fluent Icons', style='normal', variant='normal', weight=400, stretch='normal', size='scalable')) = 10.05
14:39:16 [DEBUG] matplotlib.font_manager: findfont: score(FontEntry(fname='C:\\Windows\\Fonts\\BSSYM7.TTF', name='Bookshelf Symbol 7', style='normal', variant='normal', weight=400, stretch='normal', size='scalable')) = 10.05
14:39:16 [DEBUG] matplotlib.font_manager: findfont: score(FontEntry(fname='C:\\Windows\\Fonts\\DUBAI-REGULAR.TTF', name='Dubai', style='normal', variant='normal', weight=400, stretch='normal', size='scalable')) = 10.05
14:39:16 [DEBUG] matplotlib.font_manager: findfont: score(FontEntry(fname='C:\\Windows\\Fonts\\ariblk.ttf', name='Arial', style='normal', variant='normal', weight=900, stretch='normal', size='scalable')) = 10.525
14:39:16 [DEBUG] matplotlib.font_manager: findfont: score(FontEntry(fname='C:\\Windows\\Fonts\\ARIALNB.TTF', name='Arial', style='normal', variant='normal', weight=700, stretch='condensed', size='scalable')) = 10.535
14:39:16 [DEBUG] matplotlib.font_manager: findfont: score(FontEntry(fname='C:\\Windows\\Fonts\\WINGDNG2.TTF', name='Wingdings 2', style='normal', variant='normal', weight=400, stretch='normal', size='scalable')) = 10.05
14:39:16 [DEBUG] matplotlib.font_manager: findfont: score(FontEntry(fname='C:\\Windows\\Fonts\\Nirmala.ttf', name='Nirmala UI', style='normal', variant='normal', weight=400, stretch='normal', size='scalable')) = 10.05
14:39:16 [DEBUG] matplotlib.font_manager: findfont: score(FontEntry(fname='C:\\Windows\\Fonts\\YuGothM.ttc', name='Yu Gothic', style='normal', variant='normal', weight=500, stretch='normal', size='scalable')) = 10.145
14:39:16 [DEBUG] matplotlib.font_manager: findfont: score(FontEntry(fname='C:\\Windows\\Fonts\\calibrib.ttf', name='Calibri', style='normal', variant='normal', weight=700, stretch='normal', size='scalable')) = 10.335
14:39:16 [DEBUG] matplotlib.font_manager: findfont: score(FontEntry(fname='C:\\Windows\\Fonts\\STXINGKA.TTF', name='STXingkai', style='normal', variant='normal', weight=400, stretch='normal', size='scalable')) = 10.05
14:39:16 [DEBUG] matplotlib.font_manager: findfont: score(FontEntry(fname='C:\\Windows\\Fonts\\arialbd.ttf', name='Arial', style='normal', variant='normal', weight=700, stretch='normal', size='scalable')) = 10.335
14:39:16 [DEBUG] matplotlib.font_manager: findfont: score(FontEntry(fname='C:\\Windows\\Fonts\\DUBAI-MEDIUM.TTF', name='Dubai', style='normal', variant='normal', weight=500, stretch='normal', size='scalable')) = 10.145
14:39:16 [DEBUG] matplotlib.font_manager: findfont: score(FontEntry(fname='C:\\Windows\\Fonts\\calibrii.ttf', name='Calibri', style='italic', variant='normal', weight=400, stretch='normal', size='scalable')) = 11.05
14:39:16 [DEBUG] matplotlib.font_manager: findfont: score(FontEntry(fname='C:\\Windows\\Fonts\\trebucbd.ttf', name='Trebuchet MS', style='normal', variant='normal', weight=700, stretch='normal', size='scalable')) = 10.335
14:39:16 [DEBUG] matplotlib.font_manager: findfont: score(FontEntry(fname='C:\\Windows\\Fonts\\verdanab.ttf', name='Verdana', style='normal', variant='normal', weight=700, stretch='normal', size='scalable')) = 10.335
14:39:16 [DEBUG] matplotlib.font_manager: findfont: score(FontEntry(fname='C:\\Windows\\Fonts\\REFSAN.TTF', name='MS Reference Sans Serif', style='normal', variant='normal', weight=400, stretch='normal', size='scalable')) = 10.05
14:39:16 [DEBUG] matplotlib.font_manager: findfont: score(FontEntry(fname='C:\\Windows\\Fonts\\l_10646.ttf', name='Lucida Sans Unicode', style='normal', variant='normal', weight=400, stretch='normal', size='scalable')) = 10.05
14:39:16 [DEBUG] matplotlib.font_manager: findfont: score(FontEntry(fname='C:\\Windows\\Fonts\\arialbi.ttf', name='Arial', style='italic', variant='normal', weight=700, stretch='normal', size='scalable')) = 11.335
14:39:16 [DEBUG] matplotlib.font_manager: findfont: score(FontEntry(fname='C:\\Windows\\Fonts\\LEELAWDB.TTF', name='Leelawadee', style='normal', variant='normal', weight=700, stretch='normal', size='scalable')) = 10.335
14:39:16 [DEBUG] matplotlib.font_manager: findfont: score(FontEntry(fname='C:\\Windows\\Fonts\\georgia.ttf', name='Georgia', style='normal', variant='normal', weight=400, stretch='normal', size='scalable')) = 10.05
14:39:16 [DEBUG] matplotlib.font_manager: findfont: score(FontEntry(fname='C:\\Windows\\Fonts\\tahoma.ttf', name='Tahoma', style='normal', variant='normal', weight=400, stretch='normal', size='scalable')) = 10.05
14:39:16 [DEBUG] matplotlib.font_manager: findfont: score(FontEntry(fname='C:\\Windows\\Fonts\\FRSCRIPT.TTF', name='French Script MT', style='normal', variant='normal', weight=400, stretch='normal', size='scalable')) = 10.05
14:39:16 [DEBUG] matplotlib.font_manager: findfont: score(FontEntry(fname='C:\\Windows\\Fonts\\GOTHICI.TTF', name='Century Gothic', style='italic', variant='normal', weight=400, stretch='normal', size='scalable')) = 11.05
14:39:16 [DEBUG] matplotlib.font_manager: findfont: score(FontEntry(fname='C:\\Windows\\Fonts\\segoescb.ttf', name='Segoe Script', style='normal', variant='normal', weight=700, stretch='normal', size='scalable')) = 10.335
14:39:16 [DEBUG] matplotlib.font_manager: findfont: score(FontEntry(fname='C:\\Windows\\Fonts\\PRISTINA.TTF', name='Pristina', style='normal', variant='normal', weight=400, stretch='normal', size='scalable')) = 10.05
14:39:16 [DEBUG] matplotlib.font_manager: findfont: score(FontEntry(fname='C:\\Windows\\Fonts\\sylfaen.ttf', name='Sylfaen', style='normal', variant='normal', weight=400, stretch='normal', size='scalable')) = 10.05
14:39:16 [DEBUG] matplotlib.font_manager: findfont: score(FontEntry(fname='C:\\Windows\\Fonts\\ntailub.ttf', name='Microsoft New Tai Lue', style='normal', variant='normal', weight=700, stretch='normal', size='scalable')) = 10.335
14:39:16 [DEBUG] matplotlib.font_manager: findfont: score(FontEntry(fname='C:\\Windows\\Fonts\\seguisli.ttf', name='Segoe UI', style='italic', variant='normal', weight=350, stretch='normal', size='scalable')) = 11.0975
14:39:16 [DEBUG] matplotlib.font_manager: findfont: score(FontEntry(fname='C:\\Windows\\Fonts\\verdanaz.ttf', name='Verdana', style='italic', variant='normal', weight=700, stretch='normal', size='scalable')) = 11.335
14:39:16 [DEBUG] matplotlib.font_manager: findfont: score(FontEntry(fname='C:\\Windows\\Fonts\\webdings.ttf', name='Webdings', style='normal', variant='normal', weight=400, stretch='normal', size='scalable')) = 10.05
14:39:16 [DEBUG] matplotlib.font_manager: findfont: score(FontEntry(fname='C:\\Windows\\Fonts\\PAPYRUS.TTF', name='Papyrus', style='normal', variant='normal', weight=400, stretch='normal', size='scalable')) = 10.05
14:39:16 [DEBUG] matplotlib.font_manager: findfont: Matching sans\-serif:style=normal:variant=normal:weight=normal:stretch=normal:size=8.0 to SimHei ('C:\\Windows\\Fonts\\simhei.ttf') with score of 0.050000.
14:39:16 [DEBUG] matplotlib.font_manager: findfont: Matching sans\-serif:style=normal:variant=normal:weight=bold:stretch=normal:size=14.0.
14:39:16 [DEBUG] matplotlib.font_manager: findfont: score(FontEntry(fname='C:\\Users\\Administrator\\AppData\\Local\\Programs\\Python\\Python313\\Lib\\site-packages\\matplotlib\\mpl-data\\fonts\\ttf\\STIXSizFourSymReg.ttf', name='STIXSizeFourSym', style='normal', variant='normal', weight=400, stretch='normal', size='scalable')) = 10.335
14:39:16 [DEBUG] matplotlib.font_manager: findfont: score(FontEntry(fname='C:\\Users\\Administrator\\AppData\\Local\\Programs\\Python\\Python313\\Lib\\site-packages\\matplotlib\\mpl-data\\fonts\\ttf\\DejaVuSans-Oblique.ttf', name='DejaVu Sans', style='oblique', variant='normal', weight=400, stretch='normal', size='scalable')) = 9.335
14:39:16 [DEBUG] matplotlib.font_manager: findfont: score(FontEntry(fname='C:\\Users\\Administrator\\AppData\\Local\\Programs\\Python\\Python313\\Lib\\site-packages\\matplotlib\\mpl-data\\fonts\\ttf\\STIXGeneral.ttf', name='STIXGeneral', style='normal', variant='normal', weight=400, stretch='normal', size='scalable')) = 10.335
14:39:16 [DEBUG] matplotlib.font_manager: findfont: score(FontEntry(fname='C:\\Users\\Administrator\\AppData\\Local\\Programs\\Python\\Python313\\Lib\\site-packages\\matplotlib\\mpl-data\\fonts\\ttf\\STIXSizTwoSymBol.ttf', name='STIXSizeTwoSym', style='normal', variant='normal', weight=700, stretch='normal', size='scalable')) = 10.05
14:39:16 [DEBUG] matplotlib.font_manager: findfont: score(FontEntry(fname='C:\\Users\\Administrator\\AppData\\Local\\Programs\\Python\\Python313\\Lib\\site-packages\\matplotlib\\mpl-data\\fonts\\ttf\\STIXSizTwoSymReg.ttf', name='STIXSizeTwoSym', style='normal', variant='normal', weight=400, stretch='normal', size='scalable')) = 10.335
14:39:16 [DEBUG] matplotlib.font_manager: findfont: score(FontEntry(fname='C:\\Users\\Administrator\\AppData\\Local\\Programs\\Python\\Python313\\Lib\\site-packages\\matplotlib\\mpl-data\\fonts\\ttf\\DejaVuSansDisplay.ttf', name='DejaVu Sans Display', style='normal', variant='normal', weight=400, stretch='normal', size='scalable')) = 10.335
14:39:16 [DEBUG] matplotlib.font_manager: findfont: score(FontEntry(fname='C:\\Users\\Administrator\\AppData\\Local\\Programs\\Python\\Python313\\Lib\\site-packages\\matplotlib\\mpl-data\\fonts\\ttf\\cmsy10.ttf', name='cmsy10', style='normal', variant='normal', weight=400, stretch='normal', size='scalable')) = 10.335
14:39:16 [DEBUG] matplotlib.font_manager: findfont: score(FontEntry(fname='C:\\Users\\Administrator\\AppData\\Local\\Programs\\Python\\Python313\\Lib\\site-packages\\matplotlib\\mpl-data\\fonts\\ttf\\cmss10.ttf', name='cmss10', style='normal', variant='normal', weight=400, stretch='normal', size='scalable')) = 10.335
14:39:16 [DEBUG] matplotlib.font_manager: findfont: score(FontEntry(fname='C:\\Users\\Administrator\\AppData\\Local\\Programs\\Python\\Python313\\Lib\\site-packages\\matplotlib\\mpl-data\\fonts\\ttf\\cmtt10.ttf', name='cmtt10', style='normal', variant='normal', weight=400, stretch='normal', size='scalable')) = 10.335
14:39:16 [DEBUG] matplotlib.font_manager: findfont: score(FontEntry(fname='C:\\Users\\Administrator\\AppData\\Local\\Programs\\Python\\Python313\\Lib\\site-packages\\matplotlib\\mpl-data\\fonts\\ttf\\STIXNonUniIta.ttf', name='STIXNonUnicode', style='italic', variant='normal', weight=400, stretch='normal', size='scalable')) = 11.335
14:39:16 [DEBUG] matplotlib.font_manager: findfont: score(FontEntry(fname='C:\\Users\\Administrator\\AppData\\Local\\Programs\\Python\\Python313\\Lib\\site-packages\\matplotlib\\mpl-data\\fonts\\ttf\\DejaVuSansMono.ttf', name='DejaVu Sans Mono', style='normal', variant='normal', weight=400, stretch='normal', size='scalable')) = 10.335
14:39:16 [DEBUG] matplotlib.font_manager: findfont: score(FontEntry(fname='C:\\Users\\Administrator\\AppData\\Local\\Programs\\Python\\Python313\\Lib\\site-packages\\matplotlib\\mpl-data\\fonts\\ttf\\STIXSizOneSymBol.ttf', name='STIXSizeOneSym', style='normal', variant='normal', weight=700, stretch='normal', size='scalable')) = 10.05
14:39:16 [DEBUG] matplotlib.font_manager: findfont: score(FontEntry(fname='C:\\Users\\Administrator\\AppData\\Local\\Programs\\Python\\Python313\\Lib\\site-packages\\matplotlib\\mpl-data\\fonts\\ttf\\STIXGeneralItalic.ttf', name='STIXGeneral', style='italic', variant='normal', weight=400, stretch='normal', size='scalable')) = 11.335
14:39:16 [DEBUG] matplotlib.font_manager: findfont: score(FontEntry(fname='C:\\Users\\Administrator\\AppData\\Local\\Programs\\Python\\Python313\\Lib\\site-packages\\matplotlib\\mpl-data\\fonts\\ttf\\STIXSizThreeSymReg.ttf', name='STIXSizeThreeSym', style='normal', variant='normal', weight=400, stretch='normal', size='scalable')) = 10.335
14:39:16 [DEBUG] matplotlib.font_manager: findfont: score(FontEntry(fname='C:\\Users\\Administrator\\AppData\\Local\\Programs\\Python\\Python313\\Lib\\site-packages\\matplotlib\\mpl-data\\fonts\\ttf\\STIXSizThreeSymBol.ttf', name='STIXSizeThreeSym', style='normal', variant='normal', weight=700, stretch='normal', size='scalable')) = 10.05
14:39:16 [DEBUG] matplotlib.font_manager: findfont: score(FontEntry(fname='C:\\Users\\Administrator\\AppData\\Local\\Programs\\Python\\Python313\\Lib\\site-packages\\matplotlib\\mpl-data\\fonts\\ttf\\DejaVuSerif-Bold.ttf', name='DejaVu Serif', style='normal', variant='normal', weight=700, stretch='normal', size='scalable')) = 10.05
14:39:16 [DEBUG] matplotlib.font_manager: findfont: score(FontEntry(fname='C:\\Users\\Administrator\\AppData\\Local\\Programs\\Python\\Python313\\Lib\\site-packages\\matplotlib\\mpl-data\\fonts\\ttf\\DejaVuSansMono-Oblique.ttf', name='DejaVu Sans Mono', style='oblique', variant='normal', weight=400, stretch='normal', size='scalable')) = 11.335
14:39:16 [DEBUG] matplotlib.font_manager: findfont: score(FontEntry(fname='C:\\Users\\Administrator\\AppData\\Local\\Programs\\Python\\Python313\\Lib\\site-packages\\matplotlib\\mpl-data\\fonts\\ttf\\DejaVuSansMono-BoldOblique.ttf', name='DejaVu Sans Mono', style='oblique', variant='normal', weight=700, stretch='normal', size='scalable')) = 11.05
14:39:16 [DEBUG] matplotlib.font_manager: findfont: score(FontEntry(fname='C:\\Users\\Administrator\\AppData\\Local\\Programs\\Python\\Python313\\Lib\\site-packages\\matplotlib\\mpl-data\\fonts\\ttf\\DejaVuSerif.ttf', name='DejaVu Serif', style='normal', variant='normal', weight=400, stretch='normal', size='scalable')) = 10.335
14:39:16 [DEBUG] matplotlib.font_manager: findfont: score(FontEntry(fname='C:\\Users\\Administrator\\AppData\\Local\\Programs\\Python\\Python313\\Lib\\site-packages\\matplotlib\\mpl-data\\fonts\\ttf\\DejaVuSansMono-Bold.ttf', name='DejaVu Sans Mono', style='normal', variant='normal', weight=700, stretch='normal', size='scalable')) = 10.05
14:39:16 [DEBUG] matplotlib.font_manager: findfont: score(FontEntry(fname='C:\\Users\\Administrator\\AppData\\Local\\Programs\\Python\\Python313\\Lib\\site-packages\\matplotlib\\mpl-data\\fonts\\ttf\\cmex10.ttf', name='cmex10', style='normal', variant='normal', weight=400, stretch='normal', size='scalable')) = 10.335
14:39:16 [DEBUG] matplotlib.font_manager: findfont: score(FontEntry(fname='C:\\Users\\Administrator\\AppData\\Local\\Programs\\Python\\Python313\\Lib\\site-packages\\matplotlib\\mpl-data\\fonts\\ttf\\cmr10.ttf', name='cmr10', style='normal', variant='normal', weight=400, stretch='normal', size='scalable')) = 10.335
14:39:16 [DEBUG] matplotlib.font_manager: findfont: score(FontEntry(fname='C:\\Users\\Administrator\\AppData\\Local\\Programs\\Python\\Python313\\Lib\\site-packages\\matplotlib\\mpl-data\\fonts\\ttf\\STIXNonUniBolIta.ttf', name='STIXNonUnicode', style='italic', variant='normal', weight=700, stretch='normal', size='scalable')) = 11.05
14:39:16 [DEBUG] matplotlib.font_manager: findfont: score(FontEntry(fname='C:\\Users\\Administrator\\AppData\\Local\\Programs\\Python\\Python313\\Lib\\site-packages\\matplotlib\\mpl-data\\fonts\\ttf\\DejaVuSerif-Italic.ttf', name='DejaVu Serif', style='italic', variant='normal', weight=400, stretch='normal', size='scalable')) = 11.335
14:39:16 [DEBUG] matplotlib.font_manager: findfont: score(FontEntry(fname='C:\\Users\\Administrator\\AppData\\Local\\Programs\\Python\\Python313\\Lib\\site-packages\\matplotlib\\mpl-data\\fonts\\ttf\\DejaVuSans-Bold.ttf', name='DejaVu Sans', style='normal', variant='normal', weight=700, stretch='normal', size='scalable')) = 8.05
14:39:16 [DEBUG] matplotlib.font_manager: findfont: score(FontEntry(fname='C:\\Users\\Administrator\\AppData\\Local\\Programs\\Python\\Python313\\Lib\\site-packages\\matplotlib\\mpl-data\\fonts\\ttf\\STIXSizOneSymReg.ttf', name='STIXSizeOneSym', style='normal', variant='normal', weight=400, stretch='normal', size='scalable')) = 10.335
14:39:16 [DEBUG] matplotlib.font_manager: findfont: score(FontEntry(fname='C:\\Users\\Administrator\\AppData\\Local\\Programs\\Python\\Python313\\Lib\\site-packages\\matplotlib\\mpl-data\\fonts\\ttf\\cmb10.ttf', name='cmb10', style='normal', variant='normal', weight=400, stretch='normal', size='scalable')) = 10.335
14:39:16 [DEBUG] matplotlib.font_manager: findfont: score(FontEntry(fname='C:\\Users\\Administrator\\AppData\\Local\\Programs\\Python\\Python313\\Lib\\site-packages\\matplotlib\\mpl-data\\fonts\\ttf\\STIXSizFourSymBol.ttf', name='STIXSizeFourSym', style='normal', variant='normal', weight=700, stretch='normal', size='scalable')) = 10.05
14:39:16 [DEBUG] matplotlib.font_manager: findfont: score(FontEntry(fname='C:\\Users\\Administrator\\AppData\\Local\\Programs\\Python\\Python313\\Lib\\site-packages\\matplotlib\\mpl-data\\fonts\\ttf\\DejaVuSerif-BoldItalic.ttf', name='DejaVu Serif', style='italic', variant='normal', weight=700, stretch='normal', size='scalable')) = 11.05
14:39:16 [DEBUG] matplotlib.font_manager: findfont: score(FontEntry(fname='C:\\Users\\Administrator\\AppData\\Local\\Programs\\Python\\Python313\\Lib\\site-packages\\matplotlib\\mpl-data\\fonts\\ttf\\DejaVuSans.ttf', name='DejaVu Sans', style='normal', variant='normal', weight=400, stretch='normal', size='scalable')) = 8.335
14:39:16 [DEBUG] matplotlib.font_manager: findfont: score(FontEntry(fname='C:\\Users\\Administrator\\AppData\\Local\\Programs\\Python\\Python313\\Lib\\site-packages\\matplotlib\\mpl-data\\fonts\\ttf\\STIXGeneralBol.ttf', name='STIXGeneral', style='normal', variant='normal', weight=700, stretch='normal', size='scalable')) = 10.05
14:39:16 [DEBUG] matplotlib.font_manager: findfont: score(FontEntry(fname='C:\\Users\\Administrator\\AppData\\Local\\Programs\\Python\\Python313\\Lib\\site-packages\\matplotlib\\mpl-data\\fonts\\ttf\\STIXGeneralBolIta.ttf', name='STIXGeneral', style='italic', variant='normal', weight=700, stretch='normal', size='scalable')) = 11.05
14:39:16 [DEBUG] matplotlib.font_manager: findfont: score(FontEntry(fname='C:\\Users\\Administrator\\AppData\\Local\\Programs\\Python\\Python313\\Lib\\site-packages\\matplotlib\\mpl-data\\fonts\\ttf\\STIXNonUniBol.ttf', name='STIXNonUnicode', style='normal', variant='normal', weight=700, stretch='normal', size='scalable')) = 10.05
14:39:16 [DEBUG] matplotlib.font_manager: findfont: score(FontEntry(fname='C:\\Users\\Administrator\\AppData\\Local\\Programs\\Python\\Python313\\Lib\\site-packages\\matplotlib\\mpl-data\\fonts\\ttf\\DejaVuSerifDisplay.ttf', name='DejaVu Serif Display', style='normal', variant='normal', weight=400, stretch='normal', size='scalable')) = 10.335
14:39:16 [DEBUG] matplotlib.font_manager: findfont: score(FontEntry(fname='C:\\Users\\Administrator\\AppData\\Local\\Programs\\Python\\Python313\\Lib\\site-packages\\matplotlib\\mpl-data\\fonts\\ttf\\DejaVuSans-BoldOblique.ttf', name='DejaVu Sans', style='oblique', variant='normal', weight=700, stretch='normal', size='scalable')) = 9.05
14:39:16 [DEBUG] matplotlib.font_manager: findfont: score(FontEntry(fname='C:\\Users\\Administrator\\AppData\\Local\\Programs\\Python\\Python313\\Lib\\site-packages\\matplotlib\\mpl-data\\fonts\\ttf\\STIXNonUni.ttf', name='STIXNonUnicode', style='normal', variant='normal', weight=400, stretch='normal', size='scalable')) = 10.335
14:39:16 [DEBUG] matplotlib.font_manager: findfont: score(FontEntry(fname='C:\\Users\\Administrator\\AppData\\Local\\Programs\\Python\\Python313\\Lib\\site-packages\\matplotlib\\mpl-data\\fonts\\ttf\\STIXSizFiveSymReg.ttf', name='STIXSizeFiveSym', style='normal', variant='normal', weight=400, stretch='normal', size='scalable')) = 10.335
14:39:16 [DEBUG] matplotlib.font_manager: findfont: score(FontEntry(fname='C:\\Users\\Administrator\\AppData\\Local\\Programs\\Python\\Python313\\Lib\\site-packages\\matplotlib\\mpl-data\\fonts\\ttf\\cmmi10.ttf', name='cmmi10', style='normal', variant='normal', weight=400, stretch='normal', size='scalable')) = 10.335
14:39:16 [DEBUG] matplotlib.font_manager: findfont: score(FontEntry(fname='C:\\Windows\\Fonts\\SitkaVF.ttf', name='Sitka', style='normal', variant='normal', weight=400, stretch='normal', size='scalable')) = 10.335
14:39:16 [DEBUG] matplotlib.font_manager: findfont: score(FontEntry(fname='C:\\Windows\\Fonts\\msyi.ttf', name='Microsoft Yi Baiti', style='normal', variant='normal', weight=400, stretch='normal', size='scalable')) = 10.335
14:39:16 [DEBUG] matplotlib.font_manager: findfont: score(FontEntry(fname='C:\\Windows\\Fonts\\simfang.ttf', name='FangSong', style='normal', variant='normal', weight=400, stretch='normal', size='scalable')) = 10.335
14:39:16 [DEBUG] matplotlib.font_manager: findfont: score(FontEntry(fname='C:\\Windows\\Fonts\\calibril.ttf', name='Calibri', style='normal', variant='normal', weight=300, stretch='normal', size='scalable')) = 10.43
14:39:16 [DEBUG] matplotlib.font_manager: findfont: score(FontEntry(fname='C:\\Windows\\Fonts\\malgunsl.ttf', name='Malgun Gothic', style='normal', variant='normal', weight=300, stretch='normal', size='scalable')) = 10.43
14:39:16 [DEBUG] matplotlib.font_manager: findfont: score(FontEntry(fname='C:\\Windows\\Fonts\\times.ttf', name='Times New Roman', style='normal', variant='normal', weight=400, stretch='normal', size='scalable')) = 10.335
14:39:16 [DEBUG] matplotlib.font_manager: findfont: score(FontEntry(fname='C:\\Windows\\Fonts\\corbell.ttf', name='Corbel', style='normal', variant='normal', weight=300, stretch='normal', size='scalable')) = 10.43
14:39:16 [DEBUG] matplotlib.font_manager: findfont: score(FontEntry(fname='C:\\Windows\\Fonts\\Dengb.ttf', name='DengXian', style='normal', variant='normal', weight=700, stretch='normal', size='scalable')) = 10.05
14:39:16 [DEBUG] matplotlib.font_manager: findfont: score(FontEntry(fname='C:\\Windows\\Fonts\\Candarab.ttf', name='Candara', style='normal', variant='normal', weight=700, stretch='normal', size='scalable')) = 10.05
14:39:16 [DEBUG] matplotlib.font_manager: findfont: score(FontEntry(fname='C:\\Windows\\Fonts\\STXIHEI.TTF', name='STXihei', style='normal', variant='normal', weight=400, stretch='normal', size='scalable')) = 10.335
14:39:16 [DEBUG] matplotlib.font_manager: findfont: score(FontEntry(fname='C:\\Windows\\Fonts\\FZYTK.TTF', name='FZYaoTi', style='normal', variant='normal', weight=400, stretch='normal', size='scalable')) = 10.335
14:39:16 [DEBUG] matplotlib.font_manager: findfont: score(FontEntry(fname='C:\\Windows\\Fonts\\palab.ttf', name='Palatino Linotype', style='normal', variant='normal', weight=700, stretch='normal', size='scalable')) = 10.05
14:39:16 [DEBUG] matplotlib.font_manager: findfont: score(FontEntry(fname='C:\\Windows\\Fonts\\BOOKOS.TTF', name='Bookman Old Style', style='normal', variant='normal', weight=300, stretch='normal', size='scalable')) = 10.43
14:39:16 [DEBUG] matplotlib.font_manager: findfont: score(FontEntry(fname='C:\\Windows\\Fonts\\GOTHIC.TTF', name='Century Gothic', style='normal', variant='normal', weight=400, stretch='normal', size='scalable')) = 10.335
14:39:16 [DEBUG] matplotlib.font_manager: findfont: score(FontEntry(fname='C:\\Windows\\Fonts\\comicbd.ttf', name='Comic Sans MS', style='normal', variant='normal', weight=700, stretch='normal', size='scalable')) = 10.05
14:39:16 [DEBUG] matplotlib.font_manager: findfont: score(FontEntry(fname='C:\\Windows\\Fonts\\ARIALNBI.TTF', name='Arial', style='italic', variant='normal', weight=700, stretch='condensed', size='scalable')) = 11.25
14:39:16 [DEBUG] matplotlib.font_manager: findfont: score(FontEntry(fname='C:\\Windows\\Fonts\\msgothic.ttc', name='MS Gothic', style='normal', variant='normal', weight=400, stretch='normal', size='scalable')) = 10.335
14:39:16 [DEBUG] matplotlib.font_manager: findfont: score(FontEntry(fname='C:\\Windows\\Fonts\\malgun.ttf', name='Malgun Gothic', style='normal', variant='normal', weight=400, stretch='normal', size='scalable')) = 10.335
14:39:16 [DEBUG] matplotlib.font_manager: findfont: score(FontEntry(fname='C:\\Windows\\Fonts\\consola.ttf', name='Consolas', style='normal', variant='normal', weight=400, stretch='normal', size='scalable')) = 10.335
14:39:16 [DEBUG] matplotlib.font_manager: findfont: score(FontEntry(fname='C:\\Windows\\Fonts\\seguibli.ttf', name='Segoe UI', style='italic', variant='normal', weight=900, stretch='normal', size='scalable')) = 11.24
14:39:16 [DEBUG] matplotlib.font_manager: findfont: score(FontEntry(fname='C:\\Windows\\Fonts\\LeelaUIb.ttf', name='Leelawadee UI', style='normal', variant='normal', weight=700, stretch='normal', size='scalable')) = 10.05
14:39:16 [DEBUG] matplotlib.font_manager: findfont: score(FontEntry(fname='C:\\Windows\\Fonts\\simsunb.ttf', name='SimSun-ExtB', style='normal', variant='normal', weight=400, stretch='normal', size='scalable')) = 10.335
14:39:16 [DEBUG] matplotlib.font_manager: findfont: score(FontEntry(fname='C:\\Windows\\Fonts\\verdanai.ttf', name='Verdana', style='italic', variant='normal', weight=400, stretch='normal', size='scalable')) = 11.335
14:39:16 [DEBUG] matplotlib.font_manager: findfont: score(FontEntry(fname='C:\\Windows\\Fonts\\consolaz.ttf', name='Consolas', style='italic', variant='normal', weight=700, stretch='normal', size='scalable')) = 11.05
14:39:16 [DEBUG] matplotlib.font_manager: findfont: score(FontEntry(fname='C:\\Windows\\Fonts\\SIMYOU.TTF', name='YouYuan', style='normal', variant='normal', weight=400, stretch='normal', size='scalable')) = 10.335
14:39:16 [DEBUG] matplotlib.font_manager: findfont: score(FontEntry(fname='C:\\Windows\\Fonts\\lucon.ttf', name='Lucida Console', style='normal', variant='normal', weight=400, stretch='normal', size='scalable')) = 10.335
14:39:16 [DEBUG] matplotlib.font_manager: findfont: score(FontEntry(fname='C:\\Windows\\Fonts\\ANTQUABI.TTF', name='Book Antiqua', style='italic', variant='normal', weight=700, stretch='normal', size='scalable')) = 11.05
14:39:16 [DEBUG] matplotlib.font_manager: findfont: score(FontEntry(fname='C:\\Windows\\Fonts\\seguisym.ttf', name='Segoe UI Symbol', style='normal', variant='normal', weight=400, stretch='normal', size='scalable')) = 10.335
14:39:16 [DEBUG] matplotlib.font_manager: findfont: score(FontEntry(fname='C:\\Windows\\Fonts\\STSONG.TTF', name='STSong', style='normal', variant='normal', weight=400, stretch='normal', size='scalable')) = 10.335
14:39:16 [DEBUG] matplotlib.font_manager: findfont: score(FontEntry(fname='C:\\Windows\\Fonts\\cambriaz.ttf', name='Cambria', style='italic', variant='normal', weight=700, stretch='normal', size='scalable')) = 11.05
14:39:16 [DEBUG] matplotlib.font_manager: findfont: score(FontEntry(fname='C:\\Windows\\Fonts\\segoeui.ttf', name='Segoe UI', style='normal', variant='normal', weight=400, stretch='normal', size='scalable')) = 10.335
14:39:16 [DEBUG] matplotlib.font_manager: findfont: score(FontEntry(fname='C:\\Windows\\Fonts\\malgunbd.ttf', name='Malgun Gothic', style='normal', variant='normal', weight=700, stretch='normal', size='scalable')) = 10.05
14:39:16 [DEBUG] matplotlib.font_manager: findfont: score(FontEntry(fname='C:\\Windows\\Fonts\\FZSTK.TTF', name='FZShuTi', style='normal', variant='normal', weight=400, stretch='normal', size='scalable')) = 10.335
14:39:16 [DEBUG] matplotlib.font_manager: findfont: score(FontEntry(fname='C:\\Windows\\Fonts\\DUBAI-LIGHT.TTF', name='Dubai', style='normal', variant='normal', weight=300, stretch='normal', size='scalable')) = 10.43
14:39:16 [DEBUG] matplotlib.font_manager: findfont: score(FontEntry(fname='C:\\Windows\\Fonts\\STFANGSO.TTF', name='STFangsong', style='normal', variant='normal', weight=400, stretch='normal', size='scalable')) = 10.335
14:39:16 [DEBUG] matplotlib.font_manager: findfont: score(FontEntry(fname='C:\\Windows\\Fonts\\LEELAWAD.TTF', name='Leelawadee', style='normal', variant='normal', weight=400, stretch='normal', size='scalable')) = 10.335
14:39:16 [DEBUG] matplotlib.font_manager: findfont: score(FontEntry(fname='C:\\Windows\\Fonts\\BOOKOSB.TTF', name='Bookman Old Style', style='normal', variant='normal', weight=600, stretch='normal', size='scalable')) = 10.145
14:39:16 [DEBUG] matplotlib.font_manager: findfont: score(FontEntry(fname='C:\\Windows\\Fonts\\cambria.ttc', name='Cambria', style='normal', variant='normal', weight=400, stretch='normal', size='scalable')) = 10.335
14:39:16 [DEBUG] matplotlib.font_manager: findfont: score(FontEntry(fname='C:\\Windows\\Fonts\\Candaraz.ttf', name='Candara', style='italic', variant='normal', weight=700, stretch='normal', size='scalable')) = 11.05
14:39:16 [DEBUG] matplotlib.font_manager: findfont: score(FontEntry(fname='C:\\Windows\\Fonts\\segoepr.ttf', name='Segoe Print', style='normal', variant='normal', weight=400, stretch='normal', size='scalable')) = 10.335
14:39:16 [DEBUG] matplotlib.font_manager: findfont: score(FontEntry(fname='C:\\Windows\\Fonts\\comic.ttf', name='Comic Sans MS', style='normal', variant='normal', weight=400, stretch='normal', size='scalable')) = 10.335
14:39:16 [DEBUG] matplotlib.font_manager: findfont: score(FontEntry(fname='C:\\Windows\\Fonts\\phagspab.ttf', name='Microsoft PhagsPa', style='normal', variant='normal', weight=700, stretch='normal', size='scalable')) = 10.05
14:39:16 [DEBUG] matplotlib.font_manager: findfont: score(FontEntry(fname='C:\\Windows\\Fonts\\timesbi.ttf', name='Times New Roman', style='italic', variant='normal', weight=700, stretch='normal', size='scalable')) = 11.05
14:39:16 [DEBUG] matplotlib.font_manager: findfont: score(FontEntry(fname='C:\\Windows\\Fonts\\SansSerifCollection.ttf', name='Sans Serif Collection', style='normal', variant='normal', weight=400, stretch='normal', size='scalable')) = 10.335
14:39:16 [DEBUG] matplotlib.font_manager: findfont: score(FontEntry(fname='C:\\Windows\\Fonts\\ariali.ttf', name='Arial', style='italic', variant='normal', weight=400, stretch='normal', size='scalable')) = 11.335
14:39:16 [DEBUG] matplotlib.font_manager: findfont: score(FontEntry(fname='C:\\Windows\\Fonts\\LHANDW.TTF', name='Lucida Handwriting', style='italic', variant='normal', weight=400, stretch='normal', size='scalable')) = 11.335
14:39:16 [DEBUG] matplotlib.font_manager: findfont: score(FontEntry(fname='C:\\Windows\\Fonts\\Gabriola.ttf', name='Gabriola', style='normal', variant='normal', weight=400, stretch='normal', size='scalable')) = 10.335
14:39:16 [DEBUG] matplotlib.font_manager: findfont: score(FontEntry(fname='C:\\Windows\\Fonts\\mvboli.ttf', name='MV Boli', style='normal', variant='normal', weight=400, stretch='normal', size='scalable')) = 10.335
14:39:16 [DEBUG] matplotlib.font_manager: findfont: score(FontEntry(fname='C:\\Windows\\Fonts\\WINGDNG3.TTF', name='Wingdings 3', style='normal', variant='normal', weight=400, stretch='normal', size='scalable')) = 10.335
14:39:16 [DEBUG] matplotlib.font_manager: findfont: score(FontEntry(fname='C:\\Windows\\Fonts\\seguili.ttf', name='Segoe UI', style='italic', variant='normal', weight=300, stretch='normal', size='scalable')) = 11.43
14:39:16 [DEBUG] matplotlib.font_manager: findfont: score(FontEntry(fname='C:\\Windows\\Fonts\\micross.ttf', name='Microsoft Sans Serif', style='normal', variant='normal', weight=400, stretch='normal', size='scalable')) = 10.335
14:39:16 [DEBUG] matplotlib.font_manager: findfont: score(FontEntry(fname='C:\\Windows\\Fonts\\tahomabd.ttf', name='Tahoma', style='normal', variant='normal', weight=700, stretch='normal', size='scalable')) = 10.05
14:39:16 [DEBUG] matplotlib.font_manager: findfont: score(FontEntry(fname='C:\\Windows\\Fonts\\calibrili.ttf', name='Calibri', style='italic', variant='normal', weight=300, stretch='normal', size='scalable')) = 11.43
14:39:16 [DEBUG] matplotlib.font_manager: findfont: score(FontEntry(fname='C:\\Windows\\Fonts\\msyhl.ttc', name='Microsoft YaHei', style='normal', variant='normal', weight=290, stretch='normal', size='scalable')) = 2.4395
14:39:16 [DEBUG] matplotlib.font_manager: findfont: score(FontEntry(fname='C:\\Windows\\Fonts\\MSUIGHUR.TTF', name='Microsoft Uighur', style='normal', variant='normal', weight=400, stretch='normal', size='scalable')) = 10.335
14:39:16 [DEBUG] matplotlib.font_manager: findfont: score(FontEntry(fname='C:\\Windows\\Fonts\\segoeuii.ttf', name='Segoe UI', style='italic', variant='normal', weight=400, stretch='normal', size='scalable')) = 11.335
14:39:16 [DEBUG] matplotlib.font_manager: findfont: score(FontEntry(fname='C:\\Windows\\Fonts\\STXINWEI.TTF', name='STXinwei', style='normal', variant='normal', weight=400, stretch='normal', size='scalable')) = 10.335
14:39:16 [DEBUG] matplotlib.font_manager: findfont: score(FontEntry(fname='C:\\Windows\\Fonts\\seguisb.ttf', name='Segoe UI', style='normal', variant='normal', weight=600, stretch='normal', size='scalable')) = 10.145
14:39:16 [DEBUG] matplotlib.font_manager: findfont: score(FontEntry(fname='C:\\Windows\\Fonts\\seguihis.ttf', name='Segoe UI Historic', style='normal', variant='normal', weight=400, stretch='normal', size='scalable')) = 10.335
14:39:16 [DEBUG] matplotlib.font_manager: findfont: score(FontEntry(fname='C:\\Windows\\Fonts\\comici.ttf', name='Comic Sans MS', style='italic', variant='normal', weight=400, stretch='normal', size='scalable')) = 11.335
14:39:16 [DEBUG] matplotlib.font_manager: findfont: score(FontEntry(fname='C:\\Windows\\Fonts\\holomdl2.ttf', name='HoloLens MDL2 Assets', style='normal', variant='normal', weight=400, stretch='normal', size='scalable')) = 10.335
14:39:16 [DEBUG] matplotlib.font_manager: findfont: score(FontEntry(fname='C:\\Windows\\Fonts\\segoeuisl.ttf', name='Segoe UI', style='normal', variant='normal', weight=350, stretch='normal', size='scalable')) = 10.3825
14:39:16 [DEBUG] matplotlib.font_manager: findfont: score(FontEntry(fname='C:\\Windows\\Fonts\\constanb.ttf', name='Constantia', style='normal', variant='normal', weight=700, stretch='normal', size='scalable')) = 10.05
14:39:16 [DEBUG] matplotlib.font_manager: findfont: score(FontEntry(fname='C:\\Windows\\Fonts\\SegUIVar.ttf', name='Segoe UI Variable', style='normal', variant='normal', weight=400, stretch='normal', size='scalable')) = 10.335
14:39:16 [DEBUG] matplotlib.font_manager: findfont: score(FontEntry(fname='C:\\Windows\\Fonts\\couri.ttf', name='Courier New', style='italic', variant='normal', weight=400, stretch='normal', size='scalable')) = 11.335
14:39:16 [DEBUG] matplotlib.font_manager: findfont: score(FontEntry(fname='C:\\Windows\\Fonts\\JUICE___.TTF', name='Juice ITC', style='normal', variant='normal', weight=400, stretch='normal', size='scalable')) = 10.335
14:39:16 [DEBUG] matplotlib.font_manager: findfont: score(FontEntry(fname='C:\\Windows\\Fonts\\taileb.ttf', name='Microsoft Tai Le', style='normal', variant='normal', weight=700, stretch='normal', size='scalable')) = 10.05
14:39:16 [DEBUG] matplotlib.font_manager: findfont: score(FontEntry(fname='C:\\Windows\\Fonts\\wingding.ttf', name='Wingdings', style='normal', variant='normal', weight=400, stretch='normal', size='scalable')) = 10.335
14:39:16 [DEBUG] matplotlib.font_manager: findfont: score(FontEntry(fname='C:\\Windows\\Fonts\\trebuc.ttf', name='Trebuchet MS', style='normal', variant='normal', weight=400, stretch='normal', size='scalable')) = 10.335
14:39:16 [DEBUG] matplotlib.font_manager: findfont: score(FontEntry(fname='C:\\Windows\\Fonts\\Candarali.ttf', name='Candara', style='italic', variant='normal', weight=400, stretch='normal', size='scalable')) = 11.335
14:39:16 [DEBUG] matplotlib.font_manager: findfont: score(FontEntry(fname='C:\\Windows\\Fonts\\Dengl.ttf', name='DengXian', style='normal', variant='normal', weight=300, stretch='normal', size='scalable')) = 10.43
14:39:16 [DEBUG] matplotlib.font_manager: findfont: score(FontEntry(fname='C:\\Windows\\Fonts\\constan.ttf', name='Constantia', style='normal', variant='normal', weight=400, stretch='normal', size='scalable')) = 10.335
14:39:16 [DEBUG] matplotlib.font_manager: findfont: score(FontEntry(fname='C:\\Users\\Administrator\\AppData\\Local\\Microsoft\\Windows\\Fonts\\UbuntuMono[wght].ttf', name='Ubuntu Mono', style='normal', variant='normal', weight=400, stretch='normal', size='scalable')) = 10.335
14:39:16 [DEBUG] matplotlib.font_manager: findfont: score(FontEntry(fname='C:\\Windows\\Fonts\\taile.ttf', name='Microsoft Tai Le', style='normal', variant='normal', weight=400, stretch='normal', size='scalable')) = 10.335
14:39:16 [DEBUG] matplotlib.font_manager: findfont: score(FontEntry(fname='C:\\Windows\\Fonts\\corbel.ttf', name='Corbel', style='normal', variant='normal', weight=400, stretch='normal', size='scalable')) = 10.335
14:39:16 [DEBUG] matplotlib.font_manager: findfont: score(FontEntry(fname='C:\\Windows\\Fonts\\MSUIGHUB.TTF', name='Microsoft Uighur', style='normal', variant='normal', weight=700, stretch='normal', size='scalable')) = 10.05
14:39:16 [DEBUG] matplotlib.font_manager: findfont: score(FontEntry(fname='C:\\Windows\\Fonts\\msjhl.ttc', name='Microsoft JhengHei', style='normal', variant='normal', weight=290, stretch='normal', size='scalable')) = 10.4395
14:39:16 [DEBUG] matplotlib.font_manager: findfont: score(FontEntry(fname='C:\\Windows\\Fonts\\gadugi.ttf', name='Gadugi', style='normal', variant='normal', weight=400, stretch='normal', size='scalable')) = 10.335
14:39:16 [DEBUG] matplotlib.font_manager: findfont: score(FontEntry(fname='C:\\Windows\\Fonts\\LeelawUI.ttf', name='Leelawadee UI', style='normal', variant='normal', weight=400, stretch='normal', size='scalable')) = 10.335
14:39:16 [DEBUG] matplotlib.font_manager: findfont: score(FontEntry(fname='C:\\Windows\\Fonts\\framd.ttf', name='Franklin Gothic Medium', style='normal', variant='normal', weight=400, stretch='normal', size='scalable')) = 10.335
14:39:16 [DEBUG] matplotlib.font_manager: findfont: score(FontEntry(fname='C:\\Windows\\Fonts\\javatext.ttf', name='Javanese Text', style='normal', variant='normal', weight=400, stretch='normal', size='scalable')) = 10.335
14:39:16 [DEBUG] matplotlib.font_manager: findfont: score(FontEntry(fname='C:\\Windows\\Fonts\\NirmalaB.ttf', name='Nirmala UI', style='normal', variant='normal', weight=700, stretch='normal', size='scalable')) = 10.05
14:39:16 [DEBUG] matplotlib.font_manager: findfont: score(FontEntry(fname='C:\\Windows\\Fonts\\monbaiti.ttf', name='Mongolian Baiti', style='normal', variant='normal', weight=400, stretch='normal', size='scalable')) = 10.335
14:39:16 [DEBUG] matplotlib.font_manager: findfont: score(FontEntry(fname='C:\\Windows\\Fonts\\YuGothB.ttc', name='Yu Gothic', style='normal', variant='normal', weight=700, stretch='normal', size='scalable')) = 10.05
14:39:16 [DEBUG] matplotlib.font_manager: findfont: score(FontEntry(fname='C:\\Windows\\Fonts\\timesi.ttf', name='Times New Roman', style='italic', variant='normal', weight=400, stretch='normal', size='scalable')) = 11.335
14:39:16 [DEBUG] matplotlib.font_manager: findfont: score(FontEntry(fname='C:\\Windows\\Fonts\\YuGothL.ttc', name='Yu Gothic', style='normal', variant='normal', weight=300, stretch='normal', size='scalable')) = 10.43
14:39:16 [DEBUG] matplotlib.font_manager: findfont: score(FontEntry(fname='C:\\Windows\\Fonts\\framdit.ttf', name='Franklin Gothic Medium', style='italic', variant='normal', weight=400, stretch='normal', size='scalable')) = 11.335
14:39:16 [DEBUG] matplotlib.font_manager: findfont: score(FontEntry(fname='C:\\Windows\\Fonts\\SitkaVF-Italic.ttf', name='Sitka', style='italic', variant='normal', weight=400, stretch='normal', size='scalable')) = 11.335
14:39:16 [DEBUG] matplotlib.font_manager: findfont: score(FontEntry(fname='C:\\Windows\\Fonts\\BKANT.TTF', name='Book Antiqua', style='normal', variant='normal', weight=400, stretch='normal', size='scalable')) = 10.335
14:39:16 [DEBUG] matplotlib.font_manager: findfont: score(FontEntry(fname='C:\\Windows\\Fonts\\ntailu.ttf', name='Microsoft New Tai Lue', style='normal', variant='normal', weight=400, stretch='normal', size='scalable')) = 10.335
14:39:16 [DEBUG] matplotlib.font_manager: findfont: score(FontEntry(fname='C:\\Windows\\Fonts\\ebrima.ttf', name='Ebrima', style='normal', variant='normal', weight=400, stretch='normal', size='scalable')) = 10.335
14:39:16 [DEBUG] matplotlib.font_manager: findfont: score(FontEntry(fname='C:\\Windows\\Fonts\\seguisbi.ttf', name='Segoe UI', style='italic', variant='normal', weight=600, stretch='normal', size='scalable')) = 11.145
14:39:16 [DEBUG] matplotlib.font_manager: findfont: score(FontEntry(fname='C:\\Windows\\Fonts\\STLITI.TTF', name='STLiti', style='normal', variant='normal', weight=400, stretch='normal', size='scalable')) = 10.335
14:39:16 [DEBUG] matplotlib.font_manager: findfont: score(FontEntry(fname='C:\\Windows\\Fonts\\seguiemj.ttf', name='Segoe UI Emoji', style='normal', variant='normal', weight=400, stretch='normal', size='scalable')) = 10.335
14:39:16 [DEBUG] matplotlib.font_manager: findfont: score(FontEntry(fname='C:\\Windows\\Fonts\\Candara.ttf', name='Candara', style='normal', variant='normal', weight=400, stretch='normal', size='scalable')) = 10.335
14:39:16 [DEBUG] matplotlib.font_manager: findfont: score(FontEntry(fname='C:\\Windows\\Fonts\\seguibl.ttf', name='Segoe UI', style='normal', variant='normal', weight=900, stretch='normal', size='scalable')) = 10.24
14:39:16 [DEBUG] matplotlib.font_manager: findfont: score(FontEntry(fname='C:\\Windows\\Fonts\\NirmalaS.ttf', name='Nirmala UI', style='normal', variant='normal', weight=350, stretch='normal', size='scalable')) = 10.3825
14:39:16 [DEBUG] matplotlib.font_manager: findfont: score(FontEntry(fname='C:\\Windows\\Fonts\\segoeprb.ttf', name='Segoe Print', style='normal', variant='normal', weight=700, stretch='normal', size='scalable')) = 10.05
14:39:16 [DEBUG] matplotlib.font_manager: findfont: score(FontEntry(fname='C:\\Windows\\Fonts\\GOTHICBI.TTF', name='Century Gothic', style='italic', variant='normal', weight=700, stretch='normal', size='scalable')) = 11.05
14:39:16 [DEBUG] matplotlib.font_manager: findfont: score(FontEntry(fname='C:\\Windows\\Fonts\\cambriai.ttf', name='Cambria', style='italic', variant='normal', weight=400, stretch='normal', size='scalable')) = 11.335
14:39:16 [DEBUG] matplotlib.font_manager: findfont: score(FontEntry(fname='C:\\Windows\\Fonts\\CENTURY.TTF', name='Century', style='normal', variant='normal', weight=400, stretch='normal', size='scalable')) = 10.335
14:39:16 [DEBUG] matplotlib.font_manager: findfont: score(FontEntry(fname='C:\\Windows\\Fonts\\symbol.ttf', name='Symbol', style='normal', variant='normal', weight=400, stretch='normal', size='scalable')) = 10.335
14:39:16 [DEBUG] matplotlib.font_manager: findfont: score(FontEntry(fname='C:\\Windows\\Fonts\\msjh.ttc', name='Microsoft JhengHei', style='normal', variant='normal', weight=400, stretch='normal', size='scalable')) = 10.335
14:39:16 [DEBUG] matplotlib.font_manager: findfont: score(FontEntry(fname='C:\\Windows\\Fonts\\FREESCPT.TTF', name='Freestyle Script', style='normal', variant='normal', weight=400, stretch='normal', size='scalable')) = 10.335
14:39:16 [DEBUG] matplotlib.font_manager: findfont: score(FontEntry(fname='C:\\Windows\\Fonts\\timesbd.ttf', name='Times New Roman', style='normal', variant='normal', weight=700, stretch='normal', size='scalable')) = 10.05
14:39:16 [DEBUG] matplotlib.font_manager: findfont: score(FontEntry(fname='C:\\Windows\\Fonts\\MISTRAL.TTF', name='Mistral', style='normal', variant='normal', weight=400, stretch='normal', size='scalable')) = 10.335
14:39:16 [DEBUG] matplotlib.font_manager: findfont: score(FontEntry(fname='C:\\Windows\\Fonts\\ITCKRIST.TTF', name='Kristen ITC', style='normal', variant='normal', weight=400, stretch='normal', size='scalable')) = 10.335
14:39:16 [DEBUG] matplotlib.font_manager: findfont: score(FontEntry(fname='C:\\Windows\\Fonts\\ARIALNI.TTF', name='Arial', style='italic', variant='normal', weight=400, stretch='condensed', size='scalable')) = 11.535
14:39:16 [DEBUG] matplotlib.font_manager: findfont: score(FontEntry(fname='C:\\Windows\\Fonts\\mmrtextb.ttf', name='Myanmar Text', style='normal', variant='normal', weight=700, stretch='normal', size='scalable')) = 10.05
14:39:16 [DEBUG] matplotlib.font_manager: findfont: score(FontEntry(fname='C:\\Windows\\Fonts\\LeelUIsl.ttf', name='Leelawadee UI', style='normal', variant='normal', weight=350, stretch='normal', size='scalable')) = 10.3825
14:39:16 [DEBUG] matplotlib.font_manager: findfont: score(FontEntry(fname='C:\\Windows\\Fonts\\BRADHITC.TTF', name='Bradley Hand ITC', style='normal', variant='normal', weight=400, stretch='normal', size='scalable')) = 10.335
14:39:16 [DEBUG] matplotlib.font_manager: findfont: score(FontEntry(fname='C:\\Windows\\Fonts\\calibri.ttf', name='Calibri', style='normal', variant='normal', weight=400, stretch='normal', size='scalable')) = 10.335
14:39:16 [DEBUG] matplotlib.font_manager: findfont: score(FontEntry(fname='C:\\Windows\\Fonts\\Deng.ttf', name='DengXian', style='normal', variant='normal', weight=400, stretch='normal', size='scalable')) = 10.335
14:39:16 [DEBUG] matplotlib.font_manager: findfont: score(FontEntry(fname='C:\\Windows\\Fonts\\STKAITI.TTF', name='STKaiti', style='normal', variant='normal', weight=400, stretch='normal', size='scalable')) = 10.335
14:39:16 [DEBUG] matplotlib.font_manager: findfont: score(FontEntry(fname='C:\\Windows\\Fonts\\Inkfree.ttf', name='Ink Free', style='normal', variant='normal', weight=400, stretch='normal', size='scalable')) = 10.335
14:39:16 [DEBUG] matplotlib.font_manager: findfont: score(FontEntry(fname='C:\\Windows\\Fonts\\msjhbd.ttc', name='Microsoft JhengHei', style='normal', variant='normal', weight=700, stretch='normal', size='scalable')) = 10.05
14:39:16 [DEBUG] matplotlib.font_manager: findfont: score(FontEntry(fname='C:\\Windows\\Fonts\\simhei.ttf', name='SimHei', style='normal', variant='normal', weight=400, stretch='normal', size='scalable')) = 0.33499999999999996
14:39:16 [DEBUG] matplotlib.font_manager: findfont: score(FontEntry(fname='C:\\Windows\\Fonts\\STZHONGS.TTF', name='STZhongsong', style='normal', variant='normal', weight=400, stretch='normal', size='scalable')) = 10.335
14:39:16 [DEBUG] matplotlib.font_manager: findfont: score(FontEntry(fname='C:\\Windows\\Fonts\\georgiai.ttf', name='Georgia', style='italic', variant='normal', weight=400, stretch='normal', size='scalable')) = 11.335
14:39:16 [DEBUG] matplotlib.font_manager: findfont: score(FontEntry(fname='C:\\Windows\\Fonts\\calibriz.ttf', name='Calibri', style='italic', variant='normal', weight=700, stretch='normal', size='scalable')) = 11.05
14:39:16 [DEBUG] matplotlib.font_manager: findfont: score(FontEntry(fname='C:\\Windows\\Fonts\\comicz.ttf', name='Comic Sans MS', style='italic', variant='normal', weight=700, stretch='normal', size='scalable')) = 11.05
14:39:16 [DEBUG] matplotlib.font_manager: findfont: score(FontEntry(fname='C:\\Windows\\Fonts\\impact.ttf', name='Impact', style='normal', variant='normal', weight=400, stretch='normal', size='scalable')) = 10.335
14:39:16 [DEBUG] matplotlib.font_manager: findfont: score(FontEntry(fname='C:\\Windows\\Fonts\\pala.ttf', name='Palatino Linotype', style='normal', variant='normal', weight=400, stretch='normal', size='scalable')) = 10.335
14:39:16 [DEBUG] matplotlib.font_manager: findfont: score(FontEntry(fname='C:\\Windows\\Fonts\\Candarai.ttf', name='Candara', style='italic', variant='normal', weight=400, stretch='normal', size='scalable')) = 11.335
14:39:16 [DEBUG] matplotlib.font_manager: findfont: score(FontEntry(fname='C:\\Windows\\Fonts\\consolai.ttf', name='Consolas', style='italic', variant='normal', weight=400, stretch='normal', size='scalable')) = 11.335
14:39:16 [DEBUG] matplotlib.font_manager: findfont: score(FontEntry(fname='C:\\Windows\\Fonts\\msyh.ttc', name='Microsoft YaHei', style='normal', variant='normal', weight=400, stretch='normal', size='scalable')) = 2.335
14:39:16 [DEBUG] matplotlib.font_manager: findfont: score(FontEntry(fname='C:\\Windows\\Fonts\\STHUPO.TTF', name='STHupo', style='normal', variant='normal', weight=400, stretch='normal', size='scalable')) = 10.335
14:39:16 [DEBUG] matplotlib.font_manager: findfont: score(FontEntry(fname='C:\\Windows\\Fonts\\GARA.TTF', name='Garamond', style='normal', variant='normal', weight=400, stretch='normal', size='scalable')) = 10.335
14:39:16 [DEBUG] matplotlib.font_manager: findfont: score(FontEntry(fname='C:\\Windows\\Fonts\\arial.ttf', name='Arial', style='normal', variant='normal', weight=400, stretch='normal', size='scalable')) = 10.335
14:39:16 [DEBUG] matplotlib.font_manager: findfont: score(FontEntry(fname='C:\\Windows\\Fonts\\georgiaz.ttf', name='Georgia', style='italic', variant='normal', weight=700, stretch='normal', size='scalable')) = 11.05
14:39:16 [DEBUG] matplotlib.font_manager: findfont: score(FontEntry(fname='C:\\Windows\\Fonts\\trebucbi.ttf', name='Trebuchet MS', style='italic', variant='normal', weight=700, stretch='normal', size='scalable')) = 11.05
14:39:16 [DEBUG] matplotlib.font_manager: findfont: score(FontEntry(fname='C:\\Windows\\Fonts\\simsun.ttc', name='SimSun', style='normal', variant='normal', weight=400, stretch='normal', size='scalable')) = 10.335
14:39:16 [DEBUG] matplotlib.font_manager: findfont: score(FontEntry(fname='C:\\Windows\\Fonts\\mmrtext.ttf', name='Myanmar Text', style='normal', variant='normal', weight=400, stretch='normal', size='scalable')) = 10.335
14:39:16 [DEBUG] matplotlib.font_manager: findfont: score(FontEntry(fname='C:\\Windows\\Fonts\\palai.ttf', name='Palatino Linotype', style='italic', variant='normal', weight=400, stretch='normal', size='scalable')) = 11.335
14:39:16 [DEBUG] matplotlib.font_manager: findfont: score(FontEntry(fname='C:\\Windows\\Fonts\\trebucit.ttf', name='Trebuchet MS', style='italic', variant='normal', weight=400, stretch='normal', size='scalable')) = 11.335
14:39:16 [DEBUG] matplotlib.font_manager: findfont: score(FontEntry(fname='C:\\Windows\\Fonts\\GARABD.TTF', name='Garamond', style='normal', variant='normal', weight=700, stretch='normal', size='scalable')) = 10.05
14:39:16 [DEBUG] matplotlib.font_manager: findfont: score(FontEntry(fname='C:\\Windows\\Fonts\\ANTQUAI.TTF', name='Book Antiqua', style='italic', variant='normal', weight=400, stretch='normal', size='scalable')) = 11.335
14:39:16 [DEBUG] matplotlib.font_manager: findfont: score(FontEntry(fname='C:\\Windows\\Fonts\\corbelz.ttf', name='Corbel', style='italic', variant='normal', weight=700, stretch='normal', size='scalable')) = 11.05
14:39:16 [DEBUG] matplotlib.font_manager: findfont: score(FontEntry(fname='C:\\Windows\\Fonts\\gadugib.ttf', name='Gadugi', style='normal', variant='normal', weight=700, stretch='normal', size='scalable')) = 10.05
14:39:16 [DEBUG] matplotlib.font_manager: findfont: score(FontEntry(fname='C:\\Windows\\Fonts\\ANTQUAB.TTF', name='Book Antiqua', style='normal', variant='normal', weight=700, stretch='normal', size='scalable')) = 10.05
14:39:16 [DEBUG] matplotlib.font_manager: findfont: score(FontEntry(fname='C:\\Windows\\Fonts\\courbd.ttf', name='Courier New', style='normal', variant='normal', weight=700, stretch='normal', size='scalable')) = 10.05
14:39:16 [DEBUG] matplotlib.font_manager: findfont: score(FontEntry(fname='C:\\Windows\\Fonts\\courbi.ttf', name='Courier New', style='italic', variant='normal', weight=700, stretch='normal', size='scalable')) = 11.05
14:39:16 [DEBUG] matplotlib.font_manager: findfont: score(FontEntry(fname='C:\\Windows\\Fonts\\himalaya.ttf', name='Microsoft Himalaya', style='normal', variant='normal', weight=400, stretch='normal', size='scalable')) = 10.335
14:39:16 [DEBUG] matplotlib.font_manager: findfont: score(FontEntry(fname='C:\\Windows\\Fonts\\GOTHICB.TTF', name='Century Gothic', style='normal', variant='normal', weight=700, stretch='normal', size='scalable')) = 10.05
14:39:16 [DEBUG] matplotlib.font_manager: findfont: score(FontEntry(fname='C:\\Windows\\Fonts\\cambriab.ttf', name='Cambria', style='normal', variant='normal', weight=700, stretch='normal', size='scalable')) = 10.05
14:39:16 [DEBUG] matplotlib.font_manager: findfont: score(FontEntry(fname='C:\\Windows\\Fonts\\STCAIYUN.TTF', name='STCaiyun', style='normal', variant='normal', weight=400, stretch='normal', size='scalable')) = 10.335
14:39:16 [DEBUG] matplotlib.font_manager: findfont: score(FontEntry(fname='C:\\Windows\\Fonts\\REFSPCL.TTF', name='MS Reference Specialty', style='normal', variant='normal', weight=400, stretch='normal', size='scalable')) = 10.335
14:39:16 [DEBUG] matplotlib.font_manager: findfont: score(FontEntry(fname='C:\\Windows\\Fonts\\GARAIT.TTF', name='Garamond', style='italic', variant='normal', weight=400, stretch='normal', size='scalable')) = 11.335
14:39:16 [DEBUG] matplotlib.font_manager: findfont: score(FontEntry(fname='C:\\Windows\\Fonts\\constanz.ttf', name='Constantia', style='italic', variant='normal', weight=700, stretch='normal', size='scalable')) = 11.05
14:39:16 [DEBUG] matplotlib.font_manager: findfont: score(FontEntry(fname='C:\\Windows\\Fonts\\SIMLI.TTF', name='LiSu', style='normal', variant='normal', weight=400, stretch='normal', size='scalable')) = 10.335
14:39:16 [DEBUG] matplotlib.font_manager: findfont: score(FontEntry(fname='C:\\Windows\\Fonts\\cour.ttf', name='Courier New', style='normal', variant='normal', weight=400, stretch='normal', size='scalable')) = 10.335
14:39:16 [DEBUG] matplotlib.font_manager: findfont: score(FontEntry(fname='C:\\Windows\\Fonts\\MTCORSVA.TTF', name='Monotype Corsiva', style='normal', variant='normal', weight=400, stretch='normal', size='scalable')) = 10.335
14:39:16 [DEBUG] matplotlib.font_manager: findfont: score(FontEntry(fname='C:\\Windows\\Fonts\\simkai.ttf', name='KaiTi', style='normal', variant='normal', weight=400, stretch='normal', size='scalable')) = 10.335
14:39:16 [DEBUG] matplotlib.font_manager: findfont: score(FontEntry(fname='C:\\Windows\\Fonts\\segoeuil.ttf', name='Segoe UI', style='normal', variant='normal', weight=300, stretch='normal', size='scalable')) = 10.43
14:39:16 [DEBUG] matplotlib.font_manager: findfont: score(FontEntry(fname='C:\\Windows\\Fonts\\consolab.ttf', name='Consolas', style='normal', variant='normal', weight=700, stretch='normal', size='scalable')) = 10.05
14:39:16 [DEBUG] matplotlib.font_manager: findfont: score(FontEntry(fname='C:\\Windows\\Fonts\\segoesc.ttf', name='Segoe Script', style='normal', variant='normal', weight=400, stretch='normal', size='scalable')) = 10.335
14:39:16 [DEBUG] matplotlib.font_manager: findfont: score(FontEntry(fname='C:\\Windows\\Fonts\\ARIALN.TTF', name='Arial', style='normal', variant='normal', weight=400, stretch='condensed', size='scalable')) = 10.535
14:39:16 [DEBUG] matplotlib.font_manager: findfont: score(FontEntry(fname='C:\\Windows\\Fonts\\verdana.ttf', name='Verdana', style='normal', variant='normal', weight=400, stretch='normal', size='scalable')) = 10.335
14:39:16 [DEBUG] matplotlib.font_manager: findfont: score(FontEntry(fname='C:\\Windows\\Fonts\\DUBAI-BOLD.TTF', name='Dubai', style='normal', variant='normal', weight=700, stretch='normal', size='scalable')) = 10.05
14:39:16 [DEBUG] matplotlib.font_manager: findfont: score(FontEntry(fname='C:\\Windows\\Fonts\\BOOKOSI.TTF', name='Bookman Old Style', style='italic', variant='normal', weight=300, stretch='normal', size='scalable')) = 11.43
14:39:16 [DEBUG] matplotlib.font_manager: findfont: score(FontEntry(fname='C:\\Windows\\Fonts\\TEMPSITC.TTF', name='Tempus Sans ITC', style='normal', variant='normal', weight=400, stretch='normal', size='scalable')) = 10.335
14:39:16 [DEBUG] matplotlib.font_manager: findfont: score(FontEntry(fname='C:\\Windows\\Fonts\\palabi.ttf', name='Palatino Linotype', style='italic', variant='normal', weight=700, stretch='normal', size='scalable')) = 11.05
14:39:16 [DEBUG] matplotlib.font_manager: findfont: score(FontEntry(fname='C:\\Windows\\Fonts\\corbeli.ttf', name='Corbel', style='italic', variant='normal', weight=400, stretch='normal', size='scalable')) = 11.335
14:39:16 [DEBUG] matplotlib.font_manager: findfont: score(FontEntry(fname='C:\\Windows\\Fonts\\msyhbd.ttc', name='Microsoft YaHei', style='normal', variant='normal', weight=700, stretch='normal', size='scalable')) = 2.05
14:39:16 [DEBUG] matplotlib.font_manager: findfont: score(FontEntry(fname='C:\\Windows\\Fonts\\corbelb.ttf', name='Corbel', style='normal', variant='normal', weight=700, stretch='normal', size='scalable')) = 10.05
14:39:16 [DEBUG] matplotlib.font_manager: findfont: score(FontEntry(fname='C:\\Windows\\Fonts\\Candaral.ttf', name='Candara', style='normal', variant='normal', weight=400, stretch='normal', size='scalable')) = 10.335
14:39:16 [DEBUG] matplotlib.font_manager: findfont: score(FontEntry(fname='C:\\Windows\\Fonts\\bahnschrift.ttf', name='Bahnschrift', style='normal', variant='normal', weight=400, stretch='normal', size='scalable')) = 10.335
14:39:16 [DEBUG] matplotlib.font_manager: findfont: score(FontEntry(fname='C:\\Windows\\Fonts\\mingliub.ttc', name='MingLiU-ExtB', style='normal', variant='normal', weight=400, stretch='normal', size='scalable')) = 10.335
14:39:16 [DEBUG] matplotlib.font_manager: findfont: score(FontEntry(fname='C:\\Windows\\Fonts\\YuGothR.ttc', name='Yu Gothic', style='normal', variant='normal', weight=400, stretch='normal', size='scalable')) = 10.335
14:39:16 [DEBUG] matplotlib.font_manager: findfont: score(FontEntry(fname='C:\\Windows\\Fonts\\segoeuiz.ttf', name='Segoe UI', style='italic', variant='normal', weight=700, stretch='normal', size='scalable')) = 11.05
14:39:16 [DEBUG] matplotlib.font_manager: findfont: score(FontEntry(fname='C:\\Windows\\Fonts\\phagspa.ttf', name='Microsoft PhagsPa', style='normal', variant='normal', weight=400, stretch='normal', size='scalable')) = 10.335
14:39:16 [DEBUG] matplotlib.font_manager: findfont: score(FontEntry(fname='C:\\Windows\\Fonts\\segoeuib.ttf', name='Segoe UI', style='normal', variant='normal', weight=700, stretch='normal', size='scalable')) = 10.05
14:39:16 [DEBUG] matplotlib.font_manager: findfont: score(FontEntry(fname='C:\\Windows\\Fonts\\georgiab.ttf', name='Georgia', style='normal', variant='normal', weight=700, stretch='normal', size='scalable')) = 10.05
14:39:16 [DEBUG] matplotlib.font_manager: findfont: score(FontEntry(fname='C:\\Windows\\Fonts\\ebrimabd.ttf', name='Ebrima', style='normal', variant='normal', weight=700, stretch='normal', size='scalable')) = 10.05
14:39:16 [DEBUG] matplotlib.font_manager: findfont: score(FontEntry(fname='C:\\Windows\\Fonts\\constani.ttf', name='Constantia', style='italic', variant='normal', weight=400, stretch='normal', size='scalable')) = 11.335
14:39:16 [DEBUG] matplotlib.font_manager: findfont: score(FontEntry(fname='C:\\Windows\\Fonts\\segmdl2.ttf', name='Segoe MDL2 Assets', style='normal', variant='normal', weight=400, stretch='normal', size='scalable')) = 10.335
14:39:16 [DEBUG] matplotlib.font_manager: findfont: score(FontEntry(fname='C:\\Windows\\Fonts\\BOOKOSBI.TTF', name='Bookman Old Style', style='italic', variant='normal', weight=600, stretch='normal', size='scalable')) = 11.145
14:39:16 [DEBUG] matplotlib.font_manager: findfont: score(FontEntry(fname='C:\\Windows\\Fonts\\corbelli.ttf', name='Corbel', style='italic', variant='normal', weight=300, stretch='normal', size='scalable')) = 11.43
14:39:16 [DEBUG] matplotlib.font_manager: findfont: score(FontEntry(fname='C:\\Windows\\Fonts\\SegoeIcons.ttf', name='Segoe Fluent Icons', style='normal', variant='normal', weight=400, stretch='normal', size='scalable')) = 10.335
14:39:16 [DEBUG] matplotlib.font_manager: findfont: score(FontEntry(fname='C:\\Windows\\Fonts\\BSSYM7.TTF', name='Bookshelf Symbol 7', style='normal', variant='normal', weight=400, stretch='normal', size='scalable')) = 10.335
14:39:16 [DEBUG] matplotlib.font_manager: findfont: score(FontEntry(fname='C:\\Windows\\Fonts\\DUBAI-REGULAR.TTF', name='Dubai', style='normal', variant='normal', weight=400, stretch='normal', size='scalable')) = 10.335
14:39:16 [DEBUG] matplotlib.font_manager: findfont: score(FontEntry(fname='C:\\Windows\\Fonts\\ariblk.ttf', name='Arial', style='normal', variant='normal', weight=900, stretch='normal', size='scalable')) = 10.24
14:39:16 [DEBUG] matplotlib.font_manager: findfont: score(FontEntry(fname='C:\\Windows\\Fonts\\ARIALNB.TTF', name='Arial', style='normal', variant='normal', weight=700, stretch='condensed', size='scalable')) = 10.25
14:39:16 [DEBUG] matplotlib.font_manager: findfont: score(FontEntry(fname='C:\\Windows\\Fonts\\WINGDNG2.TTF', name='Wingdings 2', style='normal', variant='normal', weight=400, stretch='normal', size='scalable')) = 10.335
14:39:16 [DEBUG] matplotlib.font_manager: findfont: score(FontEntry(fname='C:\\Windows\\Fonts\\Nirmala.ttf', name='Nirmala UI', style='normal', variant='normal', weight=400, stretch='normal', size='scalable')) = 10.335
14:39:16 [DEBUG] matplotlib.font_manager: findfont: score(FontEntry(fname='C:\\Windows\\Fonts\\YuGothM.ttc', name='Yu Gothic', style='normal', variant='normal', weight=500, stretch='normal', size='scalable')) = 10.24
14:39:16 [DEBUG] matplotlib.font_manager: findfont: score(FontEntry(fname='C:\\Windows\\Fonts\\calibrib.ttf', name='Calibri', style='normal', variant='normal', weight=700, stretch='normal', size='scalable')) = 10.05
14:39:16 [DEBUG] matplotlib.font_manager: findfont: score(FontEntry(fname='C:\\Windows\\Fonts\\STXINGKA.TTF', name='STXingkai', style='normal', variant='normal', weight=400, stretch='normal', size='scalable')) = 10.335
14:39:16 [DEBUG] matplotlib.font_manager: findfont: score(FontEntry(fname='C:\\Windows\\Fonts\\arialbd.ttf', name='Arial', style='normal', variant='normal', weight=700, stretch='normal', size='scalable')) = 10.05
14:39:16 [DEBUG] matplotlib.font_manager: findfont: score(FontEntry(fname='C:\\Windows\\Fonts\\DUBAI-MEDIUM.TTF', name='Dubai', style='normal', variant='normal', weight=500, stretch='normal', size='scalable')) = 10.24
14:39:16 [DEBUG] matplotlib.font_manager: findfont: score(FontEntry(fname='C:\\Windows\\Fonts\\calibrii.ttf', name='Calibri', style='italic', variant='normal', weight=400, stretch='normal', size='scalable')) = 11.335
14:39:16 [DEBUG] matplotlib.font_manager: findfont: score(FontEntry(fname='C:\\Windows\\Fonts\\trebucbd.ttf', name='Trebuchet MS', style='normal', variant='normal', weight=700, stretch='normal', size='scalable')) = 10.05
14:39:16 [DEBUG] matplotlib.font_manager: findfont: score(FontEntry(fname='C:\\Windows\\Fonts\\verdanab.ttf', name='Verdana', style='normal', variant='normal', weight=700, stretch='normal', size='scalable')) = 10.05
14:39:16 [DEBUG] matplotlib.font_manager: findfont: score(FontEntry(fname='C:\\Windows\\Fonts\\REFSAN.TTF', name='MS Reference Sans Serif', style='normal', variant='normal', weight=400, stretch='normal', size='scalable')) = 10.335
14:39:16 [DEBUG] matplotlib.font_manager: findfont: score(FontEntry(fname='C:\\Windows\\Fonts\\l_10646.ttf', name='Lucida Sans Unicode', style='normal', variant='normal', weight=400, stretch='normal', size='scalable')) = 10.335
14:39:16 [DEBUG] matplotlib.font_manager: findfont: score(FontEntry(fname='C:\\Windows\\Fonts\\arialbi.ttf', name='Arial', style='italic', variant='normal', weight=700, stretch='normal', size='scalable')) = 11.05
14:39:16 [DEBUG] matplotlib.font_manager: findfont: score(FontEntry(fname='C:\\Windows\\Fonts\\LEELAWDB.TTF', name='Leelawadee', style='normal', variant='normal', weight=700, stretch='normal', size='scalable')) = 10.05
14:39:16 [DEBUG] matplotlib.font_manager: findfont: score(FontEntry(fname='C:\\Windows\\Fonts\\georgia.ttf', name='Georgia', style='normal', variant='normal', weight=400, stretch='normal', size='scalable')) = 10.335
14:39:16 [DEBUG] matplotlib.font_manager: findfont: score(FontEntry(fname='C:\\Windows\\Fonts\\tahoma.ttf', name='Tahoma', style='normal', variant='normal', weight=400, stretch='normal', size='scalable')) = 10.335
14:39:16 [DEBUG] matplotlib.font_manager: findfont: score(FontEntry(fname='C:\\Windows\\Fonts\\FRSCRIPT.TTF', name='French Script MT', style='normal', variant='normal', weight=400, stretch='normal', size='scalable')) = 10.335
14:39:16 [DEBUG] matplotlib.font_manager: findfont: score(FontEntry(fname='C:\\Windows\\Fonts\\GOTHICI.TTF', name='Century Gothic', style='italic', variant='normal', weight=400, stretch='normal', size='scalable')) = 11.335
14:39:16 [DEBUG] matplotlib.font_manager: findfont: score(FontEntry(fname='C:\\Windows\\Fonts\\segoescb.ttf', name='Segoe Script', style='normal', variant='normal', weight=700, stretch='normal', size='scalable')) = 10.05
14:39:16 [DEBUG] matplotlib.font_manager: findfont: score(FontEntry(fname='C:\\Windows\\Fonts\\PRISTINA.TTF', name='Pristina', style='normal', variant='normal', weight=400, stretch='normal', size='scalable')) = 10.335
14:39:16 [DEBUG] matplotlib.font_manager: findfont: score(FontEntry(fname='C:\\Windows\\Fonts\\sylfaen.ttf', name='Sylfaen', style='normal', variant='normal', weight=400, stretch='normal', size='scalable')) = 10.335
14:39:16 [DEBUG] matplotlib.font_manager: findfont: score(FontEntry(fname='C:\\Windows\\Fonts\\ntailub.ttf', name='Microsoft New Tai Lue', style='normal', variant='normal', weight=700, stretch='normal', size='scalable')) = 10.05
14:39:16 [DEBUG] matplotlib.font_manager: findfont: score(FontEntry(fname='C:\\Windows\\Fonts\\seguisli.ttf', name='Segoe UI', style='italic', variant='normal', weight=350, stretch='normal', size='scalable')) = 11.3825
14:39:16 [DEBUG] matplotlib.font_manager: findfont: score(FontEntry(fname='C:\\Windows\\Fonts\\verdanaz.ttf', name='Verdana', style='italic', variant='normal', weight=700, stretch='normal', size='scalable')) = 11.05
14:39:16 [DEBUG] matplotlib.font_manager: findfont: score(FontEntry(fname='C:\\Windows\\Fonts\\webdings.ttf', name='Webdings', style='normal', variant='normal', weight=400, stretch='normal', size='scalable')) = 10.335
14:39:16 [DEBUG] matplotlib.font_manager: findfont: score(FontEntry(fname='C:\\Windows\\Fonts\\PAPYRUS.TTF', name='Papyrus', style='normal', variant='normal', weight=400, stretch='normal', size='scalable')) = 10.335
14:39:16 [DEBUG] matplotlib.font_manager: findfont: Matching sans\-serif:style=normal:variant=normal:weight=bold:stretch=normal:size=14.0 to SimHei ('C:\\Windows\\Fonts\\simhei.ttf') with score of 0.335000.
14:39:17 [INFO] charts:   图表已保存: output/charts/02_large_small_rotation.png
14:39:17 [INFO] charts: [图表3] ETF净流入...
14:39:17 [DEBUG] PIL.PngImagePlugin: STREAM b'IHDR' 16 13
14:39:17 [DEBUG] PIL.PngImagePlugin: STREAM b'sBIT' 41 4
14:39:17 [DEBUG] PIL.PngImagePlugin: b'sBIT' 41 4 (unknown)
14:39:17 [DEBUG] PIL.PngImagePlugin: STREAM b'pHYs' 57 9
14:39:17 [DEBUG] PIL.PngImagePlugin: STREAM b'IDAT' 78 1189
14:39:17 [DEBUG] PIL.PngImagePlugin: STREAM b'IHDR' 16 13
14:39:17 [DEBUG] PIL.PngImagePlugin: STREAM b'sBIT' 41 4
14:39:17 [DEBUG] PIL.PngImagePlugin: b'sBIT' 41 4 (unknown)
14:39:17 [DEBUG] PIL.PngImagePlugin: STREAM b'pHYs' 57 9
14:39:17 [DEBUG] PIL.PngImagePlugin: STREAM b'IDAT' 78 2994
14:39:17 [DEBUG] PIL.PngImagePlugin: STREAM b'IHDR' 16 13
14:39:17 [DEBUG] PIL.PngImagePlugin: STREAM b'sBIT' 41 4
14:39:17 [DEBUG] PIL.PngImagePlugin: b'sBIT' 41 4 (unknown)
14:39:17 [DEBUG] PIL.PngImagePlugin: STREAM b'pHYs' 57 9
14:39:17 [DEBUG] PIL.PngImagePlugin: STREAM b'IDAT' 78 696
14:39:17 [DEBUG] PIL.PngImagePlugin: STREAM b'IHDR' 16 13
14:39:17 [DEBUG] PIL.PngImagePlugin: STREAM b'sBIT' 41 4
14:39:17 [DEBUG] PIL.PngImagePlugin: b'sBIT' 41 4 (unknown)
14:39:17 [DEBUG] PIL.PngImagePlugin: STREAM b'pHYs' 57 9
14:39:17 [DEBUG] PIL.PngImagePlugin: STREAM b'IDAT' 78 526
14:39:17 [DEBUG] PIL.PngImagePlugin: STREAM b'IHDR' 16 13
14:39:17 [DEBUG] PIL.PngImagePlugin: STREAM b'sBIT' 41 4
14:39:17 [DEBUG] PIL.PngImagePlugin: b'sBIT' 41 4 (unknown)
14:39:17 [DEBUG] PIL.PngImagePlugin: STREAM b'pHYs' 57 9
14:39:17 [DEBUG] PIL.PngImagePlugin: STREAM b'IDAT' 78 499
14:39:17 [DEBUG] PIL.PngImagePlugin: STREAM b'IHDR' 16 13
14:39:17 [DEBUG] PIL.PngImagePlugin: STREAM b'sBIT' 41 4
14:39:17 [DEBUG] PIL.PngImagePlugin: b'sBIT' 41 4 (unknown)
14:39:17 [DEBUG] PIL.PngImagePlugin: STREAM b'pHYs' 57 9
14:39:17 [DEBUG] PIL.PngImagePlugin: STREAM b'IDAT' 78 673
14:39:17 [DEBUG] PIL.PngImagePlugin: STREAM b'IHDR' 16 13
14:39:17 [DEBUG] PIL.PngImagePlugin: STREAM b'sBIT' 41 4
14:39:17 [DEBUG] PIL.PngImagePlugin: b'sBIT' 41 4 (unknown)
14:39:17 [DEBUG] PIL.PngImagePlugin: STREAM b'pHYs' 57 9
14:39:17 [DEBUG] PIL.PngImagePlugin: STREAM b'IDAT' 78 922
14:39:17 [DEBUG] PIL.PngImagePlugin: STREAM b'IHDR' 16 13
14:39:17 [DEBUG] PIL.PngImagePlugin: STREAM b'sBIT' 41 4
14:39:17 [DEBUG] PIL.PngImagePlugin: b'sBIT' 41 4 (unknown)
14:39:17 [DEBUG] PIL.PngImagePlugin: STREAM b'pHYs' 57 9
14:39:17 [DEBUG] PIL.PngImagePlugin: STREAM b'IDAT' 78 568
14:39:17 [DEBUG] PIL.PngImagePlugin: STREAM b'IHDR' 16 13
14:39:17 [DEBUG] PIL.PngImagePlugin: STREAM b'sBIT' 41 4
14:39:17 [DEBUG] PIL.PngImagePlugin: b'sBIT' 41 4 (unknown)
14:39:17 [DEBUG] PIL.PngImagePlugin: STREAM b'pHYs' 57 9
14:39:17 [DEBUG] PIL.PngImagePlugin: STREAM b'IDAT' 78 626
14:39:17 [DEBUG] matplotlib.font_manager: findfont: Matching sans\-serif:style=normal:variant=normal:weight=bold:stretch=normal:size=12.0.
14:39:17 [DEBUG] matplotlib.font_manager: findfont: score(FontEntry(fname='C:\\Users\\Administrator\\AppData\\Local\\Programs\\Python\\Python313\\Lib\\site-packages\\matplotlib\\mpl-data\\fonts\\ttf\\STIXSizFourSymReg.ttf', name='STIXSizeFourSym', style='normal', variant='normal', weight=400, stretch='normal', size='scalable')) = 10.335
14:39:17 [DEBUG] matplotlib.font_manager: findfont: score(FontEntry(fname='C:\\Users\\Administrator\\AppData\\Local\\Programs\\Python\\Python313\\Lib\\site-packages\\matplotlib\\mpl-data\\fonts\\ttf\\DejaVuSans-Oblique.ttf', name='DejaVu Sans', style='oblique', variant='normal', weight=400, stretch='normal', size='scalable')) = 9.335
14:39:17 [DEBUG] matplotlib.font_manager: findfont: score(FontEntry(fname='C:\\Users\\Administrator\\AppData\\Local\\Programs\\Python\\Python313\\Lib\\site-packages\\matplotlib\\mpl-data\\fonts\\ttf\\STIXGeneral.ttf', name='STIXGeneral', style='normal', variant='normal', weight=400, stretch='normal', size='scalable')) = 10.335
14:39:17 [DEBUG] matplotlib.font_manager: findfont: score(FontEntry(fname='C:\\Users\\Administrator\\AppData\\Local\\Programs\\Python\\Python313\\Lib\\site-packages\\matplotlib\\mpl-data\\fonts\\ttf\\STIXSizTwoSymBol.ttf', name='STIXSizeTwoSym', style='normal', variant='normal', weight=700, stretch='normal', size='scalable')) = 10.05
14:39:17 [DEBUG] matplotlib.font_manager: findfont: score(FontEntry(fname='C:\\Users\\Administrator\\AppData\\Local\\Programs\\Python\\Python313\\Lib\\site-packages\\matplotlib\\mpl-data\\fonts\\ttf\\STIXSizTwoSymReg.ttf', name='STIXSizeTwoSym', style='normal', variant='normal', weight=400, stretch='normal', size='scalable')) = 10.335
14:39:17 [DEBUG] matplotlib.font_manager: findfont: score(FontEntry(fname='C:\\Users\\Administrator\\AppData\\Local\\Programs\\Python\\Python313\\Lib\\site-packages\\matplotlib\\mpl-data\\fonts\\ttf\\DejaVuSansDisplay.ttf', name='DejaVu Sans Display', style='normal', variant='normal', weight=400, stretch='normal', size='scalable')) = 10.335
14:39:17 [DEBUG] matplotlib.font_manager: findfont: score(FontEntry(fname='C:\\Users\\Administrator\\AppData\\Local\\Programs\\Python\\Python313\\Lib\\site-packages\\matplotlib\\mpl-data\\fonts\\ttf\\cmsy10.ttf', name='cmsy10', style='normal', variant='normal', weight=400, stretch='normal', size='scalable')) = 10.335
14:39:17 [DEBUG] matplotlib.font_manager: findfont: score(FontEntry(fname='C:\\Users\\Administrator\\AppData\\Local\\Programs\\Python\\Python313\\Lib\\site-packages\\matplotlib\\mpl-data\\fonts\\ttf\\cmss10.ttf', name='cmss10', style='normal', variant='normal', weight=400, stretch='normal', size='scalable')) = 10.335
14:39:17 [DEBUG] matplotlib.font_manager: findfont: score(FontEntry(fname='C:\\Users\\Administrator\\AppData\\Local\\Programs\\Python\\Python313\\Lib\\site-packages\\matplotlib\\mpl-data\\fonts\\ttf\\cmtt10.ttf', name='cmtt10', style='normal', variant='normal', weight=400, stretch='normal', size='scalable')) = 10.335
14:39:17 [DEBUG] matplotlib.font_manager: findfont: score(FontEntry(fname='C:\\Users\\Administrator\\AppData\\Local\\Programs\\Python\\Python313\\Lib\\site-packages\\matplotlib\\mpl-data\\fonts\\ttf\\STIXNonUniIta.ttf', name='STIXNonUnicode', style='italic', variant='normal', weight=400, stretch='normal', size='scalable')) = 11.335
14:39:17 [DEBUG] matplotlib.font_manager: findfont: score(FontEntry(fname='C:\\Users\\Administrator\\AppData\\Local\\Programs\\Python\\Python313\\Lib\\site-packages\\matplotlib\\mpl-data\\fonts\\ttf\\DejaVuSansMono.ttf', name='DejaVu Sans Mono', style='normal', variant='normal', weight=400, stretch='normal', size='scalable')) = 10.335
14:39:17 [DEBUG] matplotlib.font_manager: findfont: score(FontEntry(fname='C:\\Users\\Administrator\\AppData\\Local\\Programs\\Python\\Python313\\Lib\\site-packages\\matplotlib\\mpl-data\\fonts\\ttf\\STIXSizOneSymBol.ttf', name='STIXSizeOneSym', style='normal', variant='normal', weight=700, stretch='normal', size='scalable')) = 10.05
14:39:17 [DEBUG] matplotlib.font_manager: findfont: score(FontEntry(fname='C:\\Users\\Administrator\\AppData\\Local\\Programs\\Python\\Python313\\Lib\\site-packages\\matplotlib\\mpl-data\\fonts\\ttf\\STIXGeneralItalic.ttf', name='STIXGeneral', style='italic', variant='normal', weight=400, stretch='normal', size='scalable')) = 11.335
14:39:17 [DEBUG] matplotlib.font_manager: findfont: score(FontEntry(fname='C:\\Users\\Administrator\\AppData\\Local\\Programs\\Python\\Python313\\Lib\\site-packages\\matplotlib\\mpl-data\\fonts\\ttf\\STIXSizThreeSymReg.ttf', name='STIXSizeThreeSym', style='normal', variant='normal', weight=400, stretch='normal', size='scalable')) = 10.335
14:39:17 [DEBUG] matplotlib.font_manager: findfont: score(FontEntry(fname='C:\\Users\\Administrator\\AppData\\Local\\Programs\\Python\\Python313\\Lib\\site-packages\\matplotlib\\mpl-data\\fonts\\ttf\\STIXSizThreeSymBol.ttf', name='STIXSizeThreeSym', style='normal', variant='normal', weight=700, stretch='normal', size='scalable')) = 10.05
14:39:17 [DEBUG] matplotlib.font_manager: findfont: score(FontEntry(fname='C:\\Users\\Administrator\\AppData\\Local\\Programs\\Python\\Python313\\Lib\\site-packages\\matplotlib\\mpl-data\\fonts\\ttf\\DejaVuSerif-Bold.ttf', name='DejaVu Serif', style='normal', variant='normal', weight=700, stretch='normal', size='scalable')) = 10.05
14:39:17 [DEBUG] matplotlib.font_manager: findfont: score(FontEntry(fname='C:\\Users\\Administrator\\AppData\\Local\\Programs\\Python\\Python313\\Lib\\site-packages\\matplotlib\\mpl-data\\fonts\\ttf\\DejaVuSansMono-Oblique.ttf', name='DejaVu Sans Mono', style='oblique', variant='normal', weight=400, stretch='normal', size='scalable')) = 11.335
14:39:17 [DEBUG] matplotlib.font_manager: findfont: score(FontEntry(fname='C:\\Users\\Administrator\\AppData\\Local\\Programs\\Python\\Python313\\Lib\\site-packages\\matplotlib\\mpl-data\\fonts\\ttf\\DejaVuSansMono-BoldOblique.ttf', name='DejaVu Sans Mono', style='oblique', variant='normal', weight=700, stretch='normal', size='scalable')) = 11.05
14:39:17 [DEBUG] matplotlib.font_manager: findfont: score(FontEntry(fname='C:\\Users\\Administrator\\AppData\\Local\\Programs\\Python\\Python313\\Lib\\site-packages\\matplotlib\\mpl-data\\fonts\\ttf\\DejaVuSerif.ttf', name='DejaVu Serif', style='normal', variant='normal', weight=400, stretch='normal', size='scalable')) = 10.335
14:39:17 [DEBUG] matplotlib.font_manager: findfont: score(FontEntry(fname='C:\\Users\\Administrator\\AppData\\Local\\Programs\\Python\\Python313\\Lib\\site-packages\\matplotlib\\mpl-data\\fonts\\ttf\\DejaVuSansMono-Bold.ttf', name='DejaVu Sans Mono', style='normal', variant='normal', weight=700, stretch='normal', size='scalable')) = 10.05
14:39:17 [DEBUG] matplotlib.font_manager: findfont: score(FontEntry(fname='C:\\Users\\Administrator\\AppData\\Local\\Programs\\Python\\Python313\\Lib\\site-packages\\matplotlib\\mpl-data\\fonts\\ttf\\cmex10.ttf', name='cmex10', style='normal', variant='normal', weight=400, stretch='normal', size='scalable')) = 10.335
14:39:17 [DEBUG] matplotlib.font_manager: findfont: score(FontEntry(fname='C:\\Users\\Administrator\\AppData\\Local\\Programs\\Python\\Python313\\Lib\\site-packages\\matplotlib\\mpl-data\\fonts\\ttf\\cmr10.ttf', name='cmr10', style='normal', variant='normal', weight=400, stretch='normal', size='scalable')) = 10.335
14:39:17 [DEBUG] matplotlib.font_manager: findfont: score(FontEntry(fname='C:\\Users\\Administrator\\AppData\\Local\\Programs\\Python\\Python313\\Lib\\site-packages\\matplotlib\\mpl-data\\fonts\\ttf\\STIXNonUniBolIta.ttf', name='STIXNonUnicode', style='italic', variant='normal', weight=700, stretch='normal', size='scalable')) = 11.05
14:39:17 [DEBUG] matplotlib.font_manager: findfont: score(FontEntry(fname='C:\\Users\\Administrator\\AppData\\Local\\Programs\\Python\\Python313\\Lib\\site-packages\\matplotlib\\mpl-data\\fonts\\ttf\\DejaVuSerif-Italic.ttf', name='DejaVu Serif', style='italic', variant='normal', weight=400, stretch='normal', size='scalable')) = 11.335
14:39:17 [DEBUG] matplotlib.font_manager: findfont: score(FontEntry(fname='C:\\Users\\Administrator\\AppData\\Local\\Programs\\Python\\Python313\\Lib\\site-packages\\matplotlib\\mpl-data\\fonts\\ttf\\DejaVuSans-Bold.ttf', name='DejaVu Sans', style='normal', variant='normal', weight=700, stretch='normal', size='scalable')) = 8.05
14:39:17 [DEBUG] matplotlib.font_manager: findfont: score(FontEntry(fname='C:\\Users\\Administrator\\AppData\\Local\\Programs\\Python\\Python313\\Lib\\site-packages\\matplotlib\\mpl-data\\fonts\\ttf\\STIXSizOneSymReg.ttf', name='STIXSizeOneSym', style='normal', variant='normal', weight=400, stretch='normal', size='scalable')) = 10.335
14:39:17 [DEBUG] matplotlib.font_manager: findfont: score(FontEntry(fname='C:\\Users\\Administrator\\AppData\\Local\\Programs\\Python\\Python313\\Lib\\site-packages\\matplotlib\\mpl-data\\fonts\\ttf\\cmb10.ttf', name='cmb10', style='normal', variant='normal', weight=400, stretch='normal', size='scalable')) = 10.335
14:39:17 [DEBUG] matplotlib.font_manager: findfont: score(FontEntry(fname='C:\\Users\\Administrator\\AppData\\Local\\Programs\\Python\\Python313\\Lib\\site-packages\\matplotlib\\mpl-data\\fonts\\ttf\\STIXSizFourSymBol.ttf', name='STIXSizeFourSym', style='normal', variant='normal', weight=700, stretch='normal', size='scalable')) = 10.05
14:39:17 [DEBUG] matplotlib.font_manager: findfont: score(FontEntry(fname='C:\\Users\\Administrator\\AppData\\Local\\Programs\\Python\\Python313\\Lib\\site-packages\\matplotlib\\mpl-data\\fonts\\ttf\\DejaVuSerif-BoldItalic.ttf', name='DejaVu Serif', style='italic', variant='normal', weight=700, stretch='normal', size='scalable')) = 11.05
14:39:17 [DEBUG] matplotlib.font_manager: findfont: score(FontEntry(fname='C:\\Users\\Administrator\\AppData\\Local\\Programs\\Python\\Python313\\Lib\\site-packages\\matplotlib\\mpl-data\\fonts\\ttf\\DejaVuSans.ttf', name='DejaVu Sans', style='normal', variant='normal', weight=400, stretch='normal', size='scalable')) = 8.335
14:39:17 [DEBUG] matplotlib.font_manager: findfont: score(FontEntry(fname='C:\\Users\\Administrator\\AppData\\Local\\Programs\\Python\\Python313\\Lib\\site-packages\\matplotlib\\mpl-data\\fonts\\ttf\\STIXGeneralBol.ttf', name='STIXGeneral', style='normal', variant='normal', weight=700, stretch='normal', size='scalable')) = 10.05
14:39:17 [DEBUG] matplotlib.font_manager: findfont: score(FontEntry(fname='C:\\Users\\Administrator\\AppData\\Local\\Programs\\Python\\Python313\\Lib\\site-packages\\matplotlib\\mpl-data\\fonts\\ttf\\STIXGeneralBolIta.ttf', name='STIXGeneral', style='italic', variant='normal', weight=700, stretch='normal', size='scalable')) = 11.05
14:39:17 [DEBUG] matplotlib.font_manager: findfont: score(FontEntry(fname='C:\\Users\\Administrator\\AppData\\Local\\Programs\\Python\\Python313\\Lib\\site-packages\\matplotlib\\mpl-data\\fonts\\ttf\\STIXNonUniBol.ttf', name='STIXNonUnicode', style='normal', variant='normal', weight=700, stretch='normal', size='scalable')) = 10.05
14:39:17 [DEBUG] matplotlib.font_manager: findfont: score(FontEntry(fname='C:\\Users\\Administrator\\AppData\\Local\\Programs\\Python\\Python313\\Lib\\site-packages\\matplotlib\\mpl-data\\fonts\\ttf\\DejaVuSerifDisplay.ttf', name='DejaVu Serif Display', style='normal', variant='normal', weight=400, stretch='normal', size='scalable')) = 10.335
14:39:17 [DEBUG] matplotlib.font_manager: findfont: score(FontEntry(fname='C:\\Users\\Administrator\\AppData\\Local\\Programs\\Python\\Python313\\Lib\\site-packages\\matplotlib\\mpl-data\\fonts\\ttf\\DejaVuSans-BoldOblique.ttf', name='DejaVu Sans', style='oblique', variant='normal', weight=700, stretch='normal', size='scalable')) = 9.05
14:39:17 [DEBUG] matplotlib.font_manager: findfont: score(FontEntry(fname='C:\\Users\\Administrator\\AppData\\Local\\Programs\\Python\\Python313\\Lib\\site-packages\\matplotlib\\mpl-data\\fonts\\ttf\\STIXNonUni.ttf', name='STIXNonUnicode', style='normal', variant='normal', weight=400, stretch='normal', size='scalable')) = 10.335
14:39:17 [DEBUG] matplotlib.font_manager: findfont: score(FontEntry(fname='C:\\Users\\Administrator\\AppData\\Local\\Programs\\Python\\Python313\\Lib\\site-packages\\matplotlib\\mpl-data\\fonts\\ttf\\STIXSizFiveSymReg.ttf', name='STIXSizeFiveSym', style='normal', variant='normal', weight=400, stretch='normal', size='scalable')) = 10.335
14:39:17 [DEBUG] matplotlib.font_manager: findfont: score(FontEntry(fname='C:\\Users\\Administrator\\AppData\\Local\\Programs\\Python\\Python313\\Lib\\site-packages\\matplotlib\\mpl-data\\fonts\\ttf\\cmmi10.ttf', name='cmmi10', style='normal', variant='normal', weight=400, stretch='normal', size='scalable')) = 10.335
14:39:17 [DEBUG] matplotlib.font_manager: findfont: score(FontEntry(fname='C:\\Windows\\Fonts\\SitkaVF.ttf', name='Sitka', style='normal', variant='normal', weight=400, stretch='normal', size='scalable')) = 10.335
14:39:17 [DEBUG] matplotlib.font_manager: findfont: score(FontEntry(fname='C:\\Windows\\Fonts\\msyi.ttf', name='Microsoft Yi Baiti', style='normal', variant='normal', weight=400, stretch='normal', size='scalable')) = 10.335
14:39:17 [DEBUG] matplotlib.font_manager: findfont: score(FontEntry(fname='C:\\Windows\\Fonts\\simfang.ttf', name='FangSong', style='normal', variant='normal', weight=400, stretch='normal', size='scalable')) = 10.335
14:39:17 [DEBUG] matplotlib.font_manager: findfont: score(FontEntry(fname='C:\\Windows\\Fonts\\calibril.ttf', name='Calibri', style='normal', variant='normal', weight=300, stretch='normal', size='scalable')) = 10.43
14:39:17 [DEBUG] matplotlib.font_manager: findfont: score(FontEntry(fname='C:\\Windows\\Fonts\\malgunsl.ttf', name='Malgun Gothic', style='normal', variant='normal', weight=300, stretch='normal', size='scalable')) = 10.43
14:39:17 [DEBUG] matplotlib.font_manager: findfont: score(FontEntry(fname='C:\\Windows\\Fonts\\times.ttf', name='Times New Roman', style='normal', variant='normal', weight=400, stretch='normal', size='scalable')) = 10.335
14:39:17 [DEBUG] matplotlib.font_manager: findfont: score(FontEntry(fname='C:\\Windows\\Fonts\\corbell.ttf', name='Corbel', style='normal', variant='normal', weight=300, stretch='normal', size='scalable')) = 10.43
14:39:17 [DEBUG] matplotlib.font_manager: findfont: score(FontEntry(fname='C:\\Windows\\Fonts\\Dengb.ttf', name='DengXian', style='normal', variant='normal', weight=700, stretch='normal', size='scalable')) = 10.05
14:39:17 [DEBUG] matplotlib.font_manager: findfont: score(FontEntry(fname='C:\\Windows\\Fonts\\Candarab.ttf', name='Candara', style='normal', variant='normal', weight=700, stretch='normal', size='scalable')) = 10.05
14:39:17 [DEBUG] matplotlib.font_manager: findfont: score(FontEntry(fname='C:\\Windows\\Fonts\\STXIHEI.TTF', name='STXihei', style='normal', variant='normal', weight=400, stretch='normal', size='scalable')) = 10.335
14:39:17 [DEBUG] matplotlib.font_manager: findfont: score(FontEntry(fname='C:\\Windows\\Fonts\\FZYTK.TTF', name='FZYaoTi', style='normal', variant='normal', weight=400, stretch='normal', size='scalable')) = 10.335
14:39:17 [DEBUG] matplotlib.font_manager: findfont: score(FontEntry(fname='C:\\Windows\\Fonts\\palab.ttf', name='Palatino Linotype', style='normal', variant='normal', weight=700, stretch='normal', size='scalable')) = 10.05
14:39:17 [DEBUG] matplotlib.font_manager: findfont: score(FontEntry(fname='C:\\Windows\\Fonts\\BOOKOS.TTF', name='Bookman Old Style', style='normal', variant='normal', weight=300, stretch='normal', size='scalable')) = 10.43
14:39:17 [DEBUG] matplotlib.font_manager: findfont: score(FontEntry(fname='C:\\Windows\\Fonts\\GOTHIC.TTF', name='Century Gothic', style='normal', variant='normal', weight=400, stretch='normal', size='scalable')) = 10.335
14:39:17 [DEBUG] matplotlib.font_manager: findfont: score(FontEntry(fname='C:\\Windows\\Fonts\\comicbd.ttf', name='Comic Sans MS', style='normal', variant='normal', weight=700, stretch='normal', size='scalable')) = 10.05
14:39:17 [DEBUG] matplotlib.font_manager: findfont: score(FontEntry(fname='C:\\Windows\\Fonts\\ARIALNBI.TTF', name='Arial', style='italic', variant='normal', weight=700, stretch='condensed', size='scalable')) = 11.25
14:39:17 [DEBUG] matplotlib.font_manager: findfont: score(FontEntry(fname='C:\\Windows\\Fonts\\msgothic.ttc', name='MS Gothic', style='normal', variant='normal', weight=400, stretch='normal', size='scalable')) = 10.335
14:39:17 [DEBUG] matplotlib.font_manager: findfont: score(FontEntry(fname='C:\\Windows\\Fonts\\malgun.ttf', name='Malgun Gothic', style='normal', variant='normal', weight=400, stretch='normal', size='scalable')) = 10.335
14:39:17 [DEBUG] matplotlib.font_manager: findfont: score(FontEntry(fname='C:\\Windows\\Fonts\\consola.ttf', name='Consolas', style='normal', variant='normal', weight=400, stretch='normal', size='scalable')) = 10.335
14:39:17 [DEBUG] matplotlib.font_manager: findfont: score(FontEntry(fname='C:\\Windows\\Fonts\\seguibli.ttf', name='Segoe UI', style='italic', variant='normal', weight=900, stretch='normal', size='scalable')) = 11.24
14:39:17 [DEBUG] matplotlib.font_manager: findfont: score(FontEntry(fname='C:\\Windows\\Fonts\\LeelaUIb.ttf', name='Leelawadee UI', style='normal', variant='normal', weight=700, stretch='normal', size='scalable')) = 10.05
14:39:17 [DEBUG] matplotlib.font_manager: findfont: score(FontEntry(fname='C:\\Windows\\Fonts\\simsunb.ttf', name='SimSun-ExtB', style='normal', variant='normal', weight=400, stretch='normal', size='scalable')) = 10.335
14:39:17 [DEBUG] matplotlib.font_manager: findfont: score(FontEntry(fname='C:\\Windows\\Fonts\\verdanai.ttf', name='Verdana', style='italic', variant='normal', weight=400, stretch='normal', size='scalable')) = 11.335
14:39:17 [DEBUG] matplotlib.font_manager: findfont: score(FontEntry(fname='C:\\Windows\\Fonts\\consolaz.ttf', name='Consolas', style='italic', variant='normal', weight=700, stretch='normal', size='scalable')) = 11.05
14:39:17 [DEBUG] matplotlib.font_manager: findfont: score(FontEntry(fname='C:\\Windows\\Fonts\\SIMYOU.TTF', name='YouYuan', style='normal', variant='normal', weight=400, stretch='normal', size='scalable')) = 10.335
14:39:17 [DEBUG] matplotlib.font_manager: findfont: score(FontEntry(fname='C:\\Windows\\Fonts\\lucon.ttf', name='Lucida Console', style='normal', variant='normal', weight=400, stretch='normal', size='scalable')) = 10.335
14:39:17 [DEBUG] matplotlib.font_manager: findfont: score(FontEntry(fname='C:\\Windows\\Fonts\\ANTQUABI.TTF', name='Book Antiqua', style='italic', variant='normal', weight=700, stretch='normal', size='scalable')) = 11.05
14:39:17 [DEBUG] matplotlib.font_manager: findfont: score(FontEntry(fname='C:\\Windows\\Fonts\\seguisym.ttf', name='Segoe UI Symbol', style='normal', variant='normal', weight=400, stretch='normal', size='scalable')) = 10.335
14:39:17 [DEBUG] matplotlib.font_manager: findfont: score(FontEntry(fname='C:\\Windows\\Fonts\\STSONG.TTF', name='STSong', style='normal', variant='normal', weight=400, stretch='normal', size='scalable')) = 10.335
14:39:17 [DEBUG] matplotlib.font_manager: findfont: score(FontEntry(fname='C:\\Windows\\Fonts\\cambriaz.ttf', name='Cambria', style='italic', variant='normal', weight=700, stretch='normal', size='scalable')) = 11.05
14:39:17 [DEBUG] matplotlib.font_manager: findfont: score(FontEntry(fname='C:\\Windows\\Fonts\\segoeui.ttf', name='Segoe UI', style='normal', variant='normal', weight=400, stretch='normal', size='scalable')) = 10.335
14:39:17 [DEBUG] matplotlib.font_manager: findfont: score(FontEntry(fname='C:\\Windows\\Fonts\\malgunbd.ttf', name='Malgun Gothic', style='normal', variant='normal', weight=700, stretch='normal', size='scalable')) = 10.05
14:39:17 [DEBUG] matplotlib.font_manager: findfont: score(FontEntry(fname='C:\\Windows\\Fonts\\FZSTK.TTF', name='FZShuTi', style='normal', variant='normal', weight=400, stretch='normal', size='scalable')) = 10.335
14:39:17 [DEBUG] matplotlib.font_manager: findfont: score(FontEntry(fname='C:\\Windows\\Fonts\\DUBAI-LIGHT.TTF', name='Dubai', style='normal', variant='normal', weight=300, stretch='normal', size='scalable')) = 10.43
14:39:17 [DEBUG] matplotlib.font_manager: findfont: score(FontEntry(fname='C:\\Windows\\Fonts\\STFANGSO.TTF', name='STFangsong', style='normal', variant='normal', weight=400, stretch='normal', size='scalable')) = 10.335
14:39:17 [DEBUG] matplotlib.font_manager: findfont: score(FontEntry(fname='C:\\Windows\\Fonts\\LEELAWAD.TTF', name='Leelawadee', style='normal', variant='normal', weight=400, stretch='normal', size='scalable')) = 10.335
14:39:17 [DEBUG] matplotlib.font_manager: findfont: score(FontEntry(fname='C:\\Windows\\Fonts\\BOOKOSB.TTF', name='Bookman Old Style', style='normal', variant='normal', weight=600, stretch='normal', size='scalable')) = 10.145
14:39:17 [DEBUG] matplotlib.font_manager: findfont: score(FontEntry(fname='C:\\Windows\\Fonts\\cambria.ttc', name='Cambria', style='normal', variant='normal', weight=400, stretch='normal', size='scalable')) = 10.335
14:39:17 [DEBUG] matplotlib.font_manager: findfont: score(FontEntry(fname='C:\\Windows\\Fonts\\Candaraz.ttf', name='Candara', style='italic', variant='normal', weight=700, stretch='normal', size='scalable')) = 11.05
14:39:17 [DEBUG] matplotlib.font_manager: findfont: score(FontEntry(fname='C:\\Windows\\Fonts\\segoepr.ttf', name='Segoe Print', style='normal', variant='normal', weight=400, stretch='normal', size='scalable')) = 10.335
14:39:17 [DEBUG] matplotlib.font_manager: findfont: score(FontEntry(fname='C:\\Windows\\Fonts\\comic.ttf', name='Comic Sans MS', style='normal', variant='normal', weight=400, stretch='normal', size='scalable')) = 10.335
14:39:17 [DEBUG] matplotlib.font_manager: findfont: score(FontEntry(fname='C:\\Windows\\Fonts\\phagspab.ttf', name='Microsoft PhagsPa', style='normal', variant='normal', weight=700, stretch='normal', size='scalable')) = 10.05
14:39:17 [DEBUG] matplotlib.font_manager: findfont: score(FontEntry(fname='C:\\Windows\\Fonts\\timesbi.ttf', name='Times New Roman', style='italic', variant='normal', weight=700, stretch='normal', size='scalable')) = 11.05
14:39:17 [DEBUG] matplotlib.font_manager: findfont: score(FontEntry(fname='C:\\Windows\\Fonts\\SansSerifCollection.ttf', name='Sans Serif Collection', style='normal', variant='normal', weight=400, stretch='normal', size='scalable')) = 10.335
14:39:17 [DEBUG] matplotlib.font_manager: findfont: score(FontEntry(fname='C:\\Windows\\Fonts\\ariali.ttf', name='Arial', style='italic', variant='normal', weight=400, stretch='normal', size='scalable')) = 11.335
14:39:17 [DEBUG] matplotlib.font_manager: findfont: score(FontEntry(fname='C:\\Windows\\Fonts\\LHANDW.TTF', name='Lucida Handwriting', style='italic', variant='normal', weight=400, stretch='normal', size='scalable')) = 11.335
14:39:17 [DEBUG] matplotlib.font_manager: findfont: score(FontEntry(fname='C:\\Windows\\Fonts\\Gabriola.ttf', name='Gabriola', style='normal', variant='normal', weight=400, stretch='normal', size='scalable')) = 10.335
14:39:17 [DEBUG] matplotlib.font_manager: findfont: score(FontEntry(fname='C:\\Windows\\Fonts\\mvboli.ttf', name='MV Boli', style='normal', variant='normal', weight=400, stretch='normal', size='scalable')) = 10.335
14:39:17 [DEBUG] matplotlib.font_manager: findfont: score(FontEntry(fname='C:\\Windows\\Fonts\\WINGDNG3.TTF', name='Wingdings 3', style='normal', variant='normal', weight=400, stretch='normal', size='scalable')) = 10.335
14:39:17 [DEBUG] matplotlib.font_manager: findfont: score(FontEntry(fname='C:\\Windows\\Fonts\\seguili.ttf', name='Segoe UI', style='italic', variant='normal', weight=300, stretch='normal', size='scalable')) = 11.43
14:39:17 [DEBUG] matplotlib.font_manager: findfont: score(FontEntry(fname='C:\\Windows\\Fonts\\micross.ttf', name='Microsoft Sans Serif', style='normal', variant='normal', weight=400, stretch='normal', size='scalable')) = 10.335
14:39:17 [DEBUG] matplotlib.font_manager: findfont: score(FontEntry(fname='C:\\Windows\\Fonts\\tahomabd.ttf', name='Tahoma', style='normal', variant='normal', weight=700, stretch='normal', size='scalable')) = 10.05
14:39:17 [DEBUG] matplotlib.font_manager: findfont: score(FontEntry(fname='C:\\Windows\\Fonts\\calibrili.ttf', name='Calibri', style='italic', variant='normal', weight=300, stretch='normal', size='scalable')) = 11.43
14:39:17 [DEBUG] matplotlib.font_manager: findfont: score(FontEntry(fname='C:\\Windows\\Fonts\\msyhl.ttc', name='Microsoft YaHei', style='normal', variant='normal', weight=290, stretch='normal', size='scalable')) = 2.4395
14:39:17 [DEBUG] matplotlib.font_manager: findfont: score(FontEntry(fname='C:\\Windows\\Fonts\\MSUIGHUR.TTF', name='Microsoft Uighur', style='normal', variant='normal', weight=400, stretch='normal', size='scalable')) = 10.335
14:39:17 [DEBUG] matplotlib.font_manager: findfont: score(FontEntry(fname='C:\\Windows\\Fonts\\segoeuii.ttf', name='Segoe UI', style='italic', variant='normal', weight=400, stretch='normal', size='scalable')) = 11.335
14:39:17 [DEBUG] matplotlib.font_manager: findfont: score(FontEntry(fname='C:\\Windows\\Fonts\\STXINWEI.TTF', name='STXinwei', style='normal', variant='normal', weight=400, stretch='normal', size='scalable')) = 10.335
14:39:17 [DEBUG] matplotlib.font_manager: findfont: score(FontEntry(fname='C:\\Windows\\Fonts\\seguisb.ttf', name='Segoe UI', style='normal', variant='normal', weight=600, stretch='normal', size='scalable')) = 10.145
14:39:17 [DEBUG] matplotlib.font_manager: findfont: score(FontEntry(fname='C:\\Windows\\Fonts\\seguihis.ttf', name='Segoe UI Historic', style='normal', variant='normal', weight=400, stretch='normal', size='scalable')) = 10.335
14:39:17 [DEBUG] matplotlib.font_manager: findfont: score(FontEntry(fname='C:\\Windows\\Fonts\\comici.ttf', name='Comic Sans MS', style='italic', variant='normal', weight=400, stretch='normal', size='scalable')) = 11.335
14:39:17 [DEBUG] matplotlib.font_manager: findfont: score(FontEntry(fname='C:\\Windows\\Fonts\\holomdl2.ttf', name='HoloLens MDL2 Assets', style='normal', variant='normal', weight=400, stretch='normal', size='scalable')) = 10.335
14:39:17 [DEBUG] matplotlib.font_manager: findfont: score(FontEntry(fname='C:\\Windows\\Fonts\\segoeuisl.ttf', name='Segoe UI', style='normal', variant='normal', weight=350, stretch='normal', size='scalable')) = 10.3825
14:39:17 [DEBUG] matplotlib.font_manager: findfont: score(FontEntry(fname='C:\\Windows\\Fonts\\constanb.ttf', name='Constantia', style='normal', variant='normal', weight=700, stretch='normal', size='scalable')) = 10.05
14:39:17 [DEBUG] matplotlib.font_manager: findfont: score(FontEntry(fname='C:\\Windows\\Fonts\\SegUIVar.ttf', name='Segoe UI Variable', style='normal', variant='normal', weight=400, stretch='normal', size='scalable')) = 10.335
14:39:17 [DEBUG] matplotlib.font_manager: findfont: score(FontEntry(fname='C:\\Windows\\Fonts\\couri.ttf', name='Courier New', style='italic', variant='normal', weight=400, stretch='normal', size='scalable')) = 11.335
14:39:17 [DEBUG] matplotlib.font_manager: findfont: score(FontEntry(fname='C:\\Windows\\Fonts\\JUICE___.TTF', name='Juice ITC', style='normal', variant='normal', weight=400, stretch='normal', size='scalable')) = 10.335
14:39:17 [DEBUG] matplotlib.font_manager: findfont: score(FontEntry(fname='C:\\Windows\\Fonts\\taileb.ttf', name='Microsoft Tai Le', style='normal', variant='normal', weight=700, stretch='normal', size='scalable')) = 10.05
14:39:17 [DEBUG] matplotlib.font_manager: findfont: score(FontEntry(fname='C:\\Windows\\Fonts\\wingding.ttf', name='Wingdings', style='normal', variant='normal', weight=400, stretch='normal', size='scalable')) = 10.335
14:39:17 [DEBUG] matplotlib.font_manager: findfont: score(FontEntry(fname='C:\\Windows\\Fonts\\trebuc.ttf', name='Trebuchet MS', style='normal', variant='normal', weight=400, stretch='normal', size='scalable')) = 10.335
14:39:17 [DEBUG] matplotlib.font_manager: findfont: score(FontEntry(fname='C:\\Windows\\Fonts\\Candarali.ttf', name='Candara', style='italic', variant='normal', weight=400, stretch='normal', size='scalable')) = 11.335
14:39:17 [DEBUG] matplotlib.font_manager: findfont: score(FontEntry(fname='C:\\Windows\\Fonts\\Dengl.ttf', name='DengXian', style='normal', variant='normal', weight=300, stretch='normal', size='scalable')) = 10.43
14:39:17 [DEBUG] matplotlib.font_manager: findfont: score(FontEntry(fname='C:\\Windows\\Fonts\\constan.ttf', name='Constantia', style='normal', variant='normal', weight=400, stretch='normal', size='scalable')) = 10.335
14:39:17 [DEBUG] matplotlib.font_manager: findfont: score(FontEntry(fname='C:\\Users\\Administrator\\AppData\\Local\\Microsoft\\Windows\\Fonts\\UbuntuMono[wght].ttf', name='Ubuntu Mono', style='normal', variant='normal', weight=400, stretch='normal', size='scalable')) = 10.335
14:39:17 [DEBUG] matplotlib.font_manager: findfont: score(FontEntry(fname='C:\\Windows\\Fonts\\taile.ttf', name='Microsoft Tai Le', style='normal', variant='normal', weight=400, stretch='normal', size='scalable')) = 10.335
14:39:17 [DEBUG] matplotlib.font_manager: findfont: score(FontEntry(fname='C:\\Windows\\Fonts\\corbel.ttf', name='Corbel', style='normal', variant='normal', weight=400, stretch='normal', size='scalable')) = 10.335
14:39:17 [DEBUG] matplotlib.font_manager: findfont: score(FontEntry(fname='C:\\Windows\\Fonts\\MSUIGHUB.TTF', name='Microsoft Uighur', style='normal', variant='normal', weight=700, stretch='normal', size='scalable')) = 10.05
14:39:17 [DEBUG] matplotlib.font_manager: findfont: score(FontEntry(fname='C:\\Windows\\Fonts\\msjhl.ttc', name='Microsoft JhengHei', style='normal', variant='normal', weight=290, stretch='normal', size='scalable')) = 10.4395
14:39:17 [DEBUG] matplotlib.font_manager: findfont: score(FontEntry(fname='C:\\Windows\\Fonts\\gadugi.ttf', name='Gadugi', style='normal', variant='normal', weight=400, stretch='normal', size='scalable')) = 10.335
14:39:17 [DEBUG] matplotlib.font_manager: findfont: score(FontEntry(fname='C:\\Windows\\Fonts\\LeelawUI.ttf', name='Leelawadee UI', style='normal', variant='normal', weight=400, stretch='normal', size='scalable')) = 10.335
14:39:17 [DEBUG] matplotlib.font_manager: findfont: score(FontEntry(fname='C:\\Windows\\Fonts\\framd.ttf', name='Franklin Gothic Medium', style='normal', variant='normal', weight=400, stretch='normal', size='scalable')) = 10.335
14:39:17 [DEBUG] matplotlib.font_manager: findfont: score(FontEntry(fname='C:\\Windows\\Fonts\\javatext.ttf', name='Javanese Text', style='normal', variant='normal', weight=400, stretch='normal', size='scalable')) = 10.335
14:39:17 [DEBUG] matplotlib.font_manager: findfont: score(FontEntry(fname='C:\\Windows\\Fonts\\NirmalaB.ttf', name='Nirmala UI', style='normal', variant='normal', weight=700, stretch='normal', size='scalable')) = 10.05
14:39:17 [DEBUG] matplotlib.font_manager: findfont: score(FontEntry(fname='C:\\Windows\\Fonts\\monbaiti.ttf', name='Mongolian Baiti', style='normal', variant='normal', weight=400, stretch='normal', size='scalable')) = 10.335
14:39:17 [DEBUG] matplotlib.font_manager: findfont: score(FontEntry(fname='C:\\Windows\\Fonts\\YuGothB.ttc', name='Yu Gothic', style='normal', variant='normal', weight=700, stretch='normal', size='scalable')) = 10.05
14:39:17 [DEBUG] matplotlib.font_manager: findfont: score(FontEntry(fname='C:\\Windows\\Fonts\\timesi.ttf', name='Times New Roman', style='italic', variant='normal', weight=400, stretch='normal', size='scalable')) = 11.335
14:39:17 [DEBUG] matplotlib.font_manager: findfont: score(FontEntry(fname='C:\\Windows\\Fonts\\YuGothL.ttc', name='Yu Gothic', style='normal', variant='normal', weight=300, stretch='normal', size='scalable')) = 10.43
14:39:17 [DEBUG] matplotlib.font_manager: findfont: score(FontEntry(fname='C:\\Windows\\Fonts\\framdit.ttf', name='Franklin Gothic Medium', style='italic', variant='normal', weight=400, stretch='normal', size='scalable')) = 11.335
14:39:17 [DEBUG] matplotlib.font_manager: findfont: score(FontEntry(fname='C:\\Windows\\Fonts\\SitkaVF-Italic.ttf', name='Sitka', style='italic', variant='normal', weight=400, stretch='normal', size='scalable')) = 11.335
14:39:17 [DEBUG] matplotlib.font_manager: findfont: score(FontEntry(fname='C:\\Windows\\Fonts\\BKANT.TTF', name='Book Antiqua', style='normal', variant='normal', weight=400, stretch='normal', size='scalable')) = 10.335
14:39:17 [DEBUG] matplotlib.font_manager: findfont: score(FontEntry(fname='C:\\Windows\\Fonts\\ntailu.ttf', name='Microsoft New Tai Lue', style='normal', variant='normal', weight=400, stretch='normal', size='scalable')) = 10.335
14:39:17 [DEBUG] matplotlib.font_manager: findfont: score(FontEntry(fname='C:\\Windows\\Fonts\\ebrima.ttf', name='Ebrima', style='normal', variant='normal', weight=400, stretch='normal', size='scalable')) = 10.335
14:39:17 [DEBUG] matplotlib.font_manager: findfont: score(FontEntry(fname='C:\\Windows\\Fonts\\seguisbi.ttf', name='Segoe UI', style='italic', variant='normal', weight=600, stretch='normal', size='scalable')) = 11.145
14:39:17 [DEBUG] matplotlib.font_manager: findfont: score(FontEntry(fname='C:\\Windows\\Fonts\\STLITI.TTF', name='STLiti', style='normal', variant='normal', weight=400, stretch='normal', size='scalable')) = 10.335
14:39:17 [DEBUG] matplotlib.font_manager: findfont: score(FontEntry(fname='C:\\Windows\\Fonts\\seguiemj.ttf', name='Segoe UI Emoji', style='normal', variant='normal', weight=400, stretch='normal', size='scalable')) = 10.335
14:39:17 [DEBUG] matplotlib.font_manager: findfont: score(FontEntry(fname='C:\\Windows\\Fonts\\Candara.ttf', name='Candara', style='normal', variant='normal', weight=400, stretch='normal', size='scalable')) = 10.335
14:39:17 [DEBUG] matplotlib.font_manager: findfont: score(FontEntry(fname='C:\\Windows\\Fonts\\seguibl.ttf', name='Segoe UI', style='normal', variant='normal', weight=900, stretch='normal', size='scalable')) = 10.24
14:39:17 [DEBUG] matplotlib.font_manager: findfont: score(FontEntry(fname='C:\\Windows\\Fonts\\NirmalaS.ttf', name='Nirmala UI', style='normal', variant='normal', weight=350, stretch='normal', size='scalable')) = 10.3825
14:39:17 [DEBUG] matplotlib.font_manager: findfont: score(FontEntry(fname='C:\\Windows\\Fonts\\segoeprb.ttf', name='Segoe Print', style='normal', variant='normal', weight=700, stretch='normal', size='scalable')) = 10.05
14:39:17 [DEBUG] matplotlib.font_manager: findfont: score(FontEntry(fname='C:\\Windows\\Fonts\\GOTHICBI.TTF', name='Century Gothic', style='italic', variant='normal', weight=700, stretch='normal', size='scalable')) = 11.05
14:39:17 [DEBUG] matplotlib.font_manager: findfont: score(FontEntry(fname='C:\\Windows\\Fonts\\cambriai.ttf', name='Cambria', style='italic', variant='normal', weight=400, stretch='normal', size='scalable')) = 11.335
14:39:17 [DEBUG] matplotlib.font_manager: findfont: score(FontEntry(fname='C:\\Windows\\Fonts\\CENTURY.TTF', name='Century', style='normal', variant='normal', weight=400, stretch='normal', size='scalable')) = 10.335
14:39:17 [DEBUG] matplotlib.font_manager: findfont: score(FontEntry(fname='C:\\Windows\\Fonts\\symbol.ttf', name='Symbol', style='normal', variant='normal', weight=400, stretch='normal', size='scalable')) = 10.335
14:39:17 [DEBUG] matplotlib.font_manager: findfont: score(FontEntry(fname='C:\\Windows\\Fonts\\msjh.ttc', name='Microsoft JhengHei', style='normal', variant='normal', weight=400, stretch='normal', size='scalable')) = 10.335
14:39:17 [DEBUG] matplotlib.font_manager: findfont: score(FontEntry(fname='C:\\Windows\\Fonts\\FREESCPT.TTF', name='Freestyle Script', style='normal', variant='normal', weight=400, stretch='normal', size='scalable')) = 10.335
14:39:17 [DEBUG] matplotlib.font_manager: findfont: score(FontEntry(fname='C:\\Windows\\Fonts\\timesbd.ttf', name='Times New Roman', style='normal', variant='normal', weight=700, stretch='normal', size='scalable')) = 10.05
14:39:17 [DEBUG] matplotlib.font_manager: findfont: score(FontEntry(fname='C:\\Windows\\Fonts\\MISTRAL.TTF', name='Mistral', style='normal', variant='normal', weight=400, stretch='normal', size='scalable')) = 10.335
14:39:17 [DEBUG] matplotlib.font_manager: findfont: score(FontEntry(fname='C:\\Windows\\Fonts\\ITCKRIST.TTF', name='Kristen ITC', style='normal', variant='normal', weight=400, stretch='normal', size='scalable')) = 10.335
14:39:17 [DEBUG] matplotlib.font_manager: findfont: score(FontEntry(fname='C:\\Windows\\Fonts\\ARIALNI.TTF', name='Arial', style='italic', variant='normal', weight=400, stretch='condensed', size='scalable')) = 11.535
14:39:17 [DEBUG] matplotlib.font_manager: findfont: score(FontEntry(fname='C:\\Windows\\Fonts\\mmrtextb.ttf', name='Myanmar Text', style='normal', variant='normal', weight=700, stretch='normal', size='scalable')) = 10.05
14:39:17 [DEBUG] matplotlib.font_manager: findfont: score(FontEntry(fname='C:\\Windows\\Fonts\\LeelUIsl.ttf', name='Leelawadee UI', style='normal', variant='normal', weight=350, stretch='normal', size='scalable')) = 10.3825
14:39:17 [DEBUG] matplotlib.font_manager: findfont: score(FontEntry(fname='C:\\Windows\\Fonts\\BRADHITC.TTF', name='Bradley Hand ITC', style='normal', variant='normal', weight=400, stretch='normal', size='scalable')) = 10.335
14:39:17 [DEBUG] matplotlib.font_manager: findfont: score(FontEntry(fname='C:\\Windows\\Fonts\\calibri.ttf', name='Calibri', style='normal', variant='normal', weight=400, stretch='normal', size='scalable')) = 10.335
14:39:17 [DEBUG] matplotlib.font_manager: findfont: score(FontEntry(fname='C:\\Windows\\Fonts\\Deng.ttf', name='DengXian', style='normal', variant='normal', weight=400, stretch='normal', size='scalable')) = 10.335
14:39:17 [DEBUG] matplotlib.font_manager: findfont: score(FontEntry(fname='C:\\Windows\\Fonts\\STKAITI.TTF', name='STKaiti', style='normal', variant='normal', weight=400, stretch='normal', size='scalable')) = 10.335
14:39:17 [DEBUG] matplotlib.font_manager: findfont: score(FontEntry(fname='C:\\Windows\\Fonts\\Inkfree.ttf', name='Ink Free', style='normal', variant='normal', weight=400, stretch='normal', size='scalable')) = 10.335
14:39:17 [DEBUG] matplotlib.font_manager: findfont: score(FontEntry(fname='C:\\Windows\\Fonts\\msjhbd.ttc', name='Microsoft JhengHei', style='normal', variant='normal', weight=700, stretch='normal', size='scalable')) = 10.05
14:39:17 [DEBUG] matplotlib.font_manager: findfont: score(FontEntry(fname='C:\\Windows\\Fonts\\simhei.ttf', name='SimHei', style='normal', variant='normal', weight=400, stretch='normal', size='scalable')) = 0.33499999999999996
14:39:17 [DEBUG] matplotlib.font_manager: findfont: score(FontEntry(fname='C:\\Windows\\Fonts\\STZHONGS.TTF', name='STZhongsong', style='normal', variant='normal', weight=400, stretch='normal', size='scalable')) = 10.335
14:39:17 [DEBUG] matplotlib.font_manager: findfont: score(FontEntry(fname='C:\\Windows\\Fonts\\georgiai.ttf', name='Georgia', style='italic', variant='normal', weight=400, stretch='normal', size='scalable')) = 11.335
14:39:17 [DEBUG] matplotlib.font_manager: findfont: score(FontEntry(fname='C:\\Windows\\Fonts\\calibriz.ttf', name='Calibri', style='italic', variant='normal', weight=700, stretch='normal', size='scalable')) = 11.05
14:39:17 [DEBUG] matplotlib.font_manager: findfont: score(FontEntry(fname='C:\\Windows\\Fonts\\comicz.ttf', name='Comic Sans MS', style='italic', variant='normal', weight=700, stretch='normal', size='scalable')) = 11.05
14:39:17 [DEBUG] matplotlib.font_manager: findfont: score(FontEntry(fname='C:\\Windows\\Fonts\\impact.ttf', name='Impact', style='normal', variant='normal', weight=400, stretch='normal', size='scalable')) = 10.335
14:39:17 [DEBUG] matplotlib.font_manager: findfont: score(FontEntry(fname='C:\\Windows\\Fonts\\pala.ttf', name='Palatino Linotype', style='normal', variant='normal', weight=400, stretch='normal', size='scalable')) = 10.335
14:39:17 [DEBUG] matplotlib.font_manager: findfont: score(FontEntry(fname='C:\\Windows\\Fonts\\Candarai.ttf', name='Candara', style='italic', variant='normal', weight=400, stretch='normal', size='scalable')) = 11.335
14:39:17 [DEBUG] matplotlib.font_manager: findfont: score(FontEntry(fname='C:\\Windows\\Fonts\\consolai.ttf', name='Consolas', style='italic', variant='normal', weight=400, stretch='normal', size='scalable')) = 11.335
14:39:17 [DEBUG] matplotlib.font_manager: findfont: score(FontEntry(fname='C:\\Windows\\Fonts\\msyh.ttc', name='Microsoft YaHei', style='normal', variant='normal', weight=400, stretch='normal', size='scalable')) = 2.335
14:39:17 [DEBUG] matplotlib.font_manager: findfont: score(FontEntry(fname='C:\\Windows\\Fonts\\STHUPO.TTF', name='STHupo', style='normal', variant='normal', weight=400, stretch='normal', size='scalable')) = 10.335
14:39:17 [DEBUG] matplotlib.font_manager: findfont: score(FontEntry(fname='C:\\Windows\\Fonts\\GARA.TTF', name='Garamond', style='normal', variant='normal', weight=400, stretch='normal', size='scalable')) = 10.335
14:39:17 [DEBUG] matplotlib.font_manager: findfont: score(FontEntry(fname='C:\\Windows\\Fonts\\arial.ttf', name='Arial', style='normal', variant='normal', weight=400, stretch='normal', size='scalable')) = 10.335
14:39:17 [DEBUG] matplotlib.font_manager: findfont: score(FontEntry(fname='C:\\Windows\\Fonts\\georgiaz.ttf', name='Georgia', style='italic', variant='normal', weight=700, stretch='normal', size='scalable')) = 11.05
14:39:17 [DEBUG] matplotlib.font_manager: findfont: score(FontEntry(fname='C:\\Windows\\Fonts\\trebucbi.ttf', name='Trebuchet MS', style='italic', variant='normal', weight=700, stretch='normal', size='scalable')) = 11.05
14:39:17 [DEBUG] matplotlib.font_manager: findfont: score(FontEntry(fname='C:\\Windows\\Fonts\\simsun.ttc', name='SimSun', style='normal', variant='normal', weight=400, stretch='normal', size='scalable')) = 10.335
14:39:17 [DEBUG] matplotlib.font_manager: findfont: score(FontEntry(fname='C:\\Windows\\Fonts\\mmrtext.ttf', name='Myanmar Text', style='normal', variant='normal', weight=400, stretch='normal', size='scalable')) = 10.335
14:39:17 [DEBUG] matplotlib.font_manager: findfont: score(FontEntry(fname='C:\\Windows\\Fonts\\palai.ttf', name='Palatino Linotype', style='italic', variant='normal', weight=400, stretch='normal', size='scalable')) = 11.335
14:39:17 [DEBUG] matplotlib.font_manager: findfont: score(FontEntry(fname='C:\\Windows\\Fonts\\trebucit.ttf', name='Trebuchet MS', style='italic', variant='normal', weight=400, stretch='normal', size='scalable')) = 11.335
14:39:17 [DEBUG] matplotlib.font_manager: findfont: score(FontEntry(fname='C:\\Windows\\Fonts\\GARABD.TTF', name='Garamond', style='normal', variant='normal', weight=700, stretch='normal', size='scalable')) = 10.05
14:39:17 [DEBUG] matplotlib.font_manager: findfont: score(FontEntry(fname='C:\\Windows\\Fonts\\ANTQUAI.TTF', name='Book Antiqua', style='italic', variant='normal', weight=400, stretch='normal', size='scalable')) = 11.335
14:39:17 [DEBUG] matplotlib.font_manager: findfont: score(FontEntry(fname='C:\\Windows\\Fonts\\corbelz.ttf', name='Corbel', style='italic', variant='normal', weight=700, stretch='normal', size='scalable')) = 11.05
14:39:17 [DEBUG] matplotlib.font_manager: findfont: score(FontEntry(fname='C:\\Windows\\Fonts\\gadugib.ttf', name='Gadugi', style='normal', variant='normal', weight=700, stretch='normal', size='scalable')) = 10.05
14:39:17 [DEBUG] matplotlib.font_manager: findfont: score(FontEntry(fname='C:\\Windows\\Fonts\\ANTQUAB.TTF', name='Book Antiqua', style='normal', variant='normal', weight=700, stretch='normal', size='scalable')) = 10.05
14:39:17 [DEBUG] matplotlib.font_manager: findfont: score(FontEntry(fname='C:\\Windows\\Fonts\\courbd.ttf', name='Courier New', style='normal', variant='normal', weight=700, stretch='normal', size='scalable')) = 10.05
14:39:17 [DEBUG] matplotlib.font_manager: findfont: score(FontEntry(fname='C:\\Windows\\Fonts\\courbi.ttf', name='Courier New', style='italic', variant='normal', weight=700, stretch='normal', size='scalable')) = 11.05
14:39:17 [DEBUG] matplotlib.font_manager: findfont: score(FontEntry(fname='C:\\Windows\\Fonts\\himalaya.ttf', name='Microsoft Himalaya', style='normal', variant='normal', weight=400, stretch='normal', size='scalable')) = 10.335
14:39:17 [DEBUG] matplotlib.font_manager: findfont: score(FontEntry(fname='C:\\Windows\\Fonts\\GOTHICB.TTF', name='Century Gothic', style='normal', variant='normal', weight=700, stretch='normal', size='scalable')) = 10.05
14:39:17 [DEBUG] matplotlib.font_manager: findfont: score(FontEntry(fname='C:\\Windows\\Fonts\\cambriab.ttf', name='Cambria', style='normal', variant='normal', weight=700, stretch='normal', size='scalable')) = 10.05
14:39:17 [DEBUG] matplotlib.font_manager: findfont: score(FontEntry(fname='C:\\Windows\\Fonts\\STCAIYUN.TTF', name='STCaiyun', style='normal', variant='normal', weight=400, stretch='normal', size='scalable')) = 10.335
14:39:17 [DEBUG] matplotlib.font_manager: findfont: score(FontEntry(fname='C:\\Windows\\Fonts\\REFSPCL.TTF', name='MS Reference Specialty', style='normal', variant='normal', weight=400, stretch='normal', size='scalable')) = 10.335
14:39:17 [DEBUG] matplotlib.font_manager: findfont: score(FontEntry(fname='C:\\Windows\\Fonts\\GARAIT.TTF', name='Garamond', style='italic', variant='normal', weight=400, stretch='normal', size='scalable')) = 11.335
14:39:17 [DEBUG] matplotlib.font_manager: findfont: score(FontEntry(fname='C:\\Windows\\Fonts\\constanz.ttf', name='Constantia', style='italic', variant='normal', weight=700, stretch='normal', size='scalable')) = 11.05
14:39:17 [DEBUG] matplotlib.font_manager: findfont: score(FontEntry(fname='C:\\Windows\\Fonts\\SIMLI.TTF', name='LiSu', style='normal', variant='normal', weight=400, stretch='normal', size='scalable')) = 10.335
14:39:17 [DEBUG] matplotlib.font_manager: findfont: score(FontEntry(fname='C:\\Windows\\Fonts\\cour.ttf', name='Courier New', style='normal', variant='normal', weight=400, stretch='normal', size='scalable')) = 10.335
14:39:17 [DEBUG] matplotlib.font_manager: findfont: score(FontEntry(fname='C:\\Windows\\Fonts\\MTCORSVA.TTF', name='Monotype Corsiva', style='normal', variant='normal', weight=400, stretch='normal', size='scalable')) = 10.335
14:39:17 [DEBUG] matplotlib.font_manager: findfont: score(FontEntry(fname='C:\\Windows\\Fonts\\simkai.ttf', name='KaiTi', style='normal', variant='normal', weight=400, stretch='normal', size='scalable')) = 10.335
14:39:17 [DEBUG] matplotlib.font_manager: findfont: score(FontEntry(fname='C:\\Windows\\Fonts\\segoeuil.ttf', name='Segoe UI', style='normal', variant='normal', weight=300, stretch='normal', size='scalable')) = 10.43
14:39:17 [DEBUG] matplotlib.font_manager: findfont: score(FontEntry(fname='C:\\Windows\\Fonts\\consolab.ttf', name='Consolas', style='normal', variant='normal', weight=700, stretch='normal', size='scalable')) = 10.05
14:39:17 [DEBUG] matplotlib.font_manager: findfont: score(FontEntry(fname='C:\\Windows\\Fonts\\segoesc.ttf', name='Segoe Script', style='normal', variant='normal', weight=400, stretch='normal', size='scalable')) = 10.335
14:39:17 [DEBUG] matplotlib.font_manager: findfont: score(FontEntry(fname='C:\\Windows\\Fonts\\ARIALN.TTF', name='Arial', style='normal', variant='normal', weight=400, stretch='condensed', size='scalable')) = 10.535
14:39:17 [DEBUG] matplotlib.font_manager: findfont: score(FontEntry(fname='C:\\Windows\\Fonts\\verdana.ttf', name='Verdana', style='normal', variant='normal', weight=400, stretch='normal', size='scalable')) = 10.335
14:39:17 [DEBUG] matplotlib.font_manager: findfont: score(FontEntry(fname='C:\\Windows\\Fonts\\DUBAI-BOLD.TTF', name='Dubai', style='normal', variant='normal', weight=700, stretch='normal', size='scalable')) = 10.05
14:39:17 [DEBUG] matplotlib.font_manager: findfont: score(FontEntry(fname='C:\\Windows\\Fonts\\BOOKOSI.TTF', name='Bookman Old Style', style='italic', variant='normal', weight=300, stretch='normal', size='scalable')) = 11.43
14:39:17 [DEBUG] matplotlib.font_manager: findfont: score(FontEntry(fname='C:\\Windows\\Fonts\\TEMPSITC.TTF', name='Tempus Sans ITC', style='normal', variant='normal', weight=400, stretch='normal', size='scalable')) = 10.335
14:39:17 [DEBUG] matplotlib.font_manager: findfont: score(FontEntry(fname='C:\\Windows\\Fonts\\palabi.ttf', name='Palatino Linotype', style='italic', variant='normal', weight=700, stretch='normal', size='scalable')) = 11.05
14:39:17 [DEBUG] matplotlib.font_manager: findfont: score(FontEntry(fname='C:\\Windows\\Fonts\\corbeli.ttf', name='Corbel', style='italic', variant='normal', weight=400, stretch='normal', size='scalable')) = 11.335
14:39:17 [DEBUG] matplotlib.font_manager: findfont: score(FontEntry(fname='C:\\Windows\\Fonts\\msyhbd.ttc', name='Microsoft YaHei', style='normal', variant='normal', weight=700, stretch='normal', size='scalable')) = 2.05
14:39:17 [DEBUG] matplotlib.font_manager: findfont: score(FontEntry(fname='C:\\Windows\\Fonts\\corbelb.ttf', name='Corbel', style='normal', variant='normal', weight=700, stretch='normal', size='scalable')) = 10.05
14:39:17 [DEBUG] matplotlib.font_manager: findfont: score(FontEntry(fname='C:\\Windows\\Fonts\\Candaral.ttf', name='Candara', style='normal', variant='normal', weight=400, stretch='normal', size='scalable')) = 10.335
14:39:17 [DEBUG] matplotlib.font_manager: findfont: score(FontEntry(fname='C:\\Windows\\Fonts\\bahnschrift.ttf', name='Bahnschrift', style='normal', variant='normal', weight=400, stretch='normal', size='scalable')) = 10.335
14:39:17 [DEBUG] matplotlib.font_manager: findfont: score(FontEntry(fname='C:\\Windows\\Fonts\\mingliub.ttc', name='MingLiU-ExtB', style='normal', variant='normal', weight=400, stretch='normal', size='scalable')) = 10.335
14:39:17 [DEBUG] matplotlib.font_manager: findfont: score(FontEntry(fname='C:\\Windows\\Fonts\\YuGothR.ttc', name='Yu Gothic', style='normal', variant='normal', weight=400, stretch='normal', size='scalable')) = 10.335
14:39:17 [DEBUG] matplotlib.font_manager: findfont: score(FontEntry(fname='C:\\Windows\\Fonts\\segoeuiz.ttf', name='Segoe UI', style='italic', variant='normal', weight=700, stretch='normal', size='scalable')) = 11.05
14:39:17 [DEBUG] matplotlib.font_manager: findfont: score(FontEntry(fname='C:\\Windows\\Fonts\\phagspa.ttf', name='Microsoft PhagsPa', style='normal', variant='normal', weight=400, stretch='normal', size='scalable')) = 10.335
14:39:17 [DEBUG] matplotlib.font_manager: findfont: score(FontEntry(fname='C:\\Windows\\Fonts\\segoeuib.ttf', name='Segoe UI', style='normal', variant='normal', weight=700, stretch='normal', size='scalable')) = 10.05
14:39:17 [DEBUG] matplotlib.font_manager: findfont: score(FontEntry(fname='C:\\Windows\\Fonts\\georgiab.ttf', name='Georgia', style='normal', variant='normal', weight=700, stretch='normal', size='scalable')) = 10.05
14:39:17 [DEBUG] matplotlib.font_manager: findfont: score(FontEntry(fname='C:\\Windows\\Fonts\\ebrimabd.ttf', name='Ebrima', style='normal', variant='normal', weight=700, stretch='normal', size='scalable')) = 10.05
14:39:17 [DEBUG] matplotlib.font_manager: findfont: score(FontEntry(fname='C:\\Windows\\Fonts\\constani.ttf', name='Constantia', style='italic', variant='normal', weight=400, stretch='normal', size='scalable')) = 11.335
14:39:17 [DEBUG] matplotlib.font_manager: findfont: score(FontEntry(fname='C:\\Windows\\Fonts\\segmdl2.ttf', name='Segoe MDL2 Assets', style='normal', variant='normal', weight=400, stretch='normal', size='scalable')) = 10.335
14:39:17 [DEBUG] matplotlib.font_manager: findfont: score(FontEntry(fname='C:\\Windows\\Fonts\\BOOKOSBI.TTF', name='Bookman Old Style', style='italic', variant='normal', weight=600, stretch='normal', size='scalable')) = 11.145
14:39:17 [DEBUG] matplotlib.font_manager: findfont: score(FontEntry(fname='C:\\Windows\\Fonts\\corbelli.ttf', name='Corbel', style='italic', variant='normal', weight=300, stretch='normal', size='scalable')) = 11.43
14:39:17 [DEBUG] matplotlib.font_manager: findfont: score(FontEntry(fname='C:\\Windows\\Fonts\\SegoeIcons.ttf', name='Segoe Fluent Icons', style='normal', variant='normal', weight=400, stretch='normal', size='scalable')) = 10.335
14:39:17 [DEBUG] matplotlib.font_manager: findfont: score(FontEntry(fname='C:\\Windows\\Fonts\\BSSYM7.TTF', name='Bookshelf Symbol 7', style='normal', variant='normal', weight=400, stretch='normal', size='scalable')) = 10.335
14:39:17 [DEBUG] matplotlib.font_manager: findfont: score(FontEntry(fname='C:\\Windows\\Fonts\\DUBAI-REGULAR.TTF', name='Dubai', style='normal', variant='normal', weight=400, stretch='normal', size='scalable')) = 10.335
14:39:17 [DEBUG] matplotlib.font_manager: findfont: score(FontEntry(fname='C:\\Windows\\Fonts\\ariblk.ttf', name='Arial', style='normal', variant='normal', weight=900, stretch='normal', size='scalable')) = 10.24
14:39:17 [DEBUG] matplotlib.font_manager: findfont: score(FontEntry(fname='C:\\Windows\\Fonts\\ARIALNB.TTF', name='Arial', style='normal', variant='normal', weight=700, stretch='condensed', size='scalable')) = 10.25
14:39:17 [DEBUG] matplotlib.font_manager: findfont: score(FontEntry(fname='C:\\Windows\\Fonts\\WINGDNG2.TTF', name='Wingdings 2', style='normal', variant='normal', weight=400, stretch='normal', size='scalable')) = 10.335
14:39:17 [DEBUG] matplotlib.font_manager: findfont: score(FontEntry(fname='C:\\Windows\\Fonts\\Nirmala.ttf', name='Nirmala UI', style='normal', variant='normal', weight=400, stretch='normal', size='scalable')) = 10.335
14:39:17 [DEBUG] matplotlib.font_manager: findfont: score(FontEntry(fname='C:\\Windows\\Fonts\\YuGothM.ttc', name='Yu Gothic', style='normal', variant='normal', weight=500, stretch='normal', size='scalable')) = 10.24
14:39:17 [DEBUG] matplotlib.font_manager: findfont: score(FontEntry(fname='C:\\Windows\\Fonts\\calibrib.ttf', name='Calibri', style='normal', variant='normal', weight=700, stretch='normal', size='scalable')) = 10.05
14:39:17 [DEBUG] matplotlib.font_manager: findfont: score(FontEntry(fname='C:\\Windows\\Fonts\\STXINGKA.TTF', name='STXingkai', style='normal', variant='normal', weight=400, stretch='normal', size='scalable')) = 10.335
14:39:17 [DEBUG] matplotlib.font_manager: findfont: score(FontEntry(fname='C:\\Windows\\Fonts\\arialbd.ttf', name='Arial', style='normal', variant='normal', weight=700, stretch='normal', size='scalable')) = 10.05
14:39:17 [DEBUG] matplotlib.font_manager: findfont: score(FontEntry(fname='C:\\Windows\\Fonts\\DUBAI-MEDIUM.TTF', name='Dubai', style='normal', variant='normal', weight=500, stretch='normal', size='scalable')) = 10.24
14:39:17 [DEBUG] matplotlib.font_manager: findfont: score(FontEntry(fname='C:\\Windows\\Fonts\\calibrii.ttf', name='Calibri', style='italic', variant='normal', weight=400, stretch='normal', size='scalable')) = 11.335
14:39:17 [DEBUG] matplotlib.font_manager: findfont: score(FontEntry(fname='C:\\Windows\\Fonts\\trebucbd.ttf', name='Trebuchet MS', style='normal', variant='normal', weight=700, stretch='normal', size='scalable')) = 10.05
14:39:17 [DEBUG] matplotlib.font_manager: findfont: score(FontEntry(fname='C:\\Windows\\Fonts\\verdanab.ttf', name='Verdana', style='normal', variant='normal', weight=700, stretch='normal', size='scalable')) = 10.05
14:39:17 [DEBUG] matplotlib.font_manager: findfont: score(FontEntry(fname='C:\\Windows\\Fonts\\REFSAN.TTF', name='MS Reference Sans Serif', style='normal', variant='normal', weight=400, stretch='normal', size='scalable')) = 10.335
14:39:17 [DEBUG] matplotlib.font_manager: findfont: score(FontEntry(fname='C:\\Windows\\Fonts\\l_10646.ttf', name='Lucida Sans Unicode', style='normal', variant='normal', weight=400, stretch='normal', size='scalable')) = 10.335
14:39:17 [DEBUG] matplotlib.font_manager: findfont: score(FontEntry(fname='C:\\Windows\\Fonts\\arialbi.ttf', name='Arial', style='italic', variant='normal', weight=700, stretch='normal', size='scalable')) = 11.05
14:39:17 [DEBUG] matplotlib.font_manager: findfont: score(FontEntry(fname='C:\\Windows\\Fonts\\LEELAWDB.TTF', name='Leelawadee', style='normal', variant='normal', weight=700, stretch='normal', size='scalable')) = 10.05
14:39:17 [DEBUG] matplotlib.font_manager: findfont: score(FontEntry(fname='C:\\Windows\\Fonts\\georgia.ttf', name='Georgia', style='normal', variant='normal', weight=400, stretch='normal', size='scalable')) = 10.335
14:39:17 [DEBUG] matplotlib.font_manager: findfont: score(FontEntry(fname='C:\\Windows\\Fonts\\tahoma.ttf', name='Tahoma', style='normal', variant='normal', weight=400, stretch='normal', size='scalable')) = 10.335
14:39:17 [DEBUG] matplotlib.font_manager: findfont: score(FontEntry(fname='C:\\Windows\\Fonts\\FRSCRIPT.TTF', name='French Script MT', style='normal', variant='normal', weight=400, stretch='normal', size='scalable')) = 10.335
14:39:17 [DEBUG] matplotlib.font_manager: findfont: score(FontEntry(fname='C:\\Windows\\Fonts\\GOTHICI.TTF', name='Century Gothic', style='italic', variant='normal', weight=400, stretch='normal', size='scalable')) = 11.335
14:39:17 [DEBUG] matplotlib.font_manager: findfont: score(FontEntry(fname='C:\\Windows\\Fonts\\segoescb.ttf', name='Segoe Script', style='normal', variant='normal', weight=700, stretch='normal', size='scalable')) = 10.05
14:39:17 [DEBUG] matplotlib.font_manager: findfont: score(FontEntry(fname='C:\\Windows\\Fonts\\PRISTINA.TTF', name='Pristina', style='normal', variant='normal', weight=400, stretch='normal', size='scalable')) = 10.335
14:39:17 [DEBUG] matplotlib.font_manager: findfont: score(FontEntry(fname='C:\\Windows\\Fonts\\sylfaen.ttf', name='Sylfaen', style='normal', variant='normal', weight=400, stretch='normal', size='scalable')) = 10.335
14:39:17 [DEBUG] matplotlib.font_manager: findfont: score(FontEntry(fname='C:\\Windows\\Fonts\\ntailub.ttf', name='Microsoft New Tai Lue', style='normal', variant='normal', weight=700, stretch='normal', size='scalable')) = 10.05
14:39:17 [DEBUG] matplotlib.font_manager: findfont: score(FontEntry(fname='C:\\Windows\\Fonts\\seguisli.ttf', name='Segoe UI', style='italic', variant='normal', weight=350, stretch='normal', size='scalable')) = 11.3825
14:39:17 [DEBUG] matplotlib.font_manager: findfont: score(FontEntry(fname='C:\\Windows\\Fonts\\verdanaz.ttf', name='Verdana', style='italic', variant='normal', weight=700, stretch='normal', size='scalable')) = 11.05
14:39:17 [DEBUG] matplotlib.font_manager: findfont: score(FontEntry(fname='C:\\Windows\\Fonts\\webdings.ttf', name='Webdings', style='normal', variant='normal', weight=400, stretch='normal', size='scalable')) = 10.335
14:39:17 [DEBUG] matplotlib.font_manager: findfont: score(FontEntry(fname='C:\\Windows\\Fonts\\PAPYRUS.TTF', name='Papyrus', style='normal', variant='normal', weight=400, stretch='normal', size='scalable')) = 10.335
14:39:17 [DEBUG] matplotlib.font_manager: findfont: Matching sans\-serif:style=normal:variant=normal:weight=bold:stretch=normal:size=12.0 to SimHei ('C:\\Windows\\Fonts\\simhei.ttf') with score of 0.335000.
14:39:17 [DEBUG] matplotlib.font_manager: findfont: Matching sans\-serif:style=normal:variant=normal:weight=bold:stretch=normal:size=8.0.
14:39:17 [DEBUG] matplotlib.font_manager: findfont: score(FontEntry(fname='C:\\Users\\Administrator\\AppData\\Local\\Programs\\Python\\Python313\\Lib\\site-packages\\matplotlib\\mpl-data\\fonts\\ttf\\STIXSizFourSymReg.ttf', name='STIXSizeFourSym', style='normal', variant='normal', weight=400, stretch='normal', size='scalable')) = 10.335
14:39:17 [DEBUG] matplotlib.font_manager: findfont: score(FontEntry(fname='C:\\Users\\Administrator\\AppData\\Local\\Programs\\Python\\Python313\\Lib\\site-packages\\matplotlib\\mpl-data\\fonts\\ttf\\DejaVuSans-Oblique.ttf', name='DejaVu Sans', style='oblique', variant='normal', weight=400, stretch='normal', size='scalable')) = 9.335
14:39:17 [DEBUG] matplotlib.font_manager: findfont: score(FontEntry(fname='C:\\Users\\Administrator\\AppData\\Local\\Programs\\Python\\Python313\\Lib\\site-packages\\matplotlib\\mpl-data\\fonts\\ttf\\STIXGeneral.ttf', name='STIXGeneral', style='normal', variant='normal', weight=400, stretch='normal', size='scalable')) = 10.335
14:39:17 [DEBUG] matplotlib.font_manager: findfont: score(FontEntry(fname='C:\\Users\\Administrator\\AppData\\Local\\Programs\\Python\\Python313\\Lib\\site-packages\\matplotlib\\mpl-data\\fonts\\ttf\\STIXSizTwoSymBol.ttf', name='STIXSizeTwoSym', style='normal', variant='normal', weight=700, stretch='normal', size='scalable')) = 10.05
14:39:17 [DEBUG] matplotlib.font_manager: findfont: score(FontEntry(fname='C:\\Users\\Administrator\\AppData\\Local\\Programs\\Python\\Python313\\Lib\\site-packages\\matplotlib\\mpl-data\\fonts\\ttf\\STIXSizTwoSymReg.ttf', name='STIXSizeTwoSym', style='normal', variant='normal', weight=400, stretch='normal', size='scalable')) = 10.335
14:39:17 [DEBUG] matplotlib.font_manager: findfont: score(FontEntry(fname='C:\\Users\\Administrator\\AppData\\Local\\Programs\\Python\\Python313\\Lib\\site-packages\\matplotlib\\mpl-data\\fonts\\ttf\\DejaVuSansDisplay.ttf', name='DejaVu Sans Display', style='normal', variant='normal', weight=400, stretch='normal', size='scalable')) = 10.335
14:39:17 [DEBUG] matplotlib.font_manager: findfont: score(FontEntry(fname='C:\\Users\\Administrator\\AppData\\Local\\Programs\\Python\\Python313\\Lib\\site-packages\\matplotlib\\mpl-data\\fonts\\ttf\\cmsy10.ttf', name='cmsy10', style='normal', variant='normal', weight=400, stretch='normal', size='scalable')) = 10.335
14:39:17 [DEBUG] matplotlib.font_manager: findfont: score(FontEntry(fname='C:\\Users\\Administrator\\AppData\\Local\\Programs\\Python\\Python313\\Lib\\site-packages\\matplotlib\\mpl-data\\fonts\\ttf\\cmss10.ttf', name='cmss10', style='normal', variant='normal', weight=400, stretch='normal', size='scalable')) = 10.335
14:39:17 [DEBUG] matplotlib.font_manager: findfont: score(FontEntry(fname='C:\\Users\\Administrator\\AppData\\Local\\Programs\\Python\\Python313\\Lib\\site-packages\\matplotlib\\mpl-data\\fonts\\ttf\\cmtt10.ttf', name='cmtt10', style='normal', variant='normal', weight=400, stretch='normal', size='scalable')) = 10.335
14:39:17 [DEBUG] matplotlib.font_manager: findfont: score(FontEntry(fname='C:\\Users\\Administrator\\AppData\\Local\\Programs\\Python\\Python313\\Lib\\site-packages\\matplotlib\\mpl-data\\fonts\\ttf\\STIXNonUniIta.ttf', name='STIXNonUnicode', style='italic', variant='normal', weight=400, stretch='normal', size='scalable')) = 11.335
14:39:17 [DEBUG] matplotlib.font_manager: findfont: score(FontEntry(fname='C:\\Users\\Administrator\\AppData\\Local\\Programs\\Python\\Python313\\Lib\\site-packages\\matplotlib\\mpl-data\\fonts\\ttf\\DejaVuSansMono.ttf', name='DejaVu Sans Mono', style='normal', variant='normal', weight=400, stretch='normal', size='scalable')) = 10.335
14:39:17 [DEBUG] matplotlib.font_manager: findfont: score(FontEntry(fname='C:\\Users\\Administrator\\AppData\\Local\\Programs\\Python\\Python313\\Lib\\site-packages\\matplotlib\\mpl-data\\fonts\\ttf\\STIXSizOneSymBol.ttf', name='STIXSizeOneSym', style='normal', variant='normal', weight=700, stretch='normal', size='scalable')) = 10.05
14:39:17 [DEBUG] matplotlib.font_manager: findfont: score(FontEntry(fname='C:\\Users\\Administrator\\AppData\\Local\\Programs\\Python\\Python313\\Lib\\site-packages\\matplotlib\\mpl-data\\fonts\\ttf\\STIXGeneralItalic.ttf', name='STIXGeneral', style='italic', variant='normal', weight=400, stretch='normal', size='scalable')) = 11.335
14:39:17 [DEBUG] matplotlib.font_manager: findfont: score(FontEntry(fname='C:\\Users\\Administrator\\AppData\\Local\\Programs\\Python\\Python313\\Lib\\site-packages\\matplotlib\\mpl-data\\fonts\\ttf\\STIXSizThreeSymReg.ttf', name='STIXSizeThreeSym', style='normal', variant='normal', weight=400, stretch='normal', size='scalable')) = 10.335
14:39:17 [DEBUG] matplotlib.font_manager: findfont: score(FontEntry(fname='C:\\Users\\Administrator\\AppData\\Local\\Programs\\Python\\Python313\\Lib\\site-packages\\matplotlib\\mpl-data\\fonts\\ttf\\STIXSizThreeSymBol.ttf', name='STIXSizeThreeSym', style='normal', variant='normal', weight=700, stretch='normal', size='scalable')) = 10.05
14:39:17 [DEBUG] matplotlib.font_manager: findfont: score(FontEntry(fname='C:\\Users\\Administrator\\AppData\\Local\\Programs\\Python\\Python313\\Lib\\site-packages\\matplotlib\\mpl-data\\fonts\\ttf\\DejaVuSerif-Bold.ttf', name='DejaVu Serif', style='normal', variant='normal', weight=700, stretch='normal', size='scalable')) = 10.05
14:39:17 [DEBUG] matplotlib.font_manager: findfont: score(FontEntry(fname='C:\\Users\\Administrator\\AppData\\Local\\Programs\\Python\\Python313\\Lib\\site-packages\\matplotlib\\mpl-data\\fonts\\ttf\\DejaVuSansMono-Oblique.ttf', name='DejaVu Sans Mono', style='oblique', variant='normal', weight=400, stretch='normal', size='scalable')) = 11.335
14:39:17 [DEBUG] matplotlib.font_manager: findfont: score(FontEntry(fname='C:\\Users\\Administrator\\AppData\\Local\\Programs\\Python\\Python313\\Lib\\site-packages\\matplotlib\\mpl-data\\fonts\\ttf\\DejaVuSansMono-BoldOblique.ttf', name='DejaVu Sans Mono', style='oblique', variant='normal', weight=700, stretch='normal', size='scalable')) = 11.05
14:39:17 [DEBUG] matplotlib.font_manager: findfont: score(FontEntry(fname='C:\\Users\\Administrator\\AppData\\Local\\Programs\\Python\\Python313\\Lib\\site-packages\\matplotlib\\mpl-data\\fonts\\ttf\\DejaVuSerif.ttf', name='DejaVu Serif', style='normal', variant='normal', weight=400, stretch='normal', size='scalable')) = 10.335
14:39:17 [DEBUG] matplotlib.font_manager: findfont: score(FontEntry(fname='C:\\Users\\Administrator\\AppData\\Local\\Programs\\Python\\Python313\\Lib\\site-packages\\matplotlib\\mpl-data\\fonts\\ttf\\DejaVuSansMono-Bold.ttf', name='DejaVu Sans Mono', style='normal', variant='normal', weight=700, stretch='normal', size='scalable')) = 10.05
14:39:17 [DEBUG] matplotlib.font_manager: findfont: score(FontEntry(fname='C:\\Users\\Administrator\\AppData\\Local\\Programs\\Python\\Python313\\Lib\\site-packages\\matplotlib\\mpl-data\\fonts\\ttf\\cmex10.ttf', name='cmex10', style='normal', variant='normal', weight=400, stretch='normal', size='scalable')) = 10.335
14:39:17 [DEBUG] matplotlib.font_manager: findfont: score(FontEntry(fname='C:\\Users\\Administrator\\AppData\\Local\\Programs\\Python\\Python313\\Lib\\site-packages\\matplotlib\\mpl-data\\fonts\\ttf\\cmr10.ttf', name='cmr10', style='normal', variant='normal', weight=400, stretch='normal', size='scalable')) = 10.335
14:39:17 [DEBUG] matplotlib.font_manager: findfont: score(FontEntry(fname='C:\\Users\\Administrator\\AppData\\Local\\Programs\\Python\\Python313\\Lib\\site-packages\\matplotlib\\mpl-data\\fonts\\ttf\\STIXNonUniBolIta.ttf', name='STIXNonUnicode', style='italic', variant='normal', weight=700, stretch='normal', size='scalable')) = 11.05
14:39:17 [DEBUG] matplotlib.font_manager: findfont: score(FontEntry(fname='C:\\Users\\Administrator\\AppData\\Local\\Programs\\Python\\Python313\\Lib\\site-packages\\matplotlib\\mpl-data\\fonts\\ttf\\DejaVuSerif-Italic.ttf', name='DejaVu Serif', style='italic', variant='normal', weight=400, stretch='normal', size='scalable')) = 11.335
14:39:17 [DEBUG] matplotlib.font_manager: findfont: score(FontEntry(fname='C:\\Users\\Administrator\\AppData\\Local\\Programs\\Python\\Python313\\Lib\\site-packages\\matplotlib\\mpl-data\\fonts\\ttf\\DejaVuSans-Bold.ttf', name='DejaVu Sans', style='normal', variant='normal', weight=700, stretch='normal', size='scalable')) = 8.05
14:39:17 [DEBUG] matplotlib.font_manager: findfont: score(FontEntry(fname='C:\\Users\\Administrator\\AppData\\Local\\Programs\\Python\\Python313\\Lib\\site-packages\\matplotlib\\mpl-data\\fonts\\ttf\\STIXSizOneSymReg.ttf', name='STIXSizeOneSym', style='normal', variant='normal', weight=400, stretch='normal', size='scalable')) = 10.335
14:39:17 [DEBUG] matplotlib.font_manager: findfont: score(FontEntry(fname='C:\\Users\\Administrator\\AppData\\Local\\Programs\\Python\\Python313\\Lib\\site-packages\\matplotlib\\mpl-data\\fonts\\ttf\\cmb10.ttf', name='cmb10', style='normal', variant='normal', weight=400, stretch='normal', size='scalable')) = 10.335
14:39:17 [DEBUG] matplotlib.font_manager: findfont: score(FontEntry(fname='C:\\Users\\Administrator\\AppData\\Local\\Programs\\Python\\Python313\\Lib\\site-packages\\matplotlib\\mpl-data\\fonts\\ttf\\STIXSizFourSymBol.ttf', name='STIXSizeFourSym', style='normal', variant='normal', weight=700, stretch='normal', size='scalable')) = 10.05
14:39:17 [DEBUG] matplotlib.font_manager: findfont: score(FontEntry(fname='C:\\Users\\Administrator\\AppData\\Local\\Programs\\Python\\Python313\\Lib\\site-packages\\matplotlib\\mpl-data\\fonts\\ttf\\DejaVuSerif-BoldItalic.ttf', name='DejaVu Serif', style='italic', variant='normal', weight=700, stretch='normal', size='scalable')) = 11.05
14:39:17 [DEBUG] matplotlib.font_manager: findfont: score(FontEntry(fname='C:\\Users\\Administrator\\AppData\\Local\\Programs\\Python\\Python313\\Lib\\site-packages\\matplotlib\\mpl-data\\fonts\\ttf\\DejaVuSans.ttf', name='DejaVu Sans', style='normal', variant='normal', weight=400, stretch='normal', size='scalable')) = 8.335
14:39:17 [DEBUG] matplotlib.font_manager: findfont: score(FontEntry(fname='C:\\Users\\Administrator\\AppData\\Local\\Programs\\Python\\Python313\\Lib\\site-packages\\matplotlib\\mpl-data\\fonts\\ttf\\STIXGeneralBol.ttf', name='STIXGeneral', style='normal', variant='normal', weight=700, stretch='normal', size='scalable')) = 10.05
14:39:17 [DEBUG] matplotlib.font_manager: findfont: score(FontEntry(fname='C:\\Users\\Administrator\\AppData\\Local\\Programs\\Python\\Python313\\Lib\\site-packages\\matplotlib\\mpl-data\\fonts\\ttf\\STIXGeneralBolIta.ttf', name='STIXGeneral', style='italic', variant='normal', weight=700, stretch='normal', size='scalable')) = 11.05
14:39:17 [DEBUG] matplotlib.font_manager: findfont: score(FontEntry(fname='C:\\Users\\Administrator\\AppData\\Local\\Programs\\Python\\Python313\\Lib\\site-packages\\matplotlib\\mpl-data\\fonts\\ttf\\STIXNonUniBol.ttf', name='STIXNonUnicode', style='normal', variant='normal', weight=700, stretch='normal', size='scalable')) = 10.05
14:39:17 [DEBUG] matplotlib.font_manager: findfont: score(FontEntry(fname='C:\\Users\\Administrator\\AppData\\Local\\Programs\\Python\\Python313\\Lib\\site-packages\\matplotlib\\mpl-data\\fonts\\ttf\\DejaVuSerifDisplay.ttf', name='DejaVu Serif Display', style='normal', variant='normal', weight=400, stretch='normal', size='scalable')) = 10.335
14:39:17 [DEBUG] matplotlib.font_manager: findfont: score(FontEntry(fname='C:\\Users\\Administrator\\AppData\\Local\\Programs\\Python\\Python313\\Lib\\site-packages\\matplotlib\\mpl-data\\fonts\\ttf\\DejaVuSans-BoldOblique.ttf', name='DejaVu Sans', style='oblique', variant='normal', weight=700, stretch='normal', size='scalable')) = 9.05
14:39:17 [DEBUG] matplotlib.font_manager: findfont: score(FontEntry(fname='C:\\Users\\Administrator\\AppData\\Local\\Programs\\Python\\Python313\\Lib\\site-packages\\matplotlib\\mpl-data\\fonts\\ttf\\STIXNonUni.ttf', name='STIXNonUnicode', style='normal', variant='normal', weight=400, stretch='normal', size='scalable')) = 10.335
14:39:17 [DEBUG] matplotlib.font_manager: findfont: score(FontEntry(fname='C:\\Users\\Administrator\\AppData\\Local\\Programs\\Python\\Python313\\Lib\\site-packages\\matplotlib\\mpl-data\\fonts\\ttf\\STIXSizFiveSymReg.ttf', name='STIXSizeFiveSym', style='normal', variant='normal', weight=400, stretch='normal', size='scalable')) = 10.335
14:39:17 [DEBUG] matplotlib.font_manager: findfont: score(FontEntry(fname='C:\\Users\\Administrator\\AppData\\Local\\Programs\\Python\\Python313\\Lib\\site-packages\\matplotlib\\mpl-data\\fonts\\ttf\\cmmi10.ttf', name='cmmi10', style='normal', variant='normal', weight=400, stretch='normal', size='scalable')) = 10.335
14:39:17 [DEBUG] matplotlib.font_manager: findfont: score(FontEntry(fname='C:\\Windows\\Fonts\\SitkaVF.ttf', name='Sitka', style='normal', variant='normal', weight=400, stretch='normal', size='scalable')) = 10.335
14:39:17 [DEBUG] matplotlib.font_manager: findfont: score(FontEntry(fname='C:\\Windows\\Fonts\\msyi.ttf', name='Microsoft Yi Baiti', style='normal', variant='normal', weight=400, stretch='normal', size='scalable')) = 10.335
14:39:17 [DEBUG] matplotlib.font_manager: findfont: score(FontEntry(fname='C:\\Windows\\Fonts\\simfang.ttf', name='FangSong', style='normal', variant='normal', weight=400, stretch='normal', size='scalable')) = 10.335
14:39:17 [DEBUG] matplotlib.font_manager: findfont: score(FontEntry(fname='C:\\Windows\\Fonts\\calibril.ttf', name='Calibri', style='normal', variant='normal', weight=300, stretch='normal', size='scalable')) = 10.43
14:39:17 [DEBUG] matplotlib.font_manager: findfont: score(FontEntry(fname='C:\\Windows\\Fonts\\malgunsl.ttf', name='Malgun Gothic', style='normal', variant='normal', weight=300, stretch='normal', size='scalable')) = 10.43
14:39:17 [DEBUG] matplotlib.font_manager: findfont: score(FontEntry(fname='C:\\Windows\\Fonts\\times.ttf', name='Times New Roman', style='normal', variant='normal', weight=400, stretch='normal', size='scalable')) = 10.335
14:39:17 [DEBUG] matplotlib.font_manager: findfont: score(FontEntry(fname='C:\\Windows\\Fonts\\corbell.ttf', name='Corbel', style='normal', variant='normal', weight=300, stretch='normal', size='scalable')) = 10.43
14:39:17 [DEBUG] matplotlib.font_manager: findfont: score(FontEntry(fname='C:\\Windows\\Fonts\\Dengb.ttf', name='DengXian', style='normal', variant='normal', weight=700, stretch='normal', size='scalable')) = 10.05
14:39:17 [DEBUG] matplotlib.font_manager: findfont: score(FontEntry(fname='C:\\Windows\\Fonts\\Candarab.ttf', name='Candara', style='normal', variant='normal', weight=700, stretch='normal', size='scalable')) = 10.05
14:39:17 [DEBUG] matplotlib.font_manager: findfont: score(FontEntry(fname='C:\\Windows\\Fonts\\STXIHEI.TTF', name='STXihei', style='normal', variant='normal', weight=400, stretch='normal', size='scalable')) = 10.335
14:39:17 [DEBUG] matplotlib.font_manager: findfont: score(FontEntry(fname='C:\\Windows\\Fonts\\FZYTK.TTF', name='FZYaoTi', style='normal', variant='normal', weight=400, stretch='normal', size='scalable')) = 10.335
14:39:17 [DEBUG] matplotlib.font_manager: findfont: score(FontEntry(fname='C:\\Windows\\Fonts\\palab.ttf', name='Palatino Linotype', style='normal', variant='normal', weight=700, stretch='normal', size='scalable')) = 10.05
14:39:17 [DEBUG] matplotlib.font_manager: findfont: score(FontEntry(fname='C:\\Windows\\Fonts\\BOOKOS.TTF', name='Bookman Old Style', style='normal', variant='normal', weight=300, stretch='normal', size='scalable')) = 10.43
14:39:17 [DEBUG] matplotlib.font_manager: findfont: score(FontEntry(fname='C:\\Windows\\Fonts\\GOTHIC.TTF', name='Century Gothic', style='normal', variant='normal', weight=400, stretch='normal', size='scalable')) = 10.335
14:39:17 [DEBUG] matplotlib.font_manager: findfont: score(FontEntry(fname='C:\\Windows\\Fonts\\comicbd.ttf', name='Comic Sans MS', style='normal', variant='normal', weight=700, stretch='normal', size='scalable')) = 10.05
14:39:17 [DEBUG] matplotlib.font_manager: findfont: score(FontEntry(fname='C:\\Windows\\Fonts\\ARIALNBI.TTF', name='Arial', style='italic', variant='normal', weight=700, stretch='condensed', size='scalable')) = 11.25
14:39:17 [DEBUG] matplotlib.font_manager: findfont: score(FontEntry(fname='C:\\Windows\\Fonts\\msgothic.ttc', name='MS Gothic', style='normal', variant='normal', weight=400, stretch='normal', size='scalable')) = 10.335
14:39:17 [DEBUG] matplotlib.font_manager: findfont: score(FontEntry(fname='C:\\Windows\\Fonts\\malgun.ttf', name='Malgun Gothic', style='normal', variant='normal', weight=400, stretch='normal', size='scalable')) = 10.335
14:39:17 [DEBUG] matplotlib.font_manager: findfont: score(FontEntry(fname='C:\\Windows\\Fonts\\consola.ttf', name='Consolas', style='normal', variant='normal', weight=400, stretch='normal', size='scalable')) = 10.335
14:39:17 [DEBUG] matplotlib.font_manager: findfont: score(FontEntry(fname='C:\\Windows\\Fonts\\seguibli.ttf', name='Segoe UI', style='italic', variant='normal', weight=900, stretch='normal', size='scalable')) = 11.24
14:39:17 [DEBUG] matplotlib.font_manager: findfont: score(FontEntry(fname='C:\\Windows\\Fonts\\LeelaUIb.ttf', name='Leelawadee UI', style='normal', variant='normal', weight=700, stretch='normal', size='scalable')) = 10.05
14:39:17 [DEBUG] matplotlib.font_manager: findfont: score(FontEntry(fname='C:\\Windows\\Fonts\\simsunb.ttf', name='SimSun-ExtB', style='normal', variant='normal', weight=400, stretch='normal', size='scalable')) = 10.335
14:39:17 [DEBUG] matplotlib.font_manager: findfont: score(FontEntry(fname='C:\\Windows\\Fonts\\verdanai.ttf', name='Verdana', style='italic', variant='normal', weight=400, stretch='normal', size='scalable')) = 11.335
14:39:17 [DEBUG] matplotlib.font_manager: findfont: score(FontEntry(fname='C:\\Windows\\Fonts\\consolaz.ttf', name='Consolas', style='italic', variant='normal', weight=700, stretch='normal', size='scalable')) = 11.05
14:39:17 [DEBUG] matplotlib.font_manager: findfont: score(FontEntry(fname='C:\\Windows\\Fonts\\SIMYOU.TTF', name='YouYuan', style='normal', variant='normal', weight=400, stretch='normal', size='scalable')) = 10.335
14:39:17 [DEBUG] matplotlib.font_manager: findfont: score(FontEntry(fname='C:\\Windows\\Fonts\\lucon.ttf', name='Lucida Console', style='normal', variant='normal', weight=400, stretch='normal', size='scalable')) = 10.335
14:39:17 [DEBUG] matplotlib.font_manager: findfont: score(FontEntry(fname='C:\\Windows\\Fonts\\ANTQUABI.TTF', name='Book Antiqua', style='italic', variant='normal', weight=700, stretch='normal', size='scalable')) = 11.05
14:39:17 [DEBUG] matplotlib.font_manager: findfont: score(FontEntry(fname='C:\\Windows\\Fonts\\seguisym.ttf', name='Segoe UI Symbol', style='normal', variant='normal', weight=400, stretch='normal', size='scalable')) = 10.335
14:39:17 [DEBUG] matplotlib.font_manager: findfont: score(FontEntry(fname='C:\\Windows\\Fonts\\STSONG.TTF', name='STSong', style='normal', variant='normal', weight=400, stretch='normal', size='scalable')) = 10.335
14:39:17 [DEBUG] matplotlib.font_manager: findfont: score(FontEntry(fname='C:\\Windows\\Fonts\\cambriaz.ttf', name='Cambria', style='italic', variant='normal', weight=700, stretch='normal', size='scalable')) = 11.05
14:39:17 [DEBUG] matplotlib.font_manager: findfont: score(FontEntry(fname='C:\\Windows\\Fonts\\segoeui.ttf', name='Segoe UI', style='normal', variant='normal', weight=400, stretch='normal', size='scalable')) = 10.335
14:39:17 [DEBUG] matplotlib.font_manager: findfont: score(FontEntry(fname='C:\\Windows\\Fonts\\malgunbd.ttf', name='Malgun Gothic', style='normal', variant='normal', weight=700, stretch='normal', size='scalable')) = 10.05
14:39:17 [DEBUG] matplotlib.font_manager: findfont: score(FontEntry(fname='C:\\Windows\\Fonts\\FZSTK.TTF', name='FZShuTi', style='normal', variant='normal', weight=400, stretch='normal', size='scalable')) = 10.335
14:39:17 [DEBUG] matplotlib.font_manager: findfont: score(FontEntry(fname='C:\\Windows\\Fonts\\DUBAI-LIGHT.TTF', name='Dubai', style='normal', variant='normal', weight=300, stretch='normal', size='scalable')) = 10.43
14:39:17 [DEBUG] matplotlib.font_manager: findfont: score(FontEntry(fname='C:\\Windows\\Fonts\\STFANGSO.TTF', name='STFangsong', style='normal', variant='normal', weight=400, stretch='normal', size='scalable')) = 10.335
14:39:17 [DEBUG] matplotlib.font_manager: findfont: score(FontEntry(fname='C:\\Windows\\Fonts\\LEELAWAD.TTF', name='Leelawadee', style='normal', variant='normal', weight=400, stretch='normal', size='scalable')) = 10.335
14:39:17 [DEBUG] matplotlib.font_manager: findfont: score(FontEntry(fname='C:\\Windows\\Fonts\\BOOKOSB.TTF', name='Bookman Old Style', style='normal', variant='normal', weight=600, stretch='normal', size='scalable')) = 10.145
14:39:17 [DEBUG] matplotlib.font_manager: findfont: score(FontEntry(fname='C:\\Windows\\Fonts\\cambria.ttc', name='Cambria', style='normal', variant='normal', weight=400, stretch='normal', size='scalable')) = 10.335
14:39:17 [DEBUG] matplotlib.font_manager: findfont: score(FontEntry(fname='C:\\Windows\\Fonts\\Candaraz.ttf', name='Candara', style='italic', variant='normal', weight=700, stretch='normal', size='scalable')) = 11.05
14:39:17 [DEBUG] matplotlib.font_manager: findfont: score(FontEntry(fname='C:\\Windows\\Fonts\\segoepr.ttf', name='Segoe Print', style='normal', variant='normal', weight=400, stretch='normal', size='scalable')) = 10.335
14:39:17 [DEBUG] matplotlib.font_manager: findfont: score(FontEntry(fname='C:\\Windows\\Fonts\\comic.ttf', name='Comic Sans MS', style='normal', variant='normal', weight=400, stretch='normal', size='scalable')) = 10.335
14:39:17 [DEBUG] matplotlib.font_manager: findfont: score(FontEntry(fname='C:\\Windows\\Fonts\\phagspab.ttf', name='Microsoft PhagsPa', style='normal', variant='normal', weight=700, stretch='normal', size='scalable')) = 10.05
14:39:17 [DEBUG] matplotlib.font_manager: findfont: score(FontEntry(fname='C:\\Windows\\Fonts\\timesbi.ttf', name='Times New Roman', style='italic', variant='normal', weight=700, stretch='normal', size='scalable')) = 11.05
14:39:17 [DEBUG] matplotlib.font_manager: findfont: score(FontEntry(fname='C:\\Windows\\Fonts\\SansSerifCollection.ttf', name='Sans Serif Collection', style='normal', variant='normal', weight=400, stretch='normal', size='scalable')) = 10.335
14:39:17 [DEBUG] matplotlib.font_manager: findfont: score(FontEntry(fname='C:\\Windows\\Fonts\\ariali.ttf', name='Arial', style='italic', variant='normal', weight=400, stretch='normal', size='scalable')) = 11.335
14:39:17 [DEBUG] matplotlib.font_manager: findfont: score(FontEntry(fname='C:\\Windows\\Fonts\\LHANDW.TTF', name='Lucida Handwriting', style='italic', variant='normal', weight=400, stretch='normal', size='scalable')) = 11.335
14:39:17 [DEBUG] matplotlib.font_manager: findfont: score(FontEntry(fname='C:\\Windows\\Fonts\\Gabriola.ttf', name='Gabriola', style='normal', variant='normal', weight=400, stretch='normal', size='scalable')) = 10.335
14:39:17 [DEBUG] matplotlib.font_manager: findfont: score(FontEntry(fname='C:\\Windows\\Fonts\\mvboli.ttf', name='MV Boli', style='normal', variant='normal', weight=400, stretch='normal', size='scalable')) = 10.335
14:39:17 [DEBUG] matplotlib.font_manager: findfont: score(FontEntry(fname='C:\\Windows\\Fonts\\WINGDNG3.TTF', name='Wingdings 3', style='normal', variant='normal', weight=400, stretch='normal', size='scalable')) = 10.335
14:39:17 [DEBUG] matplotlib.font_manager: findfont: score(FontEntry(fname='C:\\Windows\\Fonts\\seguili.ttf', name='Segoe UI', style='italic', variant='normal', weight=300, stretch='normal', size='scalable')) = 11.43
14:39:17 [DEBUG] matplotlib.font_manager: findfont: score(FontEntry(fname='C:\\Windows\\Fonts\\micross.ttf', name='Microsoft Sans Serif', style='normal', variant='normal', weight=400, stretch='normal', size='scalable')) = 10.335
14:39:17 [DEBUG] matplotlib.font_manager: findfont: score(FontEntry(fname='C:\\Windows\\Fonts\\tahomabd.ttf', name='Tahoma', style='normal', variant='normal', weight=700, stretch='normal', size='scalable')) = 10.05
14:39:17 [DEBUG] matplotlib.font_manager: findfont: score(FontEntry(fname='C:\\Windows\\Fonts\\calibrili.ttf', name='Calibri', style='italic', variant='normal', weight=300, stretch='normal', size='scalable')) = 11.43
14:39:17 [DEBUG] matplotlib.font_manager: findfont: score(FontEntry(fname='C:\\Windows\\Fonts\\msyhl.ttc', name='Microsoft YaHei', style='normal', variant='normal', weight=290, stretch='normal', size='scalable')) = 2.4395
14:39:17 [DEBUG] matplotlib.font_manager: findfont: score(FontEntry(fname='C:\\Windows\\Fonts\\MSUIGHUR.TTF', name='Microsoft Uighur', style='normal', variant='normal', weight=400, stretch='normal', size='scalable')) = 10.335
14:39:17 [DEBUG] matplotlib.font_manager: findfont: score(FontEntry(fname='C:\\Windows\\Fonts\\segoeuii.ttf', name='Segoe UI', style='italic', variant='normal', weight=400, stretch='normal', size='scalable')) = 11.335
14:39:17 [DEBUG] matplotlib.font_manager: findfont: score(FontEntry(fname='C:\\Windows\\Fonts\\STXINWEI.TTF', name='STXinwei', style='normal', variant='normal', weight=400, stretch='normal', size='scalable')) = 10.335
14:39:17 [DEBUG] matplotlib.font_manager: findfont: score(FontEntry(fname='C:\\Windows\\Fonts\\seguisb.ttf', name='Segoe UI', style='normal', variant='normal', weight=600, stretch='normal', size='scalable')) = 10.145
14:39:17 [DEBUG] matplotlib.font_manager: findfont: score(FontEntry(fname='C:\\Windows\\Fonts\\seguihis.ttf', name='Segoe UI Historic', style='normal', variant='normal', weight=400, stretch='normal', size='scalable')) = 10.335
14:39:17 [DEBUG] matplotlib.font_manager: findfont: score(FontEntry(fname='C:\\Windows\\Fonts\\comici.ttf', name='Comic Sans MS', style='italic', variant='normal', weight=400, stretch='normal', size='scalable')) = 11.335
14:39:17 [DEBUG] matplotlib.font_manager: findfont: score(FontEntry(fname='C:\\Windows\\Fonts\\holomdl2.ttf', name='HoloLens MDL2 Assets', style='normal', variant='normal', weight=400, stretch='normal', size='scalable')) = 10.335
14:39:17 [DEBUG] matplotlib.font_manager: findfont: score(FontEntry(fname='C:\\Windows\\Fonts\\segoeuisl.ttf', name='Segoe UI', style='normal', variant='normal', weight=350, stretch='normal', size='scalable')) = 10.3825
14:39:17 [DEBUG] matplotlib.font_manager: findfont: score(FontEntry(fname='C:\\Windows\\Fonts\\constanb.ttf', name='Constantia', style='normal', variant='normal', weight=700, stretch='normal', size='scalable')) = 10.05
14:39:17 [DEBUG] matplotlib.font_manager: findfont: score(FontEntry(fname='C:\\Windows\\Fonts\\SegUIVar.ttf', name='Segoe UI Variable', style='normal', variant='normal', weight=400, stretch='normal', size='scalable')) = 10.335
14:39:17 [DEBUG] matplotlib.font_manager: findfont: score(FontEntry(fname='C:\\Windows\\Fonts\\couri.ttf', name='Courier New', style='italic', variant='normal', weight=400, stretch='normal', size='scalable')) = 11.335
14:39:17 [DEBUG] matplotlib.font_manager: findfont: score(FontEntry(fname='C:\\Windows\\Fonts\\JUICE___.TTF', name='Juice ITC', style='normal', variant='normal', weight=400, stretch='normal', size='scalable')) = 10.335
14:39:17 [DEBUG] matplotlib.font_manager: findfont: score(FontEntry(fname='C:\\Windows\\Fonts\\taileb.ttf', name='Microsoft Tai Le', style='normal', variant='normal', weight=700, stretch='normal', size='scalable')) = 10.05
14:39:17 [DEBUG] matplotlib.font_manager: findfont: score(FontEntry(fname='C:\\Windows\\Fonts\\wingding.ttf', name='Wingdings', style='normal', variant='normal', weight=400, stretch='normal', size='scalable')) = 10.335
14:39:17 [DEBUG] matplotlib.font_manager: findfont: score(FontEntry(fname='C:\\Windows\\Fonts\\trebuc.ttf', name='Trebuchet MS', style='normal', variant='normal', weight=400, stretch='normal', size='scalable')) = 10.335
14:39:17 [DEBUG] matplotlib.font_manager: findfont: score(FontEntry(fname='C:\\Windows\\Fonts\\Candarali.ttf', name='Candara', style='italic', variant='normal', weight=400, stretch='normal', size='scalable')) = 11.335
14:39:17 [DEBUG] matplotlib.font_manager: findfont: score(FontEntry(fname='C:\\Windows\\Fonts\\Dengl.ttf', name='DengXian', style='normal', variant='normal', weight=300, stretch='normal', size='scalable')) = 10.43
14:39:17 [DEBUG] matplotlib.font_manager: findfont: score(FontEntry(fname='C:\\Windows\\Fonts\\constan.ttf', name='Constantia', style='normal', variant='normal', weight=400, stretch='normal', size='scalable')) = 10.335
14:39:17 [DEBUG] matplotlib.font_manager: findfont: score(FontEntry(fname='C:\\Users\\Administrator\\AppData\\Local\\Microsoft\\Windows\\Fonts\\UbuntuMono[wght].ttf', name='Ubuntu Mono', style='normal', variant='normal', weight=400, stretch='normal', size='scalable')) = 10.335
14:39:17 [DEBUG] matplotlib.font_manager: findfont: score(FontEntry(fname='C:\\Windows\\Fonts\\taile.ttf', name='Microsoft Tai Le', style='normal', variant='normal', weight=400, stretch='normal', size='scalable')) = 10.335
14:39:17 [DEBUG] matplotlib.font_manager: findfont: score(FontEntry(fname='C:\\Windows\\Fonts\\corbel.ttf', name='Corbel', style='normal', variant='normal', weight=400, stretch='normal', size='scalable')) = 10.335
14:39:17 [DEBUG] matplotlib.font_manager: findfont: score(FontEntry(fname='C:\\Windows\\Fonts\\MSUIGHUB.TTF', name='Microsoft Uighur', style='normal', variant='normal', weight=700, stretch='normal', size='scalable')) = 10.05
14:39:17 [DEBUG] matplotlib.font_manager: findfont: score(FontEntry(fname='C:\\Windows\\Fonts\\msjhl.ttc', name='Microsoft JhengHei', style='normal', variant='normal', weight=290, stretch='normal', size='scalable')) = 10.4395
14:39:17 [DEBUG] matplotlib.font_manager: findfont: score(FontEntry(fname='C:\\Windows\\Fonts\\gadugi.ttf', name='Gadugi', style='normal', variant='normal', weight=400, stretch='normal', size='scalable')) = 10.335
14:39:17 [DEBUG] matplotlib.font_manager: findfont: score(FontEntry(fname='C:\\Windows\\Fonts\\LeelawUI.ttf', name='Leelawadee UI', style='normal', variant='normal', weight=400, stretch='normal', size='scalable')) = 10.335
14:39:17 [DEBUG] matplotlib.font_manager: findfont: score(FontEntry(fname='C:\\Windows\\Fonts\\framd.ttf', name='Franklin Gothic Medium', style='normal', variant='normal', weight=400, stretch='normal', size='scalable')) = 10.335
14:39:17 [DEBUG] matplotlib.font_manager: findfont: score(FontEntry(fname='C:\\Windows\\Fonts\\javatext.ttf', name='Javanese Text', style='normal', variant='normal', weight=400, stretch='normal', size='scalable')) = 10.335
14:39:17 [DEBUG] matplotlib.font_manager: findfont: score(FontEntry(fname='C:\\Windows\\Fonts\\NirmalaB.ttf', name='Nirmala UI', style='normal', variant='normal', weight=700, stretch='normal', size='scalable')) = 10.05
14:39:17 [DEBUG] matplotlib.font_manager: findfont: score(FontEntry(fname='C:\\Windows\\Fonts\\monbaiti.ttf', name='Mongolian Baiti', style='normal', variant='normal', weight=400, stretch='normal', size='scalable')) = 10.335
14:39:17 [DEBUG] matplotlib.font_manager: findfont: score(FontEntry(fname='C:\\Windows\\Fonts\\YuGothB.ttc', name='Yu Gothic', style='normal', variant='normal', weight=700, stretch='normal', size='scalable')) = 10.05
14:39:17 [DEBUG] matplotlib.font_manager: findfont: score(FontEntry(fname='C:\\Windows\\Fonts\\timesi.ttf', name='Times New Roman', style='italic', variant='normal', weight=400, stretch='normal', size='scalable')) = 11.335
14:39:17 [DEBUG] matplotlib.font_manager: findfont: score(FontEntry(fname='C:\\Windows\\Fonts\\YuGothL.ttc', name='Yu Gothic', style='normal', variant='normal', weight=300, stretch='normal', size='scalable')) = 10.43
14:39:17 [DEBUG] matplotlib.font_manager: findfont: score(FontEntry(fname='C:\\Windows\\Fonts\\framdit.ttf', name='Franklin Gothic Medium', style='italic', variant='normal', weight=400, stretch='normal', size='scalable')) = 11.335
14:39:17 [DEBUG] matplotlib.font_manager: findfont: score(FontEntry(fname='C:\\Windows\\Fonts\\SitkaVF-Italic.ttf', name='Sitka', style='italic', variant='normal', weight=400, stretch='normal', size='scalable')) = 11.335
14:39:17 [DEBUG] matplotlib.font_manager: findfont: score(FontEntry(fname='C:\\Windows\\Fonts\\BKANT.TTF', name='Book Antiqua', style='normal', variant='normal', weight=400, stretch='normal', size='scalable')) = 10.335
14:39:17 [DEBUG] matplotlib.font_manager: findfont: score(FontEntry(fname='C:\\Windows\\Fonts\\ntailu.ttf', name='Microsoft New Tai Lue', style='normal', variant='normal', weight=400, stretch='normal', size='scalable')) = 10.335
14:39:17 [DEBUG] matplotlib.font_manager: findfont: score(FontEntry(fname='C:\\Windows\\Fonts\\ebrima.ttf', name='Ebrima', style='normal', variant='normal', weight=400, stretch='normal', size='scalable')) = 10.335
14:39:17 [DEBUG] matplotlib.font_manager: findfont: score(FontEntry(fname='C:\\Windows\\Fonts\\seguisbi.ttf', name='Segoe UI', style='italic', variant='normal', weight=600, stretch='normal', size='scalable')) = 11.145
14:39:17 [DEBUG] matplotlib.font_manager: findfont: score(FontEntry(fname='C:\\Windows\\Fonts\\STLITI.TTF', name='STLiti', style='normal', variant='normal', weight=400, stretch='normal', size='scalable')) = 10.335
14:39:17 [DEBUG] matplotlib.font_manager: findfont: score(FontEntry(fname='C:\\Windows\\Fonts\\seguiemj.ttf', name='Segoe UI Emoji', style='normal', variant='normal', weight=400, stretch='normal', size='scalable')) = 10.335
14:39:17 [DEBUG] matplotlib.font_manager: findfont: score(FontEntry(fname='C:\\Windows\\Fonts\\Candara.ttf', name='Candara', style='normal', variant='normal', weight=400, stretch='normal', size='scalable')) = 10.335
14:39:17 [DEBUG] matplotlib.font_manager: findfont: score(FontEntry(fname='C:\\Windows\\Fonts\\seguibl.ttf', name='Segoe UI', style='normal', variant='normal', weight=900, stretch='normal', size='scalable')) = 10.24
14:39:17 [DEBUG] matplotlib.font_manager: findfont: score(FontEntry(fname='C:\\Windows\\Fonts\\NirmalaS.ttf', name='Nirmala UI', style='normal', variant='normal', weight=350, stretch='normal', size='scalable')) = 10.3825
14:39:17 [DEBUG] matplotlib.font_manager: findfont: score(FontEntry(fname='C:\\Windows\\Fonts\\segoeprb.ttf', name='Segoe Print', style='normal', variant='normal', weight=700, stretch='normal', size='scalable')) = 10.05
14:39:17 [DEBUG] matplotlib.font_manager: findfont: score(FontEntry(fname='C:\\Windows\\Fonts\\GOTHICBI.TTF', name='Century Gothic', style='italic', variant='normal', weight=700, stretch='normal', size='scalable')) = 11.05
14:39:17 [DEBUG] matplotlib.font_manager: findfont: score(FontEntry(fname='C:\\Windows\\Fonts\\cambriai.ttf', name='Cambria', style='italic', variant='normal', weight=400, stretch='normal', size='scalable')) = 11.335
14:39:17 [DEBUG] matplotlib.font_manager: findfont: score(FontEntry(fname='C:\\Windows\\Fonts\\CENTURY.TTF', name='Century', style='normal', variant='normal', weight=400, stretch='normal', size='scalable')) = 10.335
14:39:17 [DEBUG] matplotlib.font_manager: findfont: score(FontEntry(fname='C:\\Windows\\Fonts\\symbol.ttf', name='Symbol', style='normal', variant='normal', weight=400, stretch='normal', size='scalable')) = 10.335
14:39:17 [DEBUG] matplotlib.font_manager: findfont: score(FontEntry(fname='C:\\Windows\\Fonts\\msjh.ttc', name='Microsoft JhengHei', style='normal', variant='normal', weight=400, stretch='normal', size='scalable')) = 10.335
14:39:17 [DEBUG] matplotlib.font_manager: findfont: score(FontEntry(fname='C:\\Windows\\Fonts\\FREESCPT.TTF', name='Freestyle Script', style='normal', variant='normal', weight=400, stretch='normal', size='scalable')) = 10.335
14:39:17 [DEBUG] matplotlib.font_manager: findfont: score(FontEntry(fname='C:\\Windows\\Fonts\\timesbd.ttf', name='Times New Roman', style='normal', variant='normal', weight=700, stretch='normal', size='scalable')) = 10.05
14:39:17 [DEBUG] matplotlib.font_manager: findfont: score(FontEntry(fname='C:\\Windows\\Fonts\\MISTRAL.TTF', name='Mistral', style='normal', variant='normal', weight=400, stretch='normal', size='scalable')) = 10.335
14:39:17 [DEBUG] matplotlib.font_manager: findfont: score(FontEntry(fname='C:\\Windows\\Fonts\\ITCKRIST.TTF', name='Kristen ITC', style='normal', variant='normal', weight=400, stretch='normal', size='scalable')) = 10.335
14:39:17 [DEBUG] matplotlib.font_manager: findfont: score(FontEntry(fname='C:\\Windows\\Fonts\\ARIALNI.TTF', name='Arial', style='italic', variant='normal', weight=400, stretch='condensed', size='scalable')) = 11.535
14:39:17 [DEBUG] matplotlib.font_manager: findfont: score(FontEntry(fname='C:\\Windows\\Fonts\\mmrtextb.ttf', name='Myanmar Text', style='normal', variant='normal', weight=700, stretch='normal', size='scalable')) = 10.05
14:39:17 [DEBUG] matplotlib.font_manager: findfont: score(FontEntry(fname='C:\\Windows\\Fonts\\LeelUIsl.ttf', name='Leelawadee UI', style='normal', variant='normal', weight=350, stretch='normal', size='scalable')) = 10.3825
14:39:17 [DEBUG] matplotlib.font_manager: findfont: score(FontEntry(fname='C:\\Windows\\Fonts\\BRADHITC.TTF', name='Bradley Hand ITC', style='normal', variant='normal', weight=400, stretch='normal', size='scalable')) = 10.335
14:39:17 [DEBUG] matplotlib.font_manager: findfont: score(FontEntry(fname='C:\\Windows\\Fonts\\calibri.ttf', name='Calibri', style='normal', variant='normal', weight=400, stretch='normal', size='scalable')) = 10.335
14:39:17 [DEBUG] matplotlib.font_manager: findfont: score(FontEntry(fname='C:\\Windows\\Fonts\\Deng.ttf', name='DengXian', style='normal', variant='normal', weight=400, stretch='normal', size='scalable')) = 10.335
14:39:17 [DEBUG] matplotlib.font_manager: findfont: score(FontEntry(fname='C:\\Windows\\Fonts\\STKAITI.TTF', name='STKaiti', style='normal', variant='normal', weight=400, stretch='normal', size='scalable')) = 10.335
14:39:17 [DEBUG] matplotlib.font_manager: findfont: score(FontEntry(fname='C:\\Windows\\Fonts\\Inkfree.ttf', name='Ink Free', style='normal', variant='normal', weight=400, stretch='normal', size='scalable')) = 10.335
14:39:17 [DEBUG] matplotlib.font_manager: findfont: score(FontEntry(fname='C:\\Windows\\Fonts\\msjhbd.ttc', name='Microsoft JhengHei', style='normal', variant='normal', weight=700, stretch='normal', size='scalable')) = 10.05
14:39:17 [DEBUG] matplotlib.font_manager: findfont: score(FontEntry(fname='C:\\Windows\\Fonts\\simhei.ttf', name='SimHei', style='normal', variant='normal', weight=400, stretch='normal', size='scalable')) = 0.33499999999999996
14:39:17 [DEBUG] matplotlib.font_manager: findfont: score(FontEntry(fname='C:\\Windows\\Fonts\\STZHONGS.TTF', name='STZhongsong', style='normal', variant='normal', weight=400, stretch='normal', size='scalable')) = 10.335
14:39:17 [DEBUG] matplotlib.font_manager: findfont: score(FontEntry(fname='C:\\Windows\\Fonts\\georgiai.ttf', name='Georgia', style='italic', variant='normal', weight=400, stretch='normal', size='scalable')) = 11.335
14:39:17 [DEBUG] matplotlib.font_manager: findfont: score(FontEntry(fname='C:\\Windows\\Fonts\\calibriz.ttf', name='Calibri', style='italic', variant='normal', weight=700, stretch='normal', size='scalable')) = 11.05
14:39:17 [DEBUG] matplotlib.font_manager: findfont: score(FontEntry(fname='C:\\Windows\\Fonts\\comicz.ttf', name='Comic Sans MS', style='italic', variant='normal', weight=700, stretch='normal', size='scalable')) = 11.05
14:39:17 [DEBUG] matplotlib.font_manager: findfont: score(FontEntry(fname='C:\\Windows\\Fonts\\impact.ttf', name='Impact', style='normal', variant='normal', weight=400, stretch='normal', size='scalable')) = 10.335
14:39:17 [DEBUG] matplotlib.font_manager: findfont: score(FontEntry(fname='C:\\Windows\\Fonts\\pala.ttf', name='Palatino Linotype', style='normal', variant='normal', weight=400, stretch='normal', size='scalable')) = 10.335
14:39:17 [DEBUG] matplotlib.font_manager: findfont: score(FontEntry(fname='C:\\Windows\\Fonts\\Candarai.ttf', name='Candara', style='italic', variant='normal', weight=400, stretch='normal', size='scalable')) = 11.335
14:39:17 [DEBUG] matplotlib.font_manager: findfont: score(FontEntry(fname='C:\\Windows\\Fonts\\consolai.ttf', name='Consolas', style='italic', variant='normal', weight=400, stretch='normal', size='scalable')) = 11.335
14:39:17 [DEBUG] matplotlib.font_manager: findfont: score(FontEntry(fname='C:\\Windows\\Fonts\\msyh.ttc', name='Microsoft YaHei', style='normal', variant='normal', weight=400, stretch='normal', size='scalable')) = 2.335
14:39:17 [DEBUG] matplotlib.font_manager: findfont: score(FontEntry(fname='C:\\Windows\\Fonts\\STHUPO.TTF', name='STHupo', style='normal', variant='normal', weight=400, stretch='normal', size='scalable')) = 10.335
14:39:17 [DEBUG] matplotlib.font_manager: findfont: score(FontEntry(fname='C:\\Windows\\Fonts\\GARA.TTF', name='Garamond', style='normal', variant='normal', weight=400, stretch='normal', size='scalable')) = 10.335
14:39:17 [DEBUG] matplotlib.font_manager: findfont: score(FontEntry(fname='C:\\Windows\\Fonts\\arial.ttf', name='Arial', style='normal', variant='normal', weight=400, stretch='normal', size='scalable')) = 10.335
14:39:17 [DEBUG] matplotlib.font_manager: findfont: score(FontEntry(fname='C:\\Windows\\Fonts\\georgiaz.ttf', name='Georgia', style='italic', variant='normal', weight=700, stretch='normal', size='scalable')) = 11.05
14:39:17 [DEBUG] matplotlib.font_manager: findfont: score(FontEntry(fname='C:\\Windows\\Fonts\\trebucbi.ttf', name='Trebuchet MS', style='italic', variant='normal', weight=700, stretch='normal', size='scalable')) = 11.05
14:39:17 [DEBUG] matplotlib.font_manager: findfont: score(FontEntry(fname='C:\\Windows\\Fonts\\simsun.ttc', name='SimSun', style='normal', variant='normal', weight=400, stretch='normal', size='scalable')) = 10.335
14:39:17 [DEBUG] matplotlib.font_manager: findfont: score(FontEntry(fname='C:\\Windows\\Fonts\\mmrtext.ttf', name='Myanmar Text', style='normal', variant='normal', weight=400, stretch='normal', size='scalable')) = 10.335
14:39:17 [DEBUG] matplotlib.font_manager: findfont: score(FontEntry(fname='C:\\Windows\\Fonts\\palai.ttf', name='Palatino Linotype', style='italic', variant='normal', weight=400, stretch='normal', size='scalable')) = 11.335
14:39:17 [DEBUG] matplotlib.font_manager: findfont: score(FontEntry(fname='C:\\Windows\\Fonts\\trebucit.ttf', name='Trebuchet MS', style='italic', variant='normal', weight=400, stretch='normal', size='scalable')) = 11.335
14:39:17 [DEBUG] matplotlib.font_manager: findfont: score(FontEntry(fname='C:\\Windows\\Fonts\\GARABD.TTF', name='Garamond', style='normal', variant='normal', weight=700, stretch='normal', size='scalable')) = 10.05
14:39:17 [DEBUG] matplotlib.font_manager: findfont: score(FontEntry(fname='C:\\Windows\\Fonts\\ANTQUAI.TTF', name='Book Antiqua', style='italic', variant='normal', weight=400, stretch='normal', size='scalable')) = 11.335
14:39:17 [DEBUG] matplotlib.font_manager: findfont: score(FontEntry(fname='C:\\Windows\\Fonts\\corbelz.ttf', name='Corbel', style='italic', variant='normal', weight=700, stretch='normal', size='scalable')) = 11.05
14:39:17 [DEBUG] matplotlib.font_manager: findfont: score(FontEntry(fname='C:\\Windows\\Fonts\\gadugib.ttf', name='Gadugi', style='normal', variant='normal', weight=700, stretch='normal', size='scalable')) = 10.05
14:39:17 [DEBUG] matplotlib.font_manager: findfont: score(FontEntry(fname='C:\\Windows\\Fonts\\ANTQUAB.TTF', name='Book Antiqua', style='normal', variant='normal', weight=700, stretch='normal', size='scalable')) = 10.05
14:39:17 [DEBUG] matplotlib.font_manager: findfont: score(FontEntry(fname='C:\\Windows\\Fonts\\courbd.ttf', name='Courier New', style='normal', variant='normal', weight=700, stretch='normal', size='scalable')) = 10.05
14:39:17 [DEBUG] matplotlib.font_manager: findfont: score(FontEntry(fname='C:\\Windows\\Fonts\\courbi.ttf', name='Courier New', style='italic', variant='normal', weight=700, stretch='normal', size='scalable')) = 11.05
14:39:17 [DEBUG] matplotlib.font_manager: findfont: score(FontEntry(fname='C:\\Windows\\Fonts\\himalaya.ttf', name='Microsoft Himalaya', style='normal', variant='normal', weight=400, stretch='normal', size='scalable')) = 10.335
14:39:17 [DEBUG] matplotlib.font_manager: findfont: score(FontEntry(fname='C:\\Windows\\Fonts\\GOTHICB.TTF', name='Century Gothic', style='normal', variant='normal', weight=700, stretch='normal', size='scalable')) = 10.05
14:39:17 [DEBUG] matplotlib.font_manager: findfont: score(FontEntry(fname='C:\\Windows\\Fonts\\cambriab.ttf', name='Cambria', style='normal', variant='normal', weight=700, stretch='normal', size='scalable')) = 10.05
14:39:17 [DEBUG] matplotlib.font_manager: findfont: score(FontEntry(fname='C:\\Windows\\Fonts\\STCAIYUN.TTF', name='STCaiyun', style='normal', variant='normal', weight=400, stretch='normal', size='scalable')) = 10.335
14:39:17 [DEBUG] matplotlib.font_manager: findfont: score(FontEntry(fname='C:\\Windows\\Fonts\\REFSPCL.TTF', name='MS Reference Specialty', style='normal', variant='normal', weight=400, stretch='normal', size='scalable')) = 10.335
14:39:17 [DEBUG] matplotlib.font_manager: findfont: score(FontEntry(fname='C:\\Windows\\Fonts\\GARAIT.TTF', name='Garamond', style='italic', variant='normal', weight=400, stretch='normal', size='scalable')) = 11.335
14:39:17 [DEBUG] matplotlib.font_manager: findfont: score(FontEntry(fname='C:\\Windows\\Fonts\\constanz.ttf', name='Constantia', style='italic', variant='normal', weight=700, stretch='normal', size='scalable')) = 11.05
14:39:17 [DEBUG] matplotlib.font_manager: findfont: score(FontEntry(fname='C:\\Windows\\Fonts\\SIMLI.TTF', name='LiSu', style='normal', variant='normal', weight=400, stretch='normal', size='scalable')) = 10.335
14:39:17 [DEBUG] matplotlib.font_manager: findfont: score(FontEntry(fname='C:\\Windows\\Fonts\\cour.ttf', name='Courier New', style='normal', variant='normal', weight=400, stretch='normal', size='scalable')) = 10.335
14:39:17 [DEBUG] matplotlib.font_manager: findfont: score(FontEntry(fname='C:\\Windows\\Fonts\\MTCORSVA.TTF', name='Monotype Corsiva', style='normal', variant='normal', weight=400, stretch='normal', size='scalable')) = 10.335
14:39:17 [DEBUG] matplotlib.font_manager: findfont: score(FontEntry(fname='C:\\Windows\\Fonts\\simkai.ttf', name='KaiTi', style='normal', variant='normal', weight=400, stretch='normal', size='scalable')) = 10.335
14:39:17 [DEBUG] matplotlib.font_manager: findfont: score(FontEntry(fname='C:\\Windows\\Fonts\\segoeuil.ttf', name='Segoe UI', style='normal', variant='normal', weight=300, stretch='normal', size='scalable')) = 10.43
14:39:17 [DEBUG] matplotlib.font_manager: findfont: score(FontEntry(fname='C:\\Windows\\Fonts\\consolab.ttf', name='Consolas', style='normal', variant='normal', weight=700, stretch='normal', size='scalable')) = 10.05
14:39:17 [DEBUG] matplotlib.font_manager: findfont: score(FontEntry(fname='C:\\Windows\\Fonts\\segoesc.ttf', name='Segoe Script', style='normal', variant='normal', weight=400, stretch='normal', size='scalable')) = 10.335
14:39:17 [DEBUG] matplotlib.font_manager: findfont: score(FontEntry(fname='C:\\Windows\\Fonts\\ARIALN.TTF', name='Arial', style='normal', variant='normal', weight=400, stretch='condensed', size='scalable')) = 10.535
14:39:17 [DEBUG] matplotlib.font_manager: findfont: score(FontEntry(fname='C:\\Windows\\Fonts\\verdana.ttf', name='Verdana', style='normal', variant='normal', weight=400, stretch='normal', size='scalable')) = 10.335
14:39:17 [DEBUG] matplotlib.font_manager: findfont: score(FontEntry(fname='C:\\Windows\\Fonts\\DUBAI-BOLD.TTF', name='Dubai', style='normal', variant='normal', weight=700, stretch='normal', size='scalable')) = 10.05
14:39:17 [DEBUG] matplotlib.font_manager: findfont: score(FontEntry(fname='C:\\Windows\\Fonts\\BOOKOSI.TTF', name='Bookman Old Style', style='italic', variant='normal', weight=300, stretch='normal', size='scalable')) = 11.43
14:39:17 [DEBUG] matplotlib.font_manager: findfont: score(FontEntry(fname='C:\\Windows\\Fonts\\TEMPSITC.TTF', name='Tempus Sans ITC', style='normal', variant='normal', weight=400, stretch='normal', size='scalable')) = 10.335
14:39:17 [DEBUG] matplotlib.font_manager: findfont: score(FontEntry(fname='C:\\Windows\\Fonts\\palabi.ttf', name='Palatino Linotype', style='italic', variant='normal', weight=700, stretch='normal', size='scalable')) = 11.05
14:39:17 [DEBUG] matplotlib.font_manager: findfont: score(FontEntry(fname='C:\\Windows\\Fonts\\corbeli.ttf', name='Corbel', style='italic', variant='normal', weight=400, stretch='normal', size='scalable')) = 11.335
14:39:17 [DEBUG] matplotlib.font_manager: findfont: score(FontEntry(fname='C:\\Windows\\Fonts\\msyhbd.ttc', name='Microsoft YaHei', style='normal', variant='normal', weight=700, stretch='normal', size='scalable')) = 2.05
14:39:17 [DEBUG] matplotlib.font_manager: findfont: score(FontEntry(fname='C:\\Windows\\Fonts\\corbelb.ttf', name='Corbel', style='normal', variant='normal', weight=700, stretch='normal', size='scalable')) = 10.05
14:39:17 [DEBUG] matplotlib.font_manager: findfont: score(FontEntry(fname='C:\\Windows\\Fonts\\Candaral.ttf', name='Candara', style='normal', variant='normal', weight=400, stretch='normal', size='scalable')) = 10.335
14:39:17 [DEBUG] matplotlib.font_manager: findfont: score(FontEntry(fname='C:\\Windows\\Fonts\\bahnschrift.ttf', name='Bahnschrift', style='normal', variant='normal', weight=400, stretch='normal', size='scalable')) = 10.335
14:39:17 [DEBUG] matplotlib.font_manager: findfont: score(FontEntry(fname='C:\\Windows\\Fonts\\mingliub.ttc', name='MingLiU-ExtB', style='normal', variant='normal', weight=400, stretch='normal', size='scalable')) = 10.335
14:39:17 [DEBUG] matplotlib.font_manager: findfont: score(FontEntry(fname='C:\\Windows\\Fonts\\YuGothR.ttc', name='Yu Gothic', style='normal', variant='normal', weight=400, stretch='normal', size='scalable')) = 10.335
14:39:17 [DEBUG] matplotlib.font_manager: findfont: score(FontEntry(fname='C:\\Windows\\Fonts\\segoeuiz.ttf', name='Segoe UI', style='italic', variant='normal', weight=700, stretch='normal', size='scalable')) = 11.05
14:39:17 [DEBUG] matplotlib.font_manager: findfont: score(FontEntry(fname='C:\\Windows\\Fonts\\phagspa.ttf', name='Microsoft PhagsPa', style='normal', variant='normal', weight=400, stretch='normal', size='scalable')) = 10.335
14:39:17 [DEBUG] matplotlib.font_manager: findfont: score(FontEntry(fname='C:\\Windows\\Fonts\\segoeuib.ttf', name='Segoe UI', style='normal', variant='normal', weight=700, stretch='normal', size='scalable')) = 10.05
14:39:17 [DEBUG] matplotlib.font_manager: findfont: score(FontEntry(fname='C:\\Windows\\Fonts\\georgiab.ttf', name='Georgia', style='normal', variant='normal', weight=700, stretch='normal', size='scalable')) = 10.05
14:39:17 [DEBUG] matplotlib.font_manager: findfont: score(FontEntry(fname='C:\\Windows\\Fonts\\ebrimabd.ttf', name='Ebrima', style='normal', variant='normal', weight=700, stretch='normal', size='scalable')) = 10.05
14:39:17 [DEBUG] matplotlib.font_manager: findfont: score(FontEntry(fname='C:\\Windows\\Fonts\\constani.ttf', name='Constantia', style='italic', variant='normal', weight=400, stretch='normal', size='scalable')) = 11.335
14:39:17 [DEBUG] matplotlib.font_manager: findfont: score(FontEntry(fname='C:\\Windows\\Fonts\\segmdl2.ttf', name='Segoe MDL2 Assets', style='normal', variant='normal', weight=400, stretch='normal', size='scalable')) = 10.335
14:39:17 [DEBUG] matplotlib.font_manager: findfont: score(FontEntry(fname='C:\\Windows\\Fonts\\BOOKOSBI.TTF', name='Bookman Old Style', style='italic', variant='normal', weight=600, stretch='normal', size='scalable')) = 11.145
14:39:17 [DEBUG] matplotlib.font_manager: findfont: score(FontEntry(fname='C:\\Windows\\Fonts\\corbelli.ttf', name='Corbel', style='italic', variant='normal', weight=300, stretch='normal', size='scalable')) = 11.43
14:39:17 [DEBUG] matplotlib.font_manager: findfont: score(FontEntry(fname='C:\\Windows\\Fonts\\SegoeIcons.ttf', name='Segoe Fluent Icons', style='normal', variant='normal', weight=400, stretch='normal', size='scalable')) = 10.335
14:39:17 [DEBUG] matplotlib.font_manager: findfont: score(FontEntry(fname='C:\\Windows\\Fonts\\BSSYM7.TTF', name='Bookshelf Symbol 7', style='normal', variant='normal', weight=400, stretch='normal', size='scalable')) = 10.335
14:39:17 [DEBUG] matplotlib.font_manager: findfont: score(FontEntry(fname='C:\\Windows\\Fonts\\DUBAI-REGULAR.TTF', name='Dubai', style='normal', variant='normal', weight=400, stretch='normal', size='scalable')) = 10.335
14:39:17 [DEBUG] matplotlib.font_manager: findfont: score(FontEntry(fname='C:\\Windows\\Fonts\\ariblk.ttf', name='Arial', style='normal', variant='normal', weight=900, stretch='normal', size='scalable')) = 10.24
14:39:17 [DEBUG] matplotlib.font_manager: findfont: score(FontEntry(fname='C:\\Windows\\Fonts\\ARIALNB.TTF', name='Arial', style='normal', variant='normal', weight=700, stretch='condensed', size='scalable')) = 10.25
14:39:17 [DEBUG] matplotlib.font_manager: findfont: score(FontEntry(fname='C:\\Windows\\Fonts\\WINGDNG2.TTF', name='Wingdings 2', style='normal', variant='normal', weight=400, stretch='normal', size='scalable')) = 10.335
14:39:17 [DEBUG] matplotlib.font_manager: findfont: score(FontEntry(fname='C:\\Windows\\Fonts\\Nirmala.ttf', name='Nirmala UI', style='normal', variant='normal', weight=400, stretch='normal', size='scalable')) = 10.335
14:39:17 [DEBUG] matplotlib.font_manager: findfont: score(FontEntry(fname='C:\\Windows\\Fonts\\YuGothM.ttc', name='Yu Gothic', style='normal', variant='normal', weight=500, stretch='normal', size='scalable')) = 10.24
14:39:17 [DEBUG] matplotlib.font_manager: findfont: score(FontEntry(fname='C:\\Windows\\Fonts\\calibrib.ttf', name='Calibri', style='normal', variant='normal', weight=700, stretch='normal', size='scalable')) = 10.05
14:39:17 [DEBUG] matplotlib.font_manager: findfont: score(FontEntry(fname='C:\\Windows\\Fonts\\STXINGKA.TTF', name='STXingkai', style='normal', variant='normal', weight=400, stretch='normal', size='scalable')) = 10.335
14:39:17 [DEBUG] matplotlib.font_manager: findfont: score(FontEntry(fname='C:\\Windows\\Fonts\\arialbd.ttf', name='Arial', style='normal', variant='normal', weight=700, stretch='normal', size='scalable')) = 10.05
14:39:17 [DEBUG] matplotlib.font_manager: findfont: score(FontEntry(fname='C:\\Windows\\Fonts\\DUBAI-MEDIUM.TTF', name='Dubai', style='normal', variant='normal', weight=500, stretch='normal', size='scalable')) = 10.24
14:39:17 [DEBUG] matplotlib.font_manager: findfont: score(FontEntry(fname='C:\\Windows\\Fonts\\calibrii.ttf', name='Calibri', style='italic', variant='normal', weight=400, stretch='normal', size='scalable')) = 11.335
14:39:17 [DEBUG] matplotlib.font_manager: findfont: score(FontEntry(fname='C:\\Windows\\Fonts\\trebucbd.ttf', name='Trebuchet MS', style='normal', variant='normal', weight=700, stretch='normal', size='scalable')) = 10.05
14:39:17 [DEBUG] matplotlib.font_manager: findfont: score(FontEntry(fname='C:\\Windows\\Fonts\\verdanab.ttf', name='Verdana', style='normal', variant='normal', weight=700, stretch='normal', size='scalable')) = 10.05
14:39:17 [DEBUG] matplotlib.font_manager: findfont: score(FontEntry(fname='C:\\Windows\\Fonts\\REFSAN.TTF', name='MS Reference Sans Serif', style='normal', variant='normal', weight=400, stretch='normal', size='scalable')) = 10.335
14:39:17 [DEBUG] matplotlib.font_manager: findfont: score(FontEntry(fname='C:\\Windows\\Fonts\\l_10646.ttf', name='Lucida Sans Unicode', style='normal', variant='normal', weight=400, stretch='normal', size='scalable')) = 10.335
14:39:17 [DEBUG] matplotlib.font_manager: findfont: score(FontEntry(fname='C:\\Windows\\Fonts\\arialbi.ttf', name='Arial', style='italic', variant='normal', weight=700, stretch='normal', size='scalable')) = 11.05
14:39:17 [DEBUG] matplotlib.font_manager: findfont: score(FontEntry(fname='C:\\Windows\\Fonts\\LEELAWDB.TTF', name='Leelawadee', style='normal', variant='normal', weight=700, stretch='normal', size='scalable')) = 10.05
14:39:17 [DEBUG] matplotlib.font_manager: findfont: score(FontEntry(fname='C:\\Windows\\Fonts\\georgia.ttf', name='Georgia', style='normal', variant='normal', weight=400, stretch='normal', size='scalable')) = 10.335
14:39:17 [DEBUG] matplotlib.font_manager: findfont: score(FontEntry(fname='C:\\Windows\\Fonts\\tahoma.ttf', name='Tahoma', style='normal', variant='normal', weight=400, stretch='normal', size='scalable')) = 10.335
14:39:17 [DEBUG] matplotlib.font_manager: findfont: score(FontEntry(fname='C:\\Windows\\Fonts\\FRSCRIPT.TTF', name='French Script MT', style='normal', variant='normal', weight=400, stretch='normal', size='scalable')) = 10.335
14:39:17 [DEBUG] matplotlib.font_manager: findfont: score(FontEntry(fname='C:\\Windows\\Fonts\\GOTHICI.TTF', name='Century Gothic', style='italic', variant='normal', weight=400, stretch='normal', size='scalable')) = 11.335
14:39:17 [DEBUG] matplotlib.font_manager: findfont: score(FontEntry(fname='C:\\Windows\\Fonts\\segoescb.ttf', name='Segoe Script', style='normal', variant='normal', weight=700, stretch='normal', size='scalable')) = 10.05
14:39:17 [DEBUG] matplotlib.font_manager: findfont: score(FontEntry(fname='C:\\Windows\\Fonts\\PRISTINA.TTF', name='Pristina', style='normal', variant='normal', weight=400, stretch='normal', size='scalable')) = 10.335
14:39:17 [DEBUG] matplotlib.font_manager: findfont: score(FontEntry(fname='C:\\Windows\\Fonts\\sylfaen.ttf', name='Sylfaen', style='normal', variant='normal', weight=400, stretch='normal', size='scalable')) = 10.335
14:39:17 [DEBUG] matplotlib.font_manager: findfont: score(FontEntry(fname='C:\\Windows\\Fonts\\ntailub.ttf', name='Microsoft New Tai Lue', style='normal', variant='normal', weight=700, stretch='normal', size='scalable')) = 10.05
14:39:17 [DEBUG] matplotlib.font_manager: findfont: score(FontEntry(fname='C:\\Windows\\Fonts\\seguisli.ttf', name='Segoe UI', style='italic', variant='normal', weight=350, stretch='normal', size='scalable')) = 11.3825
14:39:17 [DEBUG] matplotlib.font_manager: findfont: score(FontEntry(fname='C:\\Windows\\Fonts\\verdanaz.ttf', name='Verdana', style='italic', variant='normal', weight=700, stretch='normal', size='scalable')) = 11.05
14:39:17 [DEBUG] matplotlib.font_manager: findfont: score(FontEntry(fname='C:\\Windows\\Fonts\\webdings.ttf', name='Webdings', style='normal', variant='normal', weight=400, stretch='normal', size='scalable')) = 10.335
14:39:17 [DEBUG] matplotlib.font_manager: findfont: score(FontEntry(fname='C:\\Windows\\Fonts\\PAPYRUS.TTF', name='Papyrus', style='normal', variant='normal', weight=400, stretch='normal', size='scalable')) = 10.335
14:39:17 [DEBUG] matplotlib.font_manager: findfont: Matching sans\-serif:style=normal:variant=normal:weight=bold:stretch=normal:size=8.0 to SimHei ('C:\\Windows\\Fonts\\simhei.ttf') with score of 0.335000.
14:39:18 [INFO] charts:   图表已保存: output/charts/03_etf_flows.png
14:39:18 [INFO] charts: [图表4] 行业热力图...
14:39:18 [INFO] charts: [图表5] 成长/价值轮动...
14:39:18 [DEBUG] PIL.PngImagePlugin: STREAM b'IHDR' 16 13
14:39:18 [DEBUG] PIL.PngImagePlugin: STREAM b'sBIT' 41 4
14:39:18 [DEBUG] PIL.PngImagePlugin: b'sBIT' 41 4 (unknown)
14:39:18 [DEBUG] PIL.PngImagePlugin: STREAM b'pHYs' 57 9
14:39:18 [DEBUG] PIL.PngImagePlugin: STREAM b'IDAT' 78 1189
14:39:18 [DEBUG] PIL.PngImagePlugin: STREAM b'IHDR' 16 13
14:39:18 [DEBUG] PIL.PngImagePlugin: STREAM b'sBIT' 41 4
14:39:18 [DEBUG] PIL.PngImagePlugin: b'sBIT' 41 4 (unknown)
14:39:18 [DEBUG] PIL.PngImagePlugin: STREAM b'pHYs' 57 9
14:39:18 [DEBUG] PIL.PngImagePlugin: STREAM b'IDAT' 78 2994
14:39:18 [DEBUG] PIL.PngImagePlugin: STREAM b'IHDR' 16 13
14:39:18 [DEBUG] PIL.PngImagePlugin: STREAM b'sBIT' 41 4
14:39:18 [DEBUG] PIL.PngImagePlugin: b'sBIT' 41 4 (unknown)
14:39:18 [DEBUG] PIL.PngImagePlugin: STREAM b'pHYs' 57 9
14:39:18 [DEBUG] PIL.PngImagePlugin: STREAM b'IDAT' 78 696
14:39:18 [DEBUG] PIL.PngImagePlugin: STREAM b'IHDR' 16 13
14:39:18 [DEBUG] PIL.PngImagePlugin: STREAM b'sBIT' 41 4
14:39:18 [DEBUG] PIL.PngImagePlugin: b'sBIT' 41 4 (unknown)
14:39:18 [DEBUG] PIL.PngImagePlugin: STREAM b'pHYs' 57 9
14:39:18 [DEBUG] PIL.PngImagePlugin: STREAM b'IDAT' 78 526
14:39:18 [DEBUG] PIL.PngImagePlugin: STREAM b'IHDR' 16 13
14:39:18 [DEBUG] PIL.PngImagePlugin: STREAM b'sBIT' 41 4
14:39:18 [DEBUG] PIL.PngImagePlugin: b'sBIT' 41 4 (unknown)
14:39:18 [DEBUG] PIL.PngImagePlugin: STREAM b'pHYs' 57 9
14:39:18 [DEBUG] PIL.PngImagePlugin: STREAM b'IDAT' 78 499
14:39:18 [DEBUG] PIL.PngImagePlugin: STREAM b'IHDR' 16 13
14:39:18 [DEBUG] PIL.PngImagePlugin: STREAM b'sBIT' 41 4
14:39:18 [DEBUG] PIL.PngImagePlugin: b'sBIT' 41 4 (unknown)
14:39:18 [DEBUG] PIL.PngImagePlugin: STREAM b'pHYs' 57 9
14:39:18 [DEBUG] PIL.PngImagePlugin: STREAM b'IDAT' 78 673
14:39:18 [DEBUG] PIL.PngImagePlugin: STREAM b'IHDR' 16 13
14:39:18 [DEBUG] PIL.PngImagePlugin: STREAM b'sBIT' 41 4
14:39:18 [DEBUG] PIL.PngImagePlugin: b'sBIT' 41 4 (unknown)
14:39:18 [DEBUG] PIL.PngImagePlugin: STREAM b'pHYs' 57 9
14:39:18 [DEBUG] PIL.PngImagePlugin: STREAM b'IDAT' 78 922
14:39:18 [DEBUG] PIL.PngImagePlugin: STREAM b'IHDR' 16 13
14:39:18 [DEBUG] PIL.PngImagePlugin: STREAM b'sBIT' 41 4
14:39:18 [DEBUG] PIL.PngImagePlugin: b'sBIT' 41 4 (unknown)
14:39:18 [DEBUG] PIL.PngImagePlugin: STREAM b'pHYs' 57 9
14:39:18 [DEBUG] PIL.PngImagePlugin: STREAM b'IDAT' 78 568
14:39:18 [DEBUG] PIL.PngImagePlugin: STREAM b'IHDR' 16 13
14:39:18 [DEBUG] PIL.PngImagePlugin: STREAM b'sBIT' 41 4
14:39:18 [DEBUG] PIL.PngImagePlugin: b'sBIT' 41 4 (unknown)
14:39:18 [DEBUG] PIL.PngImagePlugin: STREAM b'pHYs' 57 9
14:39:18 [DEBUG] PIL.PngImagePlugin: STREAM b'IDAT' 78 626
14:39:18 [INFO] charts:   图表已保存: output/charts/05_growth_value_rotation.png
14:39:18 [INFO] charts: [图表6] A股成交额...
14:39:18 [DEBUG] PIL.PngImagePlugin: STREAM b'IHDR' 16 13
14:39:18 [DEBUG] PIL.PngImagePlugin: STREAM b'sBIT' 41 4
14:39:18 [DEBUG] PIL.PngImagePlugin: b'sBIT' 41 4 (unknown)
14:39:18 [DEBUG] PIL.PngImagePlugin: STREAM b'pHYs' 57 9
14:39:18 [DEBUG] PIL.PngImagePlugin: STREAM b'IDAT' 78 1189
14:39:18 [DEBUG] PIL.PngImagePlugin: STREAM b'IHDR' 16 13
14:39:18 [DEBUG] PIL.PngImagePlugin: STREAM b'sBIT' 41 4
14:39:18 [DEBUG] PIL.PngImagePlugin: b'sBIT' 41 4 (unknown)
14:39:18 [DEBUG] PIL.PngImagePlugin: STREAM b'pHYs' 57 9
14:39:18 [DEBUG] PIL.PngImagePlugin: STREAM b'IDAT' 78 2994
14:39:18 [DEBUG] PIL.PngImagePlugin: STREAM b'IHDR' 16 13
14:39:18 [DEBUG] PIL.PngImagePlugin: STREAM b'sBIT' 41 4
14:39:18 [DEBUG] PIL.PngImagePlugin: b'sBIT' 41 4 (unknown)
14:39:18 [DEBUG] PIL.PngImagePlugin: STREAM b'pHYs' 57 9
14:39:18 [DEBUG] PIL.PngImagePlugin: STREAM b'IDAT' 78 696
14:39:18 [DEBUG] PIL.PngImagePlugin: STREAM b'IHDR' 16 13
14:39:18 [DEBUG] PIL.PngImagePlugin: STREAM b'sBIT' 41 4
14:39:18 [DEBUG] PIL.PngImagePlugin: b'sBIT' 41 4 (unknown)
14:39:18 [DEBUG] PIL.PngImagePlugin: STREAM b'pHYs' 57 9
14:39:18 [DEBUG] PIL.PngImagePlugin: STREAM b'IDAT' 78 526
14:39:18 [DEBUG] PIL.PngImagePlugin: STREAM b'IHDR' 16 13
14:39:18 [DEBUG] PIL.PngImagePlugin: STREAM b'sBIT' 41 4
14:39:18 [DEBUG] PIL.PngImagePlugin: b'sBIT' 41 4 (unknown)
14:39:18 [DEBUG] PIL.PngImagePlugin: STREAM b'pHYs' 57 9
14:39:18 [DEBUG] PIL.PngImagePlugin: STREAM b'IDAT' 78 499
14:39:18 [DEBUG] PIL.PngImagePlugin: STREAM b'IHDR' 16 13
14:39:18 [DEBUG] PIL.PngImagePlugin: STREAM b'sBIT' 41 4
14:39:18 [DEBUG] PIL.PngImagePlugin: b'sBIT' 41 4 (unknown)
14:39:18 [DEBUG] PIL.PngImagePlugin: STREAM b'pHYs' 57 9
14:39:18 [DEBUG] PIL.PngImagePlugin: STREAM b'IDAT' 78 673
14:39:18 [DEBUG] PIL.PngImagePlugin: STREAM b'IHDR' 16 13
14:39:18 [DEBUG] PIL.PngImagePlugin: STREAM b'sBIT' 41 4
14:39:18 [DEBUG] PIL.PngImagePlugin: b'sBIT' 41 4 (unknown)
14:39:18 [DEBUG] PIL.PngImagePlugin: STREAM b'pHYs' 57 9
14:39:18 [DEBUG] PIL.PngImagePlugin: STREAM b'IDAT' 78 922
14:39:18 [DEBUG] PIL.PngImagePlugin: STREAM b'IHDR' 16 13
14:39:18 [DEBUG] PIL.PngImagePlugin: STREAM b'sBIT' 41 4
14:39:18 [DEBUG] PIL.PngImagePlugin: b'sBIT' 41 4 (unknown)
14:39:18 [DEBUG] PIL.PngImagePlugin: STREAM b'pHYs' 57 9
14:39:18 [DEBUG] PIL.PngImagePlugin: STREAM b'IDAT' 78 568
14:39:18 [DEBUG] PIL.PngImagePlugin: STREAM b'IHDR' 16 13
14:39:18 [DEBUG] PIL.PngImagePlugin: STREAM b'sBIT' 41 4
14:39:18 [DEBUG] PIL.PngImagePlugin: b'sBIT' 41 4 (unknown)
14:39:18 [DEBUG] PIL.PngImagePlugin: STREAM b'pHYs' 57 9
14:39:18 [DEBUG] PIL.PngImagePlugin: STREAM b'IDAT' 78 626
14:39:19 [INFO] charts:   图表已保存: output/charts/06_a_share_turnover.png
14:39:19 [INFO] charts: [图表7] 南华商品指数...
14:39:19 [INFO] charts: [图表8] 黄金原油...
14:39:19 [DEBUG] PIL.PngImagePlugin: STREAM b'IHDR' 16 13
14:39:19 [DEBUG] PIL.PngImagePlugin: STREAM b'sBIT' 41 4
14:39:19 [DEBUG] PIL.PngImagePlugin: b'sBIT' 41 4 (unknown)
14:39:19 [DEBUG] PIL.PngImagePlugin: STREAM b'pHYs' 57 9
14:39:19 [DEBUG] PIL.PngImagePlugin: STREAM b'IDAT' 78 1189
14:39:19 [DEBUG] PIL.PngImagePlugin: STREAM b'IHDR' 16 13
14:39:19 [DEBUG] PIL.PngImagePlugin: STREAM b'sBIT' 41 4
14:39:19 [DEBUG] PIL.PngImagePlugin: b'sBIT' 41 4 (unknown)
14:39:19 [DEBUG] PIL.PngImagePlugin: STREAM b'pHYs' 57 9
14:39:19 [DEBUG] PIL.PngImagePlugin: STREAM b'IDAT' 78 2994
14:39:19 [DEBUG] PIL.PngImagePlugin: STREAM b'IHDR' 16 13
14:39:19 [DEBUG] PIL.PngImagePlugin: STREAM b'sBIT' 41 4
14:39:19 [DEBUG] PIL.PngImagePlugin: b'sBIT' 41 4 (unknown)
14:39:19 [DEBUG] PIL.PngImagePlugin: STREAM b'pHYs' 57 9
14:39:19 [DEBUG] PIL.PngImagePlugin: STREAM b'IDAT' 78 696
14:39:19 [DEBUG] PIL.PngImagePlugin: STREAM b'IHDR' 16 13
14:39:19 [DEBUG] PIL.PngImagePlugin: STREAM b'sBIT' 41 4
14:39:19 [DEBUG] PIL.PngImagePlugin: b'sBIT' 41 4 (unknown)
14:39:19 [DEBUG] PIL.PngImagePlugin: STREAM b'pHYs' 57 9
14:39:19 [DEBUG] PIL.PngImagePlugin: STREAM b'IDAT' 78 526
14:39:19 [DEBUG] PIL.PngImagePlugin: STREAM b'IHDR' 16 13
14:39:19 [DEBUG] PIL.PngImagePlugin: STREAM b'sBIT' 41 4
14:39:19 [DEBUG] PIL.PngImagePlugin: b'sBIT' 41 4 (unknown)
14:39:19 [DEBUG] PIL.PngImagePlugin: STREAM b'pHYs' 57 9
14:39:19 [DEBUG] PIL.PngImagePlugin: STREAM b'IDAT' 78 499
14:39:19 [DEBUG] PIL.PngImagePlugin: STREAM b'IHDR' 16 13
14:39:19 [DEBUG] PIL.PngImagePlugin: STREAM b'sBIT' 41 4
14:39:19 [DEBUG] PIL.PngImagePlugin: b'sBIT' 41 4 (unknown)
14:39:19 [DEBUG] PIL.PngImagePlugin: STREAM b'pHYs' 57 9
14:39:19 [DEBUG] PIL.PngImagePlugin: STREAM b'IDAT' 78 673
14:39:19 [DEBUG] PIL.PngImagePlugin: STREAM b'IHDR' 16 13
14:39:19 [DEBUG] PIL.PngImagePlugin: STREAM b'sBIT' 41 4
14:39:19 [DEBUG] PIL.PngImagePlugin: b'sBIT' 41 4 (unknown)
14:39:19 [DEBUG] PIL.PngImagePlugin: STREAM b'pHYs' 57 9
14:39:19 [DEBUG] PIL.PngImagePlugin: STREAM b'IDAT' 78 922
14:39:19 [DEBUG] PIL.PngImagePlugin: STREAM b'IHDR' 16 13
14:39:19 [DEBUG] PIL.PngImagePlugin: STREAM b'sBIT' 41 4
14:39:19 [DEBUG] PIL.PngImagePlugin: b'sBIT' 41 4 (unknown)
14:39:19 [DEBUG] PIL.PngImagePlugin: STREAM b'pHYs' 57 9
14:39:19 [DEBUG] PIL.PngImagePlugin: STREAM b'IDAT' 78 568
14:39:19 [DEBUG] PIL.PngImagePlugin: STREAM b'IHDR' 16 13
14:39:19 [DEBUG] PIL.PngImagePlugin: STREAM b'sBIT' 41 4
14:39:19 [DEBUG] PIL.PngImagePlugin: b'sBIT' 41 4 (unknown)
14:39:19 [DEBUG] PIL.PngImagePlugin: STREAM b'pHYs' 57 9
14:39:19 [DEBUG] PIL.PngImagePlugin: STREAM b'IDAT' 78 626
14:39:19 [INFO] charts:   图表已保存: output/charts/08_gold_oil.png
14:39:19 [INFO] charts: [图表9] AH溢价...
14:39:19 [DEBUG] PIL.PngImagePlugin: STREAM b'IHDR' 16 13
14:39:19 [DEBUG] PIL.PngImagePlugin: STREAM b'sBIT' 41 4
14:39:19 [DEBUG] PIL.PngImagePlugin: b'sBIT' 41 4 (unknown)
14:39:19 [DEBUG] PIL.PngImagePlugin: STREAM b'pHYs' 57 9
14:39:19 [DEBUG] PIL.PngImagePlugin: STREAM b'IDAT' 78 1189
14:39:19 [DEBUG] PIL.PngImagePlugin: STREAM b'IHDR' 16 13
14:39:19 [DEBUG] PIL.PngImagePlugin: STREAM b'sBIT' 41 4
14:39:19 [DEBUG] PIL.PngImagePlugin: b'sBIT' 41 4 (unknown)
14:39:19 [DEBUG] PIL.PngImagePlugin: STREAM b'pHYs' 57 9
14:39:19 [DEBUG] PIL.PngImagePlugin: STREAM b'IDAT' 78 2994
14:39:19 [DEBUG] PIL.PngImagePlugin: STREAM b'IHDR' 16 13
14:39:19 [DEBUG] PIL.PngImagePlugin: STREAM b'sBIT' 41 4
14:39:19 [DEBUG] PIL.PngImagePlugin: b'sBIT' 41 4 (unknown)
14:39:19 [DEBUG] PIL.PngImagePlugin: STREAM b'pHYs' 57 9
14:39:19 [DEBUG] PIL.PngImagePlugin: STREAM b'IDAT' 78 696
14:39:19 [DEBUG] PIL.PngImagePlugin: STREAM b'IHDR' 16 13
14:39:19 [DEBUG] PIL.PngImagePlugin: STREAM b'sBIT' 41 4
14:39:19 [DEBUG] PIL.PngImagePlugin: b'sBIT' 41 4 (unknown)
14:39:19 [DEBUG] PIL.PngImagePlugin: STREAM b'pHYs' 57 9
14:39:19 [DEBUG] PIL.PngImagePlugin: STREAM b'IDAT' 78 526
14:39:19 [DEBUG] PIL.PngImagePlugin: STREAM b'IHDR' 16 13
14:39:19 [DEBUG] PIL.PngImagePlugin: STREAM b'sBIT' 41 4
14:39:19 [DEBUG] PIL.PngImagePlugin: b'sBIT' 41 4 (unknown)
14:39:19 [DEBUG] PIL.PngImagePlugin: STREAM b'pHYs' 57 9
14:39:19 [DEBUG] PIL.PngImagePlugin: STREAM b'IDAT' 78 499
14:39:19 [DEBUG] PIL.PngImagePlugin: STREAM b'IHDR' 16 13
14:39:19 [DEBUG] PIL.PngImagePlugin: STREAM b'sBIT' 41 4
14:39:19 [DEBUG] PIL.PngImagePlugin: b'sBIT' 41 4 (unknown)
14:39:19 [DEBUG] PIL.PngImagePlugin: STREAM b'pHYs' 57 9
14:39:19 [DEBUG] PIL.PngImagePlugin: STREAM b'IDAT' 78 673
14:39:19 [DEBUG] PIL.PngImagePlugin: STREAM b'IHDR' 16 13
14:39:19 [DEBUG] PIL.PngImagePlugin: STREAM b'sBIT' 41 4
14:39:19 [DEBUG] PIL.PngImagePlugin: b'sBIT' 41 4 (unknown)
14:39:19 [DEBUG] PIL.PngImagePlugin: STREAM b'pHYs' 57 9
14:39:19 [DEBUG] PIL.PngImagePlugin: STREAM b'IDAT' 78 922
14:39:19 [DEBUG] PIL.PngImagePlugin: STREAM b'IHDR' 16 13
14:39:19 [DEBUG] PIL.PngImagePlugin: STREAM b'sBIT' 41 4
14:39:19 [DEBUG] PIL.PngImagePlugin: b'sBIT' 41 4 (unknown)
14:39:19 [DEBUG] PIL.PngImagePlugin: STREAM b'pHYs' 57 9
14:39:19 [DEBUG] PIL.PngImagePlugin: STREAM b'IDAT' 78 568
14:39:19 [DEBUG] PIL.PngImagePlugin: STREAM b'IHDR' 16 13
14:39:19 [DEBUG] PIL.PngImagePlugin: STREAM b'sBIT' 41 4
14:39:19 [DEBUG] PIL.PngImagePlugin: b'sBIT' 41 4 (unknown)
14:39:19 [DEBUG] PIL.PngImagePlugin: STREAM b'pHYs' 57 9
14:39:19 [DEBUG] PIL.PngImagePlugin: STREAM b'IDAT' 78 626
14:39:19 [INFO] charts:   图表已保存: output/charts/09_ah_premium.png
14:39:19 [INFO] charts: [图表10] 南向资金...
14:39:19 [INFO] charts: [图表11] 融资余额...
14:39:19 [DEBUG] PIL.PngImagePlugin: STREAM b'IHDR' 16 13
14:39:19 [DEBUG] PIL.PngImagePlugin: STREAM b'sBIT' 41 4
14:39:19 [DEBUG] PIL.PngImagePlugin: b'sBIT' 41 4 (unknown)
14:39:19 [DEBUG] PIL.PngImagePlugin: STREAM b'pHYs' 57 9
14:39:19 [DEBUG] PIL.PngImagePlugin: STREAM b'IDAT' 78 1189
14:39:19 [DEBUG] PIL.PngImagePlugin: STREAM b'IHDR' 16 13
14:39:19 [DEBUG] PIL.PngImagePlugin: STREAM b'sBIT' 41 4
14:39:19 [DEBUG] PIL.PngImagePlugin: b'sBIT' 41 4 (unknown)
14:39:19 [DEBUG] PIL.PngImagePlugin: STREAM b'pHYs' 57 9
14:39:19 [DEBUG] PIL.PngImagePlugin: STREAM b'IDAT' 78 2994
14:39:19 [DEBUG] PIL.PngImagePlugin: STREAM b'IHDR' 16 13
14:39:19 [DEBUG] PIL.PngImagePlugin: STREAM b'sBIT' 41 4
14:39:19 [DEBUG] PIL.PngImagePlugin: b'sBIT' 41 4 (unknown)
14:39:19 [DEBUG] PIL.PngImagePlugin: STREAM b'pHYs' 57 9
14:39:19 [DEBUG] PIL.PngImagePlugin: STREAM b'IDAT' 78 696
14:39:19 [DEBUG] PIL.PngImagePlugin: STREAM b'IHDR' 16 13
14:39:19 [DEBUG] PIL.PngImagePlugin: STREAM b'sBIT' 41 4
14:39:19 [DEBUG] PIL.PngImagePlugin: b'sBIT' 41 4 (unknown)
14:39:19 [DEBUG] PIL.PngImagePlugin: STREAM b'pHYs' 57 9
14:39:19 [DEBUG] PIL.PngImagePlugin: STREAM b'IDAT' 78 526
14:39:19 [DEBUG] PIL.PngImagePlugin: STREAM b'IHDR' 16 13
14:39:19 [DEBUG] PIL.PngImagePlugin: STREAM b'sBIT' 41 4
14:39:19 [DEBUG] PIL.PngImagePlugin: b'sBIT' 41 4 (unknown)
14:39:19 [DEBUG] PIL.PngImagePlugin: STREAM b'pHYs' 57 9
14:39:19 [DEBUG] PIL.PngImagePlugin: STREAM b'IDAT' 78 499
14:39:19 [DEBUG] PIL.PngImagePlugin: STREAM b'IHDR' 16 13
14:39:19 [DEBUG] PIL.PngImagePlugin: STREAM b'sBIT' 41 4
14:39:19 [DEBUG] PIL.PngImagePlugin: b'sBIT' 41 4 (unknown)
14:39:19 [DEBUG] PIL.PngImagePlugin: STREAM b'pHYs' 57 9
14:39:19 [DEBUG] PIL.PngImagePlugin: STREAM b'IDAT' 78 673
14:39:19 [DEBUG] PIL.PngImagePlugin: STREAM b'IHDR' 16 13
14:39:19 [DEBUG] PIL.PngImagePlugin: STREAM b'sBIT' 41 4
14:39:19 [DEBUG] PIL.PngImagePlugin: b'sBIT' 41 4 (unknown)
14:39:19 [DEBUG] PIL.PngImagePlugin: STREAM b'pHYs' 57 9
14:39:19 [DEBUG] PIL.PngImagePlugin: STREAM b'IDAT' 78 922
14:39:19 [DEBUG] PIL.PngImagePlugin: STREAM b'IHDR' 16 13
14:39:19 [DEBUG] PIL.PngImagePlugin: STREAM b'sBIT' 41 4
14:39:19 [DEBUG] PIL.PngImagePlugin: b'sBIT' 41 4 (unknown)
14:39:19 [DEBUG] PIL.PngImagePlugin: STREAM b'pHYs' 57 9
14:39:19 [DEBUG] PIL.PngImagePlugin: STREAM b'IDAT' 78 568
14:39:19 [DEBUG] PIL.PngImagePlugin: STREAM b'IHDR' 16 13
14:39:19 [DEBUG] PIL.PngImagePlugin: STREAM b'sBIT' 41 4
14:39:19 [DEBUG] PIL.PngImagePlugin: b'sBIT' 41 4 (unknown)
14:39:19 [DEBUG] PIL.PngImagePlugin: STREAM b'pHYs' 57 9
14:39:19 [DEBUG] PIL.PngImagePlugin: STREAM b'IDAT' 78 626
14:39:20 [INFO] charts:   图表已保存: output/charts/11_margin_balance.png
14:39:20 [INFO] charts: [图表12] 可转债...
14:39:20 [DEBUG] PIL.PngImagePlugin: STREAM b'IHDR' 16 13
14:39:20 [DEBUG] PIL.PngImagePlugin: STREAM b'sBIT' 41 4
14:39:20 [DEBUG] PIL.PngImagePlugin: b'sBIT' 41 4 (unknown)
14:39:20 [DEBUG] PIL.PngImagePlugin: STREAM b'pHYs' 57 9
14:39:20 [DEBUG] PIL.PngImagePlugin: STREAM b'IDAT' 78 1189
14:39:20 [DEBUG] PIL.PngImagePlugin: STREAM b'IHDR' 16 13
14:39:20 [DEBUG] PIL.PngImagePlugin: STREAM b'sBIT' 41 4
14:39:20 [DEBUG] PIL.PngImagePlugin: b'sBIT' 41 4 (unknown)
14:39:20 [DEBUG] PIL.PngImagePlugin: STREAM b'pHYs' 57 9
14:39:20 [DEBUG] PIL.PngImagePlugin: STREAM b'IDAT' 78 2994
14:39:20 [DEBUG] PIL.PngImagePlugin: STREAM b'IHDR' 16 13
14:39:20 [DEBUG] PIL.PngImagePlugin: STREAM b'sBIT' 41 4
14:39:20 [DEBUG] PIL.PngImagePlugin: b'sBIT' 41 4 (unknown)
14:39:20 [DEBUG] PIL.PngImagePlugin: STREAM b'pHYs' 57 9
14:39:20 [DEBUG] PIL.PngImagePlugin: STREAM b'IDAT' 78 696
14:39:20 [DEBUG] PIL.PngImagePlugin: STREAM b'IHDR' 16 13
14:39:20 [DEBUG] PIL.PngImagePlugin: STREAM b'sBIT' 41 4
14:39:20 [DEBUG] PIL.PngImagePlugin: b'sBIT' 41 4 (unknown)
14:39:20 [DEBUG] PIL.PngImagePlugin: STREAM b'pHYs' 57 9
14:39:20 [DEBUG] PIL.PngImagePlugin: STREAM b'IDAT' 78 526
14:39:20 [DEBUG] PIL.PngImagePlugin: STREAM b'IHDR' 16 13
14:39:20 [DEBUG] PIL.PngImagePlugin: STREAM b'sBIT' 41 4
14:39:20 [DEBUG] PIL.PngImagePlugin: b'sBIT' 41 4 (unknown)
14:39:20 [DEBUG] PIL.PngImagePlugin: STREAM b'pHYs' 57 9
14:39:20 [DEBUG] PIL.PngImagePlugin: STREAM b'IDAT' 78 499
14:39:20 [DEBUG] PIL.PngImagePlugin: STREAM b'IHDR' 16 13
14:39:20 [DEBUG] PIL.PngImagePlugin: STREAM b'sBIT' 41 4
14:39:20 [DEBUG] PIL.PngImagePlugin: b'sBIT' 41 4 (unknown)
14:39:20 [DEBUG] PIL.PngImagePlugin: STREAM b'pHYs' 57 9
14:39:20 [DEBUG] PIL.PngImagePlugin: STREAM b'IDAT' 78 673
14:39:20 [DEBUG] PIL.PngImagePlugin: STREAM b'IHDR' 16 13
14:39:20 [DEBUG] PIL.PngImagePlugin: STREAM b'sBIT' 41 4
14:39:20 [DEBUG] PIL.PngImagePlugin: b'sBIT' 41 4 (unknown)
14:39:20 [DEBUG] PIL.PngImagePlugin: STREAM b'pHYs' 57 9
14:39:20 [DEBUG] PIL.PngImagePlugin: STREAM b'IDAT' 78 922
14:39:20 [DEBUG] PIL.PngImagePlugin: STREAM b'IHDR' 16 13
14:39:20 [DEBUG] PIL.PngImagePlugin: STREAM b'sBIT' 41 4
14:39:20 [DEBUG] PIL.PngImagePlugin: b'sBIT' 41 4 (unknown)
14:39:20 [DEBUG] PIL.PngImagePlugin: STREAM b'pHYs' 57 9
14:39:20 [DEBUG] PIL.PngImagePlugin: STREAM b'IDAT' 78 568
14:39:20 [DEBUG] PIL.PngImagePlugin: STREAM b'IHDR' 16 13
14:39:20 [DEBUG] PIL.PngImagePlugin: STREAM b'sBIT' 41 4
14:39:20 [DEBUG] PIL.PngImagePlugin: b'sBIT' 41 4 (unknown)
14:39:20 [DEBUG] PIL.PngImagePlugin: STREAM b'pHYs' 57 9
14:39:20 [DEBUG] PIL.PngImagePlugin: STREAM b'IDAT' 78 626
14:39:20 [INFO] charts:   图表已保存: output/charts/12_convertible_bond.png
14:39:20 [INFO] charts: [图表13] 房地产高频...
14:39:20 [INFO] __main__: 共生成 9 张图表
14:39:20 [INFO] __main__: 
──────────────────────────────────────────────────
14:39:20 [INFO] __main__: [Step 4/4] HTML 报告生成
14:39:20 [INFO] __main__: ──────────────────────────────────────────────────
14:39:20 [ERROR] __main__: 报告生成异常: The truth value of a DataFrame is ambiguous. Use a.empty, a.bool(), a.item(), a.any() or a.all().
14:39:20 [DEBUG] __main__: Traceback (most recent call last):
  File "D:\Users\Administrator\PycharmProjects\ReportGenerator\market_report\main.py", line 371, in main
    report_path = report_gen.generate(data, chart_paths)
  File "D:\Users\Administrator\PycharmProjects\ReportGenerator\market_report\report_generator.py", line 489, in generate
    html = template.render(
        title=REPORT_TITLE,
    ...<8 lines>...
        global_table=global_table,
    )
  File "C:\Users\Administrator\AppData\Local\Programs\Python\Python313\Lib\site-packages\jinja2\environment.py", line 1295, in render
    self.environment.handle_exception()
    ~~~~~~~~~~~~~~~~~~~~~~~~~~~~~~~~~^^
  File "C:\Users\Administrator\AppData\Local\Programs\Python\Python313\Lib\site-packages\jinja2\environment.py", line 942, in handle_exception
    raise rewrite_traceback_stack(source=source)
  File "<template>", line 151, in top-level template code
  File "C:\Users\Administrator\AppData\Local\Programs\Python\Python313\Lib\site-packages\pandas\core\generic.py", line 1513, in __bool__
    raise ValueError(
    ...<2 lines>...
    )
ValueError: The truth value of a DataFrame is ambiguous. Use a.empty, a.bool(), a.item(), a.any() or a.all().

14:39:20 [INFO] __main__: ════════════════════════════════════════════════════════════
14:39:20 [INFO] __main__:   ✅ 市场跟踪周报生成完毕
14:39:20 [INFO] __main__: ════════════════════════════════════════════════════════════
14:39:20 [INFO] __main__:   数据概况：指数10只 | ETF3只 | 行业0个 | 海外0个
14:39:20 [INFO] __main__:   图表数量：9 张 → output/charts/
14:39:20 [INFO] __main__:   总耗时  ：211.7 秒
14:39:20 [INFO] __main__: ════════════════════════════════════════════════════════════
15:44:49 [INFO] __main__: ============================================================
15:44:49 [INFO] __main__:   市场跟踪周报自动化系统  |  2026-05-14
15:44:49 [INFO] __main__: ============================================================
15:44:49 [INFO] storage: 数据库初始化完成: output/market_data.db
15:44:49 [INFO] __main__: 模式: 全量运行（抓取 → 存储 → 图表 → 报告）
15:44:49 [INFO] __main__: 
──────────────────────────────────────────────────
15:44:49 [INFO] __main__: [Step 1/4] 数据抓取
15:44:49 [INFO] __main__: ──────────────────────────────────────────────────
15:44:49 [INFO] fetcher: ============================================================
15:44:49 [INFO] fetcher: 开始全量数据抓取...
15:44:49 [INFO] fetcher: ============================================================
15:44:49 [INFO] fetcher: [1/11] 抓取 A股宽基指数日线...
15:44:49 [INFO] fetcher:   抓取指数: 沪深300(000300)
15:44:51 [DEBUG] urllib3.connectionpool: Starting new HTTPS connection (1): 80.push2.eastmoney.com:443
15:44:54 [DEBUG] urllib3.connectionpool: Starting new HTTPS connection (1): 80.push2.eastmoney.com:443
15:44:59 [DEBUG] urllib3.connectionpool: Starting new HTTPS connection (1): 80.push2.eastmoney.com:443
15:45:04 [WARNING] fetcher: index_zh_a_hist 000300 失败，尝试备用: HTTPSConnectionPool(host='80.push2.eastmoney.com', port=443): Max retries exceeded with url: /api/qt/clist/get?pn=1&pz=100&po=1&np=1&ut=bd1d9ddb04089700cf9c27f6f7426281&fltt=2&invt=2&fid=f3&fs=b%3AMK0010%2Cm%3A1%2Bt%3A1%2Cm%3A0+t%3A5%2Cm%3A1%2Bs%3A3%2Cm%3A0%2Bt%3A5%2Cm%3A2&fields=f3%2Cf12%2Cf13 (Caused by ProxyError('Unable to connect to proxy', RemoteDisconnected('Remote end closed connection without response')))
15:45:05 [ERROR] fetcher: fetch_index_daily 000300 全部接口失败
15:45:05 [INFO] fetcher:   抓取指数: 上证50(000016)
15:45:07 [DEBUG] urllib3.connectionpool: Starting new HTTPS connection (1): 80.push2.eastmoney.com:443
15:45:11 [DEBUG] urllib3.connectionpool: Starting new HTTPS connection (1): 80.push2.eastmoney.com:443
15:45:16 [DEBUG] urllib3.connectionpool: Starting new HTTPS connection (1): 80.push2.eastmoney.com:443
15:45:18 [WARNING] fetcher: index_zh_a_hist 000016 失败，尝试备用: HTTPSConnectionPool(host='80.push2.eastmoney.com', port=443): Max retries exceeded with url: /api/qt/clist/get?pn=1&pz=100&po=1&np=1&ut=bd1d9ddb04089700cf9c27f6f7426281&fltt=2&invt=2&fid=f3&fs=b%3AMK0010%2Cm%3A1%2Bt%3A1%2Cm%3A0+t%3A5%2Cm%3A1%2Bs%3A3%2Cm%3A0%2Bt%3A5%2Cm%3A2&fields=f3%2Cf12%2Cf13 (Caused by ProxyError('Unable to connect to proxy', RemoteDisconnected('Remote end closed connection without response')))
15:45:21 [ERROR] fetcher: fetch_index_daily 000016 全部接口失败
15:45:21 [INFO] fetcher:   抓取指数: 中证500(000905)
15:45:23 [DEBUG] urllib3.connectionpool: Starting new HTTPS connection (1): 80.push2.eastmoney.com:443
15:45:27 [DEBUG] urllib3.connectionpool: Starting new HTTPS connection (1): 80.push2.eastmoney.com:443
15:45:32 [DEBUG] urllib3.connectionpool: Starting new HTTPS connection (1): 80.push2.eastmoney.com:443
15:45:34 [WARNING] fetcher: index_zh_a_hist 000905 失败，尝试备用: HTTPSConnectionPool(host='80.push2.eastmoney.com', port=443): Max retries exceeded with url: /api/qt/clist/get?pn=1&pz=100&po=1&np=1&ut=bd1d9ddb04089700cf9c27f6f7426281&fltt=2&invt=2&fid=f3&fs=b%3AMK0010%2Cm%3A1%2Bt%3A1%2Cm%3A0+t%3A5%2Cm%3A1%2Bs%3A3%2Cm%3A0%2Bt%3A5%2Cm%3A2&fields=f3%2Cf12%2Cf13 (Caused by ProxyError('Unable to connect to proxy', RemoteDisconnected('Remote end closed connection without response')))
15:45:35 [ERROR] fetcher: fetch_index_daily 000905 全部接口失败
15:45:35 [INFO] fetcher:   抓取指数: 中证1000(000852)
15:45:38 [DEBUG] urllib3.connectionpool: Starting new HTTPS connection (1): 80.push2.eastmoney.com:443
15:45:41 [DEBUG] urllib3.connectionpool: Starting new HTTPS connection (1): 80.push2.eastmoney.com:443
15:45:48 [DEBUG] urllib3.connectionpool: Starting new HTTPS connection (1): 80.push2.eastmoney.com:443
15:45:51 [WARNING] fetcher: index_zh_a_hist 000852 失败，尝试备用: HTTPSConnectionPool(host='80.push2.eastmoney.com', port=443): Max retries exceeded with url: /api/qt/clist/get?pn=1&pz=100&po=1&np=1&ut=bd1d9ddb04089700cf9c27f6f7426281&fltt=2&invt=2&fid=f3&fs=b%3AMK0010%2Cm%3A1%2Bt%3A1%2Cm%3A0+t%3A5%2Cm%3A1%2Bs%3A3%2Cm%3A0%2Bt%3A5%2Cm%3A2&fields=f3%2Cf12%2Cf13 (Caused by ProxyError('Unable to connect to proxy', RemoteDisconnected('Remote end closed connection without response')))
15:45:54 [ERROR] fetcher: fetch_index_daily 000852 全部接口失败
15:45:54 [INFO] fetcher:   抓取指数: 中证2000(932000)
15:45:57 [DEBUG] urllib3.connectionpool: Starting new HTTPS connection (1): 80.push2.eastmoney.com:443
15:46:00 [DEBUG] urllib3.connectionpool: Starting new HTTPS connection (1): 80.push2.eastmoney.com:443
15:46:06 [DEBUG] urllib3.connectionpool: Starting new HTTPS connection (1): 80.push2.eastmoney.com:443
15:46:09 [WARNING] fetcher: index_zh_a_hist 932000 失败，尝试备用: HTTPSConnectionPool(host='80.push2.eastmoney.com', port=443): Max retries exceeded with url: /api/qt/clist/get?pn=1&pz=100&po=1&np=1&ut=bd1d9ddb04089700cf9c27f6f7426281&fltt=2&invt=2&fid=f3&fs=b%3AMK0010%2Cm%3A1%2Bt%3A1%2Cm%3A0+t%3A5%2Cm%3A1%2Bs%3A3%2Cm%3A0%2Bt%3A5%2Cm%3A2&fields=f3%2Cf12%2Cf13 (Caused by ProxyError('Unable to connect to proxy', RemoteDisconnected('Remote end closed connection without response')))
15:46:10 [ERROR] fetcher: fetch_index_daily 932000 全部接口失败
15:46:10 [INFO] fetcher:   抓取指数: 创业板50(399673)
15:46:13 [DEBUG] urllib3.connectionpool: Starting new HTTPS connection (1): 80.push2.eastmoney.com:443
15:46:17 [DEBUG] urllib3.connectionpool: Starting new HTTPS connection (1): 80.push2.eastmoney.com:443
15:46:21 [DEBUG] urllib3.connectionpool: Starting new HTTPS connection (1): 80.push2.eastmoney.com:443
15:46:23 [WARNING] fetcher: index_zh_a_hist 399673 失败，尝试备用: HTTPSConnectionPool(host='80.push2.eastmoney.com', port=443): Max retries exceeded with url: /api/qt/clist/get?pn=1&pz=100&po=1&np=1&ut=bd1d9ddb04089700cf9c27f6f7426281&fltt=2&invt=2&fid=f3&fs=b%3AMK0010%2Cm%3A1%2Bt%3A1%2Cm%3A0+t%3A5%2Cm%3A1%2Bs%3A3%2Cm%3A0%2Bt%3A5%2Cm%3A2&fields=f3%2Cf12%2Cf13 (Caused by ProxyError('Unable to connect to proxy', RemoteDisconnected('Remote end closed connection without response')))
15:46:25 [ERROR] fetcher: fetch_index_daily 399673 全部接口失败
15:46:25 [INFO] fetcher:   抓取指数: 科创50(000688)
15:46:27 [DEBUG] urllib3.connectionpool: Starting new HTTPS connection (1): 80.push2.eastmoney.com:443
15:46:30 [DEBUG] urllib3.connectionpool: Starting new HTTPS connection (1): 80.push2.eastmoney.com:443
15:46:34 [DEBUG] urllib3.connectionpool: Starting new HTTPS connection (1): 80.push2.eastmoney.com:443
15:46:36 [WARNING] fetcher: index_zh_a_hist 000688 失败，尝试备用: HTTPSConnectionPool(host='80.push2.eastmoney.com', port=443): Max retries exceeded with url: /api/qt/clist/get?pn=1&pz=100&po=1&np=1&ut=bd1d9ddb04089700cf9c27f6f7426281&fltt=2&invt=2&fid=f3&fs=b%3AMK0010%2Cm%3A1%2Bt%3A1%2Cm%3A0+t%3A5%2Cm%3A1%2Bs%3A3%2Cm%3A0%2Bt%3A5%2Cm%3A2&fields=f3%2Cf12%2Cf13 (Caused by ProxyError('Unable to connect to proxy', RemoteDisconnected('Remote end closed connection without response')))
15:46:39 [ERROR] fetcher: fetch_index_daily 000688 全部接口失败
15:46:39 [INFO] fetcher:   抓取指数: 北证50(899050)
15:46:41 [DEBUG] urllib3.connectionpool: Starting new HTTPS connection (1): 80.push2.eastmoney.com:443
15:46:46 [DEBUG] urllib3.connectionpool: Starting new HTTPS connection (1): 80.push2.eastmoney.com:443
15:46:50 [DEBUG] urllib3.connectionpool: Starting new HTTPS connection (1): 80.push2.eastmoney.com:443
15:46:51 [WARNING] fetcher: index_zh_a_hist 899050 失败，尝试备用: HTTPSConnectionPool(host='80.push2.eastmoney.com', port=443): Max retries exceeded with url: /api/qt/clist/get?pn=1&pz=100&po=1&np=1&ut=bd1d9ddb04089700cf9c27f6f7426281&fltt=2&invt=2&fid=f3&fs=b%3AMK0010%2Cm%3A1%2Bt%3A1%2Cm%3A0+t%3A5%2Cm%3A1%2Bs%3A3%2Cm%3A0%2Bt%3A5%2Cm%3A2&fields=f3%2Cf12%2Cf13 (Caused by ProxyError('Unable to connect to proxy', RemoteDisconnected('Remote end closed connection without response')))
15:46:54 [ERROR] fetcher: fetch_index_daily 899050 全部接口失败
15:46:54 [INFO] fetcher:   抓取指数: 万得全A(000985)
15:46:57 [DEBUG] urllib3.connectionpool: Starting new HTTPS connection (1): 80.push2.eastmoney.com:443
15:47:00 [DEBUG] urllib3.connectionpool: Starting new HTTPS connection (1): 80.push2.eastmoney.com:443
15:47:04 [DEBUG] urllib3.connectionpool: Starting new HTTPS connection (1): 80.push2.eastmoney.com:443
15:47:06 [WARNING] fetcher: index_zh_a_hist 000985 失败，尝试备用: HTTPSConnectionPool(host='80.push2.eastmoney.com', port=443): Max retries exceeded with url: /api/qt/clist/get?pn=1&pz=100&po=1&np=1&ut=bd1d9ddb04089700cf9c27f6f7426281&fltt=2&invt=2&fid=f3&fs=b%3AMK0010%2Cm%3A1%2Bt%3A1%2Cm%3A0+t%3A5%2Cm%3A1%2Bs%3A3%2Cm%3A0%2Bt%3A5%2Cm%3A2&fields=f3%2Cf12%2Cf13 (Caused by ProxyError('Unable to connect to proxy', RemoteDisconnected('Remote end closed connection without response')))
15:47:09 [ERROR] fetcher: fetch_index_daily 000985 全部接口失败
15:47:09 [INFO] fetcher:   抓取指数: 中证红利(000922)
15:47:11 [DEBUG] urllib3.connectionpool: Starting new HTTPS connection (1): 80.push2.eastmoney.com:443
15:47:14 [DEBUG] urllib3.connectionpool: Starting new HTTPS connection (1): 80.push2.eastmoney.com:443
15:47:20 [DEBUG] urllib3.connectionpool: Starting new HTTPS connection (1): 80.push2.eastmoney.com:443
15:47:21 [WARNING] fetcher: index_zh_a_hist 000922 失败，尝试备用: HTTPSConnectionPool(host='80.push2.eastmoney.com', port=443): Max retries exceeded with url: /api/qt/clist/get?pn=1&pz=100&po=1&np=1&ut=bd1d9ddb04089700cf9c27f6f7426281&fltt=2&invt=2&fid=f3&fs=b%3AMK0010%2Cm%3A1%2Bt%3A1%2Cm%3A0+t%3A5%2Cm%3A1%2Bs%3A3%2Cm%3A0%2Bt%3A5%2Cm%3A2&fields=f3%2Cf12%2Cf13 (Caused by ProxyError('Unable to connect to proxy', RemoteDisconnected('Remote end closed connection without response')))
15:47:23 [ERROR] fetcher: fetch_index_daily 000922 全部接口失败
15:47:23 [INFO] fetcher:   抓取指数: 科创100(000698)
15:47:25 [DEBUG] urllib3.connectionpool: Starting new HTTPS connection (1): 80.push2.eastmoney.com:443
15:47:29 [DEBUG] urllib3.connectionpool: Starting new HTTPS connection (1): 80.push2.eastmoney.com:443
15:47:34 [DEBUG] urllib3.connectionpool: Starting new HTTPS connection (1): 80.push2.eastmoney.com:443
15:47:37 [WARNING] fetcher: index_zh_a_hist 000698 失败，尝试备用: HTTPSConnectionPool(host='80.push2.eastmoney.com', port=443): Max retries exceeded with url: /api/qt/clist/get?pn=1&pz=100&po=1&np=1&ut=bd1d9ddb04089700cf9c27f6f7426281&fltt=2&invt=2&fid=f3&fs=b%3AMK0010%2Cm%3A1%2Bt%3A1%2Cm%3A0+t%3A5%2Cm%3A1%2Bs%3A3%2Cm%3A0%2Bt%3A5%2Cm%3A2&fields=f3%2Cf12%2Cf13 (Caused by ProxyError('Unable to connect to proxy', RemoteDisconnected('Remote end closed connection without response')))
15:47:38 [ERROR] fetcher: fetch_index_daily 000698 全部接口失败
15:47:38 [INFO] fetcher: [2/11] 抓取 指数PE/PB估值...
15:48:05 [INFO] fetcher: [3/11] 抓取 宽基ETF净流入...
15:48:05 [INFO] fetcher:   抓取ETF: 上证50ETF(510050)
15:48:06 [DEBUG] urllib3.connectionpool: Starting new HTTPS connection (1): push2his.eastmoney.com:443
15:48:06 [DEBUG] fetcher: fund_etf_hist_em 510050 失败: HTTPSConnectionPool(host='push2his.eastmoney.com', port=443): Max retries exceeded with url: /api/qt/stock/kline/get?fields1=f1%2Cf2%2Cf3%2Cf4%2Cf5%2Cf6&fields2=f51%2Cf52%2Cf53%2Cf54%2Cf55%2Cf56%2Cf57%2Cf58%2Cf59%2Cf60%2Cf61%2Cf116&ut=7eea3edcaed734bea9cbfc24409ed989&klt=101&fqt=0&beg=20260315&end=20260514&secid=1.510050 (Caused by ProxyError('Unable to connect to proxy', RemoteDisconnected('Remote end closed connection without response')))
15:48:09 [DEBUG] urllib3.connectionpool: Starting new HTTPS connection (1): finance.sina.com.cn:443
15:48:09 [DEBUG] urllib3.connectionpool: https://finance.sina.com.cn:443 "GET /realstock/company/sh510050/hisdata_klc2/klc_kl.js HTTP/1.1" 200 54922
15:48:09 [DEBUG] asyncio: Using proactor: IocpProactor
15:48:09 [DEBUG] charset_normalizer: Encoding detection: ascii is most likely the one.
15:48:09 [INFO] fetcher:   抓取ETF: 沪深300ETF(510300)
15:48:12 [DEBUG] urllib3.connectionpool: Starting new HTTPS connection (1): push2his.eastmoney.com:443
15:48:13 [DEBUG] fetcher: fund_etf_hist_em 510300 失败: HTTPSConnectionPool(host='push2his.eastmoney.com', port=443): Max retries exceeded with url: /api/qt/stock/kline/get?fields1=f1%2Cf2%2Cf3%2Cf4%2Cf5%2Cf6&fields2=f51%2Cf52%2Cf53%2Cf54%2Cf55%2Cf56%2Cf57%2Cf58%2Cf59%2Cf60%2Cf61%2Cf116&ut=7eea3edcaed734bea9cbfc24409ed989&klt=101&fqt=0&beg=20260315&end=20260514&secid=1.510300 (Caused by ProxyError('Unable to connect to proxy', RemoteDisconnected('Remote end closed connection without response')))
15:48:15 [DEBUG] urllib3.connectionpool: Starting new HTTPS connection (1): finance.sina.com.cn:443
15:48:15 [DEBUG] urllib3.connectionpool: https://finance.sina.com.cn:443 "GET /realstock/company/sh510300/hisdata_klc2/klc_kl.js HTTP/1.1" 200 37211
15:48:15 [DEBUG] asyncio: Using proactor: IocpProactor
15:48:15 [DEBUG] charset_normalizer: Encoding detection: ascii is most likely the one.
15:48:15 [INFO] fetcher:   抓取ETF: 中证500ETF(510500)
15:48:18 [DEBUG] urllib3.connectionpool: Starting new HTTPS connection (1): push2his.eastmoney.com:443
15:48:19 [DEBUG] fetcher: fund_etf_hist_em 510500 失败: HTTPSConnectionPool(host='push2his.eastmoney.com', port=443): Max retries exceeded with url: /api/qt/stock/kline/get?fields1=f1%2Cf2%2Cf3%2Cf4%2Cf5%2Cf6&fields2=f51%2Cf52%2Cf53%2Cf54%2Cf55%2Cf56%2Cf57%2Cf58%2Cf59%2Cf60%2Cf61%2Cf116&ut=7eea3edcaed734bea9cbfc24409ed989&klt=101&fqt=0&beg=20260315&end=20260514&secid=1.510500 (Caused by ProxyError('Unable to connect to proxy', RemoteDisconnected('Remote end closed connection without response')))
15:48:21 [DEBUG] urllib3.connectionpool: Starting new HTTPS connection (1): finance.sina.com.cn:443
15:48:21 [DEBUG] urllib3.connectionpool: https://finance.sina.com.cn:443 "GET /realstock/company/sh510500/hisdata_klc2/klc_kl.js HTTP/1.1" 200 35204
15:48:21 [DEBUG] asyncio: Using proactor: IocpProactor
15:48:21 [DEBUG] charset_normalizer: Encoding detection: ascii is most likely the one.
15:48:21 [INFO] fetcher:   抓取ETF: 中证1000ETF(512100)
15:48:24 [DEBUG] urllib3.connectionpool: Starting new HTTPS connection (1): push2his.eastmoney.com:443
15:48:24 [DEBUG] fetcher: fund_etf_hist_em 512100 失败: HTTPSConnectionPool(host='push2his.eastmoney.com', port=443): Max retries exceeded with url: /api/qt/stock/kline/get?fields1=f1%2Cf2%2Cf3%2Cf4%2Cf5%2Cf6&fields2=f51%2Cf52%2Cf53%2Cf54%2Cf55%2Cf56%2Cf57%2Cf58%2Cf59%2Cf60%2Cf61%2Cf116&ut=7eea3edcaed734bea9cbfc24409ed989&klt=101&fqt=0&beg=20260315&end=20260514&secid=1.512100 (Caused by ProxyError('Unable to connect to proxy', RemoteDisconnected('Remote end closed connection without response')))
15:48:26 [DEBUG] urllib3.connectionpool: Starting new HTTPS connection (1): finance.sina.com.cn:443
15:48:26 [DEBUG] urllib3.connectionpool: https://finance.sina.com.cn:443 "GET /realstock/company/sh512100/hisdata_klc2/klc_kl.js HTTP/1.1" 200 21345
15:48:26 [DEBUG] asyncio: Using proactor: IocpProactor
15:48:26 [DEBUG] charset_normalizer: Encoding detection: ascii is most likely the one.
15:48:26 [INFO] fetcher:   抓取ETF: 中证2000ETF(563300)
15:48:28 [DEBUG] urllib3.connectionpool: Starting new HTTPS connection (1): push2his.eastmoney.com:443
15:48:28 [DEBUG] fetcher: fund_etf_hist_em 563300 失败: HTTPSConnectionPool(host='push2his.eastmoney.com', port=443): Max retries exceeded with url: /api/qt/stock/kline/get?fields1=f1%2Cf2%2Cf3%2Cf4%2Cf5%2Cf6&fields2=f51%2Cf52%2Cf53%2Cf54%2Cf55%2Cf56%2Cf57%2Cf58%2Cf59%2Cf60%2Cf61%2Cf116&ut=7eea3edcaed734bea9cbfc24409ed989&klt=101&fqt=0&beg=20260315&end=20260514&secid=1.563300 (Caused by ProxyError('Unable to connect to proxy', RemoteDisconnected('Remote end closed connection without response')))
15:48:30 [DEBUG] urllib3.connectionpool: Starting new HTTPS connection (1): finance.sina.com.cn:443
15:48:30 [DEBUG] urllib3.connectionpool: https://finance.sina.com.cn:443 "GET /realstock/company/sh563300/hisdata_klc2/klc_kl.js HTTP/1.1" 200 6511
15:48:30 [DEBUG] asyncio: Using proactor: IocpProactor
15:48:30 [DEBUG] charset_normalizer: Encoding detection: ascii is most likely the one.
15:48:30 [INFO] fetcher:   抓取ETF: 创业板ETF(159915)
15:48:33 [DEBUG] urllib3.connectionpool: Starting new HTTPS connection (1): push2his.eastmoney.com:443
15:48:33 [DEBUG] fetcher: fund_etf_hist_em 159915 失败: HTTPSConnectionPool(host='push2his.eastmoney.com', port=443): Max retries exceeded with url: /api/qt/stock/kline/get?fields1=f1%2Cf2%2Cf3%2Cf4%2Cf5%2Cf6&fields2=f51%2Cf52%2Cf53%2Cf54%2Cf55%2Cf56%2Cf57%2Cf58%2Cf59%2Cf60%2Cf61%2Cf116&ut=7eea3edcaed734bea9cbfc24409ed989&klt=101&fqt=0&beg=20260315&end=20260514&secid=0.159915 (Caused by ProxyError('Unable to connect to proxy', RemoteDisconnected('Remote end closed connection without response')))
15:48:35 [DEBUG] urllib3.connectionpool: Starting new HTTPS connection (1): finance.sina.com.cn:443
15:48:35 [DEBUG] urllib3.connectionpool: https://finance.sina.com.cn:443 "GET /realstock/company/sz159915/hisdata_klc2/klc_kl.js HTTP/1.1" 200 37124
15:48:35 [DEBUG] asyncio: Using proactor: IocpProactor
15:48:35 [DEBUG] charset_normalizer: Encoding detection: ascii is most likely the one.
15:48:35 [INFO] fetcher:   抓取ETF: 科创50ETF(588000)
15:48:37 [DEBUG] urllib3.connectionpool: Starting new HTTPS connection (1): push2his.eastmoney.com:443
15:48:37 [DEBUG] fetcher: fund_etf_hist_em 588000 失败: HTTPSConnectionPool(host='push2his.eastmoney.com', port=443): Max retries exceeded with url: /api/qt/stock/kline/get?fields1=f1%2Cf2%2Cf3%2Cf4%2Cf5%2Cf6&fields2=f51%2Cf52%2Cf53%2Cf54%2Cf55%2Cf56%2Cf57%2Cf58%2Cf59%2Cf60%2Cf61%2Cf116&ut=7eea3edcaed734bea9cbfc24409ed989&klt=101&fqt=0&beg=20260315&end=20260514&secid=1.588000 (Caused by ProxyError('Unable to connect to proxy', RemoteDisconnected('Remote end closed connection without response')))
15:48:40 [DEBUG] urllib3.connectionpool: Starting new HTTPS connection (1): finance.sina.com.cn:443
15:48:40 [DEBUG] urllib3.connectionpool: https://finance.sina.com.cn:443 "GET /realstock/company/sh588000/hisdata_klc2/klc_kl.js HTTP/1.1" 200 14410
15:48:40 [DEBUG] asyncio: Using proactor: IocpProactor
15:48:40 [DEBUG] charset_normalizer: Encoding detection: ascii is most likely the one.
15:48:40 [INFO] fetcher: [6/11] 抓取 海外市场...
15:48:42 [DEBUG] urllib3.connectionpool: Starting new HTTPS connection (1): 15.push2.eastmoney.com:443
15:48:46 [DEBUG] urllib3.connectionpool: Starting new HTTPS connection (1): 15.push2.eastmoney.com:443
15:48:49 [DEBUG] urllib3.connectionpool: Starting new HTTPS connection (1): 15.push2.eastmoney.com:443
15:48:49 [WARNING] fetcher:   HK指数 恒生指数 失败: HTTPSConnectionPool(host='15.push2.eastmoney.com', port=443): Max retries exceeded with url: /api/qt/clist/get?pn=1&pz=100&po=1&np=1&ut=bd1d9ddb04089700cf9c27f6f7426281&fltt=2&invt=2&wbp2u=%7C0%7C0%7C0%7Cweb&fid=f3&fs=m%3A124%2Cm%3A125%2Cm%3A305&fields=f1%2Cf2%2Cf3%2Cf4%2Cf5%2Cf6%2Cf7%2Cf8%2Cf9%2Cf10%2Cf12%2Cf13%2Cf14%2Cf15%2Cf16%2Cf17%2Cf18%2Cf20%2Cf21%2Cf23%2Cf24%2Cf25%2Cf26%2Cf22%2Cf33%2Cf11%2Cf62%2Cf128%2Cf136%2Cf115%2Cf152 (Caused by ProxyError('Unable to connect to proxy', RemoteDisconnected('Remote end closed connection without response')))
15:48:52 [DEBUG] urllib3.connectionpool: Starting new HTTPS connection (1): 15.push2.eastmoney.com:443
15:48:54 [DEBUG] urllib3.connectionpool: Starting new HTTPS connection (1): 15.push2.eastmoney.com:443
15:48:57 [DEBUG] urllib3.connectionpool: Starting new HTTPS connection (1): 15.push2.eastmoney.com:443
15:48:57 [WARNING] fetcher:   HK指数 恒生国企 失败: HTTPSConnectionPool(host='15.push2.eastmoney.com', port=443): Max retries exceeded with url: /api/qt/clist/get?pn=1&pz=100&po=1&np=1&ut=bd1d9ddb04089700cf9c27f6f7426281&fltt=2&invt=2&wbp2u=%7C0%7C0%7C0%7Cweb&fid=f3&fs=m%3A124%2Cm%3A125%2Cm%3A305&fields=f1%2Cf2%2Cf3%2Cf4%2Cf5%2Cf6%2Cf7%2Cf8%2Cf9%2Cf10%2Cf12%2Cf13%2Cf14%2Cf15%2Cf16%2Cf17%2Cf18%2Cf20%2Cf21%2Cf23%2Cf24%2Cf25%2Cf26%2Cf22%2Cf33%2Cf11%2Cf62%2Cf128%2Cf136%2Cf115%2Cf152 (Caused by ProxyError('Unable to connect to proxy', RemoteDisconnected('Remote end closed connection without response')))
15:49:00 [DEBUG] urllib3.connectionpool: Starting new HTTPS connection (1): 15.push2.eastmoney.com:443
15:49:03 [DEBUG] urllib3.connectionpool: Starting new HTTPS connection (1): 15.push2.eastmoney.com:443
15:49:06 [DEBUG] urllib3.connectionpool: Starting new HTTPS connection (1): 15.push2.eastmoney.com:443
15:49:06 [WARNING] fetcher:   HK指数 恒生科技 失败: HTTPSConnectionPool(host='15.push2.eastmoney.com', port=443): Max retries exceeded with url: /api/qt/clist/get?pn=1&pz=100&po=1&np=1&ut=bd1d9ddb04089700cf9c27f6f7426281&fltt=2&invt=2&wbp2u=%7C0%7C0%7C0%7Cweb&fid=f3&fs=m%3A124%2Cm%3A125%2Cm%3A305&fields=f1%2Cf2%2Cf3%2Cf4%2Cf5%2Cf6%2Cf7%2Cf8%2Cf9%2Cf10%2Cf12%2Cf13%2Cf14%2Cf15%2Cf16%2Cf17%2Cf18%2Cf20%2Cf21%2Cf23%2Cf24%2Cf25%2Cf26%2Cf22%2Cf33%2Cf11%2Cf62%2Cf128%2Cf136%2Cf115%2Cf152 (Caused by ProxyError('Unable to connect to proxy', RemoteDisconnected('Remote end closed connection without response')))
15:49:08 [WARNING] fetcher:   US指数 道琼斯工业 失败: module 'akshare' has no attribute 'index_investing_global_hist'
15:49:10 [WARNING] fetcher:   US指数 纳斯达克 失败: module 'akshare' has no attribute 'index_investing_global_hist'
15:49:12 [WARNING] fetcher:   US指数 标普500 失败: module 'akshare' has no attribute 'index_investing_global_hist'
15:49:12 [INFO] fetcher: ============================================================
15:49:12 [INFO] fetcher: 数据抓取完成！
15:49:12 [INFO] __main__: 
──────────────────────────────────────────────────
15:49:12 [INFO] __main__: [Step 2/4] 数据存储（SQLite）
15:49:12 [INFO] __main__: ──────────────────────────────────────────────────
15:49:12 [INFO] storage: 开始写入数据库...
15:49:14 [INFO] storage:   保存 etf_daily: 19513 行
15:49:14 [INFO] storage: 数据库写入完成。
15:49:14 [INFO] __main__: 
──────────────────────────────────────────────────
15:49:14 [INFO] __main__: [Step 3/4] 图表生成（matplotlib）
15:49:14 [INFO] __main__: ──────────────────────────────────────────────────
15:49:14 [INFO] charts: [图表1] 指数总览...
15:49:14 [INFO] charts: [图表2] 大小盘轮动...
15:49:14 [WARNING] charts: 大小盘轮动：缺少指数数据
15:49:14 [INFO] charts: [图表3] ETF净流入...
15:49:14 [INFO] charts: [图表4] 行业热力图...
15:49:14 [INFO] charts: [图表5] 成长/价值轮动...
15:49:14 [INFO] charts: [图表6] A股成交额...
15:49:14 [INFO] charts: [图表7] 南华商品指数...
15:49:14 [INFO] charts: [图表8] 黄金原油...
15:49:14 [INFO] charts: [图表9] AH溢价...
15:49:14 [INFO] charts: [图表10] 南向资金...
15:49:14 [INFO] charts: [图表11] 融资余额...
15:49:14 [INFO] charts: [图表12] 可转债...
15:49:14 [INFO] charts: [图表13] 房地产高频...
15:49:14 [INFO] __main__: 共生成 0 张图表
15:49:14 [INFO] __main__: 
──────────────────────────────────────────────────
15:49:14 [INFO] __main__: [Step 4/4] HTML 报告生成
15:49:14 [INFO] __main__: ──────────────────────────────────────────────────
15:49:14 [INFO] report_generator: HTML报告已生成: output/reports/market_report_20260514.html
15:49:14 [INFO] __main__: ════════════════════════════════════════════════════════════
15:49:14 [INFO] __main__:   ✅ 市场跟踪周报生成完毕
15:49:14 [INFO] __main__: ════════════════════════════════════════════════════════════
15:49:14 [INFO] __main__:   数据概况：指数0只 | ETF7只 | 行业0个 | 海外0个
15:49:14 [INFO] __main__:   图表数量：0 张 → output/charts/
15:49:14 [INFO] __main__:   HTML报告：output/reports/market_report_20260514.html  (5 KB)
15:49:14 [INFO] __main__:   总耗时  ：265.0 秒
15:49:14 [INFO] __main__: ════════════════════════════════════════════════════════════
